"202006";"30001";"0301";"Příjem dávky  přecenění";26.06.2020;"";"";"";"";" ";""
"202006";"60003";"0221";"Velkoobchod Ostrava";27.06.2020;"   9";"";"";"92692";" ";""
"202006";"60004";"0221";"Velkoobchod Ostrava";27.06.2020;"   9";"";"";"92693";" ";""
"202006";"60005";"0221";"Velkoobchod Ostrava";27.06.2020;"   9";"";"";"92694";" ";""
"202006";"60010";"0221";"Velkoobchod Ostrava";27.06.2020;"   9";"";"";"92699";" ";""
"202006";"60018";"0221";"Velkoobchod Ostrava";27.06.2020;"   9";"";"";"92711";" ";""
"202006";"60021";"0221";"Velkoobchod Ostrava";27.06.2020;"   9";"";"";"92707";" ";""
"202006";"60024";"0221";"Velkoobchod Ostrava";29.06.2020;"   9";"";"";"92715";" ";""
"202006";"60025";"0520";"Stavba";29.06.2020;"  88";"";"";"";"X";""
"202006";"60023";"0520";"Prodejna Hradec Králové";29.06.2020;"   8";"";"";"";"X";""
"202007";"10007";"0502";"LATOP spol. s r.o.";01.07.2020;"  45022747";"   0";"40000006";"";"X";""
"202007";"10011";"0502";"B+D Litoměřice";01.07.2020;"  72613556";"   0";"40000007";"";"X";""
"202006";"60022";"0520";"Prodejna Otrokovice";29.06.2020;"   3";"";"";"";"X";""
"202006";"10013";"0502";"ESMAT s.r.o.";29.06.2020;"  29312701";"   0";"40000001";"";"X";""
"202007";"10014";"0502";"HABAKUK s.r.o.";01.07.2020;"  05502471";"   0";"40000008";"";"X";""
"202006";"55002";"0202";"Cersanit sanita";29.06.2020;"640001666";"";"";"H158938";"A";""
"202006";"55003";"0202";"Cersanit sanita";29.06.2020;"640001666";"";"";"H158726";"A";""
"202006";"55004";"0202";"Cersanit sanita";29.06.2020;"640001666";"";"";"H158964";"A";""
"202006";"60030";"0520";"Prodejna Valašské Meziříčí";29.06.2020;"   7";"";"";"";"X";""
"202006";"55005";"0202";"Cersanit sanita";29.06.2020;"640001666";"";"";"H156531";"A";""
"202006";"60031";"0520";"Prodejna Prostějov";29.06.2020;"   5";"";"";"";"X";""
"202007";"10005";"0502";"KLZ-Mladá Boleslav";01.07.2020;"  26193159";"   0";"40000005";"";"X";""
"202006";"10016";"0502";"Jurcaga 2";29.06.2020;"  29201241";" 001";"40000004";"";"X";""
"202006";"10017";"0502";"BAUMAT - PLUS";29.06.2020;"  25324187";"   0";"40000003";"";"X";""
"202006";"10018";"0502";"BERNOLD s.r.o.";29.06.2020;"  26878496";"   0";"40000002";"";"X";""
"202006";"55006";"0202";"Cersanit sanita";29.06.2020;"640001666";"";"";"H158502";"A";""
"202006";"60028";"0520";"Prodejna Ostrava";29.06.2020;"   4";"";"";"";"X";""
"202006";"60026";"0520";"Prodejna Teplice";29.06.2020;"   6";"";"";"";"X";""
"202006";"60038";"0221";"Velkoobchod Ostrava";30.06.2020;"   9";"";"";"92734";" ";""
"202006";"55007";"0202";"Cersanit sanita";30.06.2020;"640001666";"";"";"H159113";"A";""
"202007";"10024";"0502";"Loudin - realizace";01.07.2020;"  03672255";"   0";"40000009";"";"X";""
"202007";"60029";"0520";"Prodejna Olomouc";01.07.2020;"   2";"";"";"";"X";""
"202007";"10015";"0502";"STAMI-Přerov";01.07.2020;"  26849216";"   2";"40000016";"";"X";""
"202006";"60032";"0520";"Prodejna Hradec Králové";29.06.2020;"   8";"";"";"";"X";""
"202006";"60006";"0221";"Velkoobchod Ostrava";27.06.2020;"   9";"";"";"92695";" ";""
"202006";"60039";"0521";"Velkoobchod Ostrava";30.06.2020;"   9";"";"";"";"X";""
"202006";"60009";"0221";"Velkoobchod Ostrava";27.06.2020;"   9";"";"";"92698";" ";""
"202006";"60011";"0221";"Velkoobchod Ostrava";27.06.2020;"   9";"";"";"92700";" ";""
"202006";"60012";"0221";"Velkoobchod Ostrava";27.06.2020;"   9";"";"";"92701";" ";""
"202006";"60013";"0221";"Velkoobchod Ostrava";27.06.2020;"   9";"";"";"92702";" ";""
"202006";"60019";"0221";"Velkoobchod Ostrava";27.06.2020;"   9";"";"";"92705";" ";""
"202006";"60016";"0221";"Velkoobchod Ostrava";27.06.2020;"   9";"";"";"92709";" ";""
"202006";"60017";"0221";"Velkoobchod Ostrava";27.06.2020;"   9";"";"";"92710";" ";""
"202006";"60014";"0221";"Velkoobchod Ostrava";27.06.2020;"   9";"";"";"92703";" ";""
"202006";"60015";"0221";"Velkoobchod Ostrava";27.06.2020;"   9";"";"";"92708";" ";""
"202006";"60007";"0221";"Velkoobchod Ostrava";27.06.2020;"   9";"";"";"92696";" ";""
"202006";"60020";"0221";"Velkoobchod Ostrava";27.06.2020;"   9";"";"";"92706";" ";""
"202006";"55008";"0202";"Drevojas";30.06.2020;"0042193940";"";"";"204226674";"A";""
"202006";"60008";"0221";"Velkoobchod Ostrava";27.06.2020;"   9";"";"";"92697";" ";""
"202006";"70001";"0835";"převod vzorky-zboží";30.06.2020;"";"";"";"";" ";""
"202006";"70002";"0735";"převod vzorky-zboží";30.06.2020;"";"";"";"";" ";""
"202007";"10035";"0502";"BERNOLD s.r.o.";01.07.2020;"  26878496";"   0";"40000020";"";"X";""
"202007";"60040";"0520";"Stavba";01.07.2020;"  88";"";"";"";"X";""
"202006";"60041";"0520";"Stavba";30.06.2020;"  88";"";"";"";"X";""
"202007";"60042";"0520";"Stavba";01.07.2020;"  88";"";"";"";"X";""
"202007";"10036";"0502";"BERNOLD s.r.o.";01.07.2020;"  26878496";"   0";"40000020";"";"X";""
"202007";"60043";"0520";"Stavba";01.07.2020;"  88";"";"";"";"X";""
"202006";"60045";"0521";"Velkoobchod Ostrava";30.06.2020;"   9";"";"";"";"X";""
"202007";"60046";"0520";"Prodejna Teplice";01.07.2020;"   6";"";"";"";"X";""
"202006";"10037";"0001";" Cenové rozdíly v NákC";30.06.2020;"";"";"";"";" ";""
"202007";"10038";"0502";"HB servis, s.r.o.";01.07.2020;"  25877984";"   0";"40000021";"";"X";""
"202007";"10012";"0502";"TOP KOUPELNY";01.07.2020;"  27832074";"   0";"40000037";"";"X";""
"202007";"10020";"0502";"JAHLA - Jakub Hlaváč";01.07.2020;"  75284464";"   0";"40000058";"";"X";""
"202007";"60047";"0521";"Velkoobchod Ostrava";01.07.2020;"   9";"";"";"";"X";""
"202007";"60033";"0520";"Prodejna Ostrava";01.07.2020;"   4";"";"";"";"X";""
"202007";"60050";"0520";"Stavba";01.07.2020;"  88";"";"";"";"X";""
"202007";"10027";"0502";"KOUPELNY FRÝDEK";01.07.2020;"  07011628";"   0";"40000018";"";"X";""
"202007";"60048";"0520";"Prodejna Olomouc";01.07.2020;"   2";"";"";"";"X";""
"202007";"60034";"0520";"Prodejna Ostrava";01.07.2020;"   4";"";"";"";"X";""
"202007";"55011";"0202";"TEiKO spol. s r.o.";02.07.2020;"  44004770";"";"";"720112077";"A";""
"202007";"55012";"0202";"TEiKO spol. s r.o.";02.07.2020;"  44004770";"";"";"720112076";"A";""
"202007";"60037";"0520";"Prodejna Prostějov";01.07.2020;"   5";"";"";"";"X";""
"202007";"60052";"0520";"Prodejna Valašské Meziříčí";02.07.2020;"   7";"";"";"";"X";""
"202007";"60053";"0521";"Velkoobchod Ostrava";02.07.2020;"   9";"";"";"";"X";""
"202007";"60054";"0221";"Velkoobchod Ostrava";02.07.2020;"   9";"";"";"92771";" ";""
"202007";"55009";"0202";"Zehnder group";02.07.2020;"  24262200";"5917";"";"9020979990";"A";""
"202007";"55010";"0202";"LAUFEN";02.07.2020;"  25758691";"";"";"1390225591";"A";""
"202007";"60049";"0520";"Prodejna Ostrava";01.07.2020;"   4";"";"";"";"X";""
"202007";"10006";"0502";"KONRAD KERAMIKA";01.07.2020;"  02435942";"   0";"40000010";"";"X";""
"202007";"10009";"0502";"KONRAD KERAMIKA";01.07.2020;"  02435942";"   0";"40000010";"";"X";""
"202007";"10010";"0502";"KONRAD KERAMIKA";01.07.2020;"  02435942";"   0";"40000010";"";"X";""
"202007";"10048";"0502";"TM STAV";01.07.2020;"  48399477";"   3";"40000023";"";"X";""
"202007";"10045";"0502";"STAMI-Hranice";01.07.2020;"  26849216";"   1";"40000022";"";"X";""
"202007";"60035";"0520";"Prodejna Sumperk";01.07.2020;"   1";"";"";"";"X";""
"202007";"55014";"0202";"Drevojas";03.07.2020;"0042193940";"";"";"201036122";"A";""
"202007";"55013";"0202";"Drevojas";03.07.2020;"0042193940";"";"";"201036121";"A";""
"202007";"60036";"0520";"Prodejna Otrokovice";01.07.2020;"   3";"";"";"";"X";""
"202007";"10054";"0502";"ITH-Hons Tomáš Ing.";02.07.2020;"  63686112";"   2";"40000024";"";"X";""
"202007";"60058";"0521";"Velkoobchod Ostrava";03.07.2020;"   9";"";"";"";"X";"60548"
"202007";"10019";"0502";"Uhlíř-Obklady Dlažba";01.07.2020;"  48855316";" 002";"40000012";"";"X";""
"202007";"10025";"0502";"MAKA THERM-B.PROBRNO";01.07.2020;"  26025051";" 001";"40000013";"";"X";""
"202007";"10026";"0502";"KERAMA s.r.o.";01.07.2020;"  63486806";"   0";"40000014";"";"X";""
"202007";"10039";"0502";"KERAMA s.r.o.";01.07.2020;"  63486806";"   0";"40000015";"";"X";""
"202007";"10004";"0502";"PRO-DOMA - Znojmo";01.07.2020;"  24235920";" 001";"40000011";"";"X";""
"202007";"60056";"0520";"Prodejna Olomouc";02.07.2020;"   2";"";"";"";"X";""
"202007";"60060";"0520";"Prodejna Otrokovice";07.07.2020;"   3";"";"";"";"X";""
"202007";"60061";"0520";"Prodejna Otrokovice";07.07.2020;"   3";"";"";"";"X";""
"202007";"60059";"0520";"Prodejna Prostějov";07.07.2020;"   5";"";"";"";"X";""
"202007";"10023";"0502";"HOLLESCH";01.07.2020;"  07761945";"   0";"40000017";"";"X";""
"202007";"10030";"0502";"STAMI-Hranice";01.07.2020;"  26849216";"   1";"40000019";"";"X";""
"202007";"10031";"0502";"STAMI-Hranice";01.07.2020;"  26849216";"   1";"40000019";"";"X";""
"202007";"10032";"0502";"STAMI-Hranice";01.07.2020;"  26849216";"   1";"40000019";"";"X";""
"202007";"10033";"0502";"STAMI-Hranice";01.07.2020;"  26849216";"   1";"40000019";"";"X";""
"202007";"10034";"0502";"STAMI-Hranice";01.07.2020;"  26849216";"   1";"40000019";"";"X";""
"202007";"10062";"0502";"KRIZ - Kříž Josef";07.07.2020;"  11326956";"   0";"40000034";"";"X";""
"202007";"10057";"0502";"STAMI-Hranice";07.07.2020;"  26849216";"   1";"40000039";"";"X";""
"202007";"55016";"0202";"Cersanit sanita";07.07.2020;"640001666";"";"";"H159614";"A";""
"202007";"10046";"0502";"KOUPELNY FRÝDEK";01.07.2020;"  07011628";"   0";"40000038";"";"X";""
"202007";"10063";"0502";"B+D Litoměřice";07.07.2020;"  72613556";"   0";"40000035";"";"X";""
"202007";"10044";"0502";"BAUMAT - PLUS";01.07.2020;"  25324187";"   0";"40000060";"";"X";""
"202007";"10064";"0502";"BERNOLD s.r.o.";07.07.2020;"  26878496";"   0";"40000036";"";"X";""
"202007";"60051";"0520";"Prodejna Teplice";07.07.2020;"   6";"";"";"";"X";""
"202007";"60055";"0520";"Prodejna Ostrava";02.07.2020;"   4";"";"";"";"X";""
"202007";"60065";"0520";"Prodejna Ostrava";07.07.2020;"   4";"";"";"";"X";""
"202007";"55015";"0202";"Cersanit sanita";07.07.2020;"640001666";"";"";"H159341";"A";""
"202007";"55017";"0202";"Cersanit sanita";07.07.2020;"640001666";"";"";"H159412";"A";""
"202007";"10065";"0502";"HOLLESCH";07.07.2020;"  07761945";"   0";"40000042";"";"X";""
"202007";"70003";"0735";"zapomenutý vzorek";07.07.2020;"";"";"";"";" ";""
"202007";"70004";"0835";"zapomenutý vzorek";07.07.2020;"";"";"";"";" ";""
"202007";"60027";"0520";"Prodejna Hradec Králové";07.07.2020;"   8";"";"";"";"X";""
"202007";"60063";"0520";"Prodejna Ostrava";07.07.2020;"   4";"";"";"";"X";""
"202007";"60069";"0520";"Prodejna Ostrava";08.07.2020;"   4";"";"";"";"X";""
"202007";"10066";"0502";"JEDLICKA";07.07.2020;"  05882966";"   0";"40000043";"";"X";""
"202007";"55018";"0202";"Drevojas";08.07.2020;"0042193940";"";"";"201036226";"A";""
"202007";"55019";"0202";"Zehnder group";08.07.2020;"  24262200";"5917";"";"9020981369";"A";""
"202007";"60067";"0520";"Prodejna Sumperk";09.07.2020;"   1";"";"";"";"X";""
"202007";"60070";"0520";"Prodejna Ostrava";08.07.2020;"   4";"";"";"";"X";""
"202007";"60066";"0520";"Prodejna Prostějov";09.07.2020;"   5";"";"";"";"X";""
"202007";"10002";"0502";"DEGAST - GEDOS";03.07.2020;"  27817717";"   2";"40000025";"";"X";""
"202007";"10003";"0502";"Stavmont-Jan Beneš";03.07.2020;"  40282295";" 001";"40000026";"";"X";""
"202007";"10047";"0502";"KERAMA s.r.o.";03.07.2020;"  63486806";"   0";"40000028";"";"X";""
"202007";"10042";"0502";"DUDA-koupelny,s.r.o.";03.07.2020;"  27407896";"0001";"40000027";"";"X";""
"202007";"10050";"0502";"Jurcaga 2";03.07.2020;"  29201241";" 001";"40000029";"";"X";""
"202007";"10052";"0502";"PRO-DOMA - Znojmo";03.07.2020;"  24235920";" 001";"40000030";"";"X";""
"202007";"10056";"0502";"MAKA THERM-ČB";02.07.2020;"  26025051";" 002";"40000031";"";"X";""
"202007";"10069";"0502";"PRO-DOMA - Znojmo";07.07.2020;"  24235920";" 001";"40000032";"";"X";""
"202007";"10049";"0502";"KONRAD KERAMIKA";01.07.2020;"  02435942";"   0";"40000033";"";"X";""
"202007";"10071";"0502";"ALCAPLAST-Břeclav";07.07.2020;"  25655809";"   0";"40000044";"";"X";""
"202007";"60062";"0520";"Prodejna Olomouc";07.07.2020;"   2";"";"";"";"X";""
"202007";"60079";"0521";"Velkoobchod Ostrava";10.07.2020;"   9";"";"";"";"X";""
"202007";"10059";"0502";"KK stavoinvesta";07.07.2020;"  46966218";"   0";"40000040";"";"X";""
"202007";"60075";"0520";"Prodejna Teplice";09.07.2020;"   6";"";"";"";"X";""
"202007";"10051";"0502";"Teko";03.07.2020;"  46982141";" 001";"40000065";"";"X";""
"202007";"55020";"0202";"Cersanit sanita";10.07.2020;"640001666";"";"";"H159722";"A";""
"202007";"55021";"0202";"Cersanit sanita";10.07.2020;"640001666";"";"";"H159775";"A";""
"202007";"55022";"0202";"DC RAVAK MORAVA, a.s";10.07.2020;"  25853155";"";"";"1202003611";"A";""
"202007";"10072";"0502";"KOUPELNY FRÝDEK";07.07.2020;"  07011628";"   0";"40000046";"";"X";""
"202007";"10053";"0502";"MAKA THERM-B.PROBRNO";02.07.2020;"  26025051";" 001";"40000066";"";"X";""
"202007";"10077";"0502";"KERAMA s.r.o.";08.07.2020;"  63486806";"   0";"40000076";"";"X";""
"202007";"60074";"0520";"Prodejna Ostrava";09.07.2020;"   4";"";"";"";"X";""
"202007";"60076";"0520";"Prodejna Otrokovice";13.07.2020;"   3";"";"";"";"X";""
"202007";"10073";"0502";"HABAKUK s.r.o.";07.07.2020;"  05502471";"   0";"40000045";"";"X";""
"202007";"60080";"0520";"Prodejna Teplice";13.07.2020;"   6";"";"";"";"X";""
"202007";"60072";"0520";"Prodejna Hradec Králové";13.07.2020;"   8";"";"";"";"X";""
"202007";"60077";"0520";"Prodejna Valašské Meziříčí";13.07.2020;"   7";"";"";"";"X";""
"202007";"10075";"0502";"RM centrum Hostinné";07.07.2020;"  25294661";"   0";"40000053";"";"X";""
"202007";"60064";"0520";"Prodejna Olomouc";07.07.2020;"   2";"";"";"";"X";""
"202007";"10055";"0502";"Jurcaga 2";02.07.2020;"  29201241";" 001";"40000067";"";"X";""
"202007";"60084";"0221";"Velkoobchod Ostrava";13.07.2020;"   9";"";"";"92826";" ";""
"202007";"55023";"0202";"Cersanit sanita";13.07.2020;"640001666";"";"";"H159778";"A";""
"202007";"60073";"0520";"Prodejna Ostrava";09.07.2020;"   4";"";"";"";"X";""
"202007";"10041";"0502";"OBKLADSTYL";01.07.2020;"  12907588";"   0";"40000051";"";"X";""
"202007";"60091";"0521";"Velkoobchod Ostrava";14.07.2020;"   9";"";"";"";"X";""
"202007";"10081";"0502";"LEVEL 02, a.s.";13.07.2020;"  26929708";"   0";"40000054";"";"X";""
"202007";"60092";"0521";"Velkoobchod Ostrava";14.07.2020;"   9";"";"";"";"X";""
"202007";"60071";"0520";"Prodejna Ostrava";08.07.2020;"   4";"";"";"";"X";""
"202007";"10086";"0502";"Zeman";14.07.2020;"  26225166";" 001";"40000064";"";"X";""
"202007";"10061";"0502";"KLZ-Mladá Boleslav";07.07.2020;"  26193159";"   0";"40000052";"";"X";""
"202007";"60083";"0520";"Prodejna Prostějov";13.07.2020;"   5";"";"";"";"X";""
"202007";"10060";"0502";"KONRAD KERAMIKA";07.07.2020;"  02435942";"   0";"40000041";"";"X";""
"202007";"10082";"0502";"HOLLESCH";13.07.2020;"  07761945";"   0";"40000048";"";"X";""
"202007";"55024";"0202";"LAUFEN";15.07.2020;"  25758691";"";"";"1390227667";"A";""
"202007";"55025";"0202";"LAUFEN";15.07.2020;"  25758691";"";"";"1390227668";"A";""
"202007";"10083";"0502";"TOP KOUPELNY";13.07.2020;"  27832074";"   0";"40000049";"";"X";""
"202007";"60088";"0520";"Prodejna Olomouc";13.07.2020;"   2";"";"";"";"X";""
"202007";"55026";"0202";"Drevojas";15.07.2020;"0042193940";"";"";"201036431";"A";""
"202007";"55027";"0202";"Drevojas";15.07.2020;"0042193940";"";"";"201036430";"A";""
"202007";"10084";"0502";"DAROS profi s.r.o.";13.07.2020;"  26003767";"   0";"40000055";"";"X";""
"202007";"60082";"0520";"Prodejna Sumperk";16.07.2020;"   1";"";"";"";"X";""
"202007";"60094";"0520";"Prodejna Prostějov";16.07.2020;"   5";"";"";"";"X";""
"202007";"55028";"0202";"TEiKO spol. s r.o.";16.07.2020;"  44004770";"";"";"720112224";"A";""
"202007";"55029";"0202";"TEiKO spol. s r.o.";16.07.2020;"  44004770";"";"";"720112230";"A";""
"202007";"55030";"0202";"DC RAVAK MORAVA, a.s";16.07.2020;"  25853155";"";"";"1202003737";"A";""
"202007";"55031";"0202";"Drevojas";16.07.2020;"0042193940";"";"";"201036338";"A";""
"202007";"60097";"0521";"Velkoobchod Ostrava";16.07.2020;"   9";"";"";"";"X";""
"202007";"60101";"0521";"Velkoobchod Ostrava";16.07.2020;"   9";"";"";"";"X";""
"202007";"10085";"0502";"HOLLESCH";13.07.2020;"  07761945";"   0";"40000048";"";"X";""
"202007";"10078";"0502";"MAKA THERM-B.PROBRNO";08.07.2020;"  26025051";" 001";"40000066";"";"X";""
"202007";"60098";"0520";"Prodejna Sumperk";17.07.2020;"   1";"";"";"";"X";""
"202007";"10095";"0502";"Stavmont-Jan Beneš";17.07.2020;"  40282295";" 001";"40000077";"";"X";""
"202007";"60096";"0520";"Prodejna Ostrava";15.07.2020;"   4";"";"";"";"X";""
"202007";"10091";"0502";"BERNOLD s.r.o.";16.07.2020;"  26878496";"   0";"40000047";"";"X";""
"202007";"10094";"0502";"ITH-Hons Tomáš Ing.";16.07.2020;"  63686112";"   2";"40000056";"";"X";""
"202007";"10079";"0502";"KERAMA s.r.o.";08.07.2020;"  63486806";"   0";"40000076";"";"X";""
"202007";"60087";"0520";"Prodejna Hradec Králové";17.07.2020;"   8";"";"";"";"X";""
"202007";"60090";"0520";"Prodejna Valašské Meziříčí";17.07.2020;"   7";"";"";"";"X";""
"202007";"55032";"0202";"Drevojas";17.07.2020;"0042193940";"";"";"201036265";"A";""
"202007";"55033";"0202";"Drevojas";17.07.2020;"0042193940";"";"";"201036268";"A";""
"202007";"55034";"0202";"Drevojas";17.07.2020;"0042193940";"";"";"201036309";"A";""
"202007";"55035";"0202";"Cersanit sanita";17.07.2020;"640001666";"";"";"H159926";"A";""
"202007";"60100";"0520";"Prodejna Sumperk";17.07.2020;"   1";"";"";"";"X";""
"202007";"60086";"0520";"Prodejna Teplice";17.07.2020;"   6";"";"";"";"X";""
"202007";"10074";"0502";"BERNOLD s.r.o.";07.07.2020;"  26878496";"   0";"40000047";"";"X";""
"202007";"60103";"0520";"Prodejna Ostrava";16.07.2020;"   4";"";"";"";"X";""
"202007";"55036";"0202";"DC RAVAK MORAVA, a.s";20.07.2020;"  25853155";"";"";"1202003784";"A";""
"202007";"60112";"0521";"Velkoobchod Ostrava";20.07.2020;"   9";"";"";"";"X";""
"202007";"10070";"0502";"BERNOLD s.r.o.";07.07.2020;"  26878496";"   0";"40000057";"";"X";""
"202007";"60102";"0520";"Prodejna Olomouc";16.07.2020;"   2";"";"";"";"X";""
"202007";"60089";"0520";"Prodejna Ostrava";13.07.2020;"   4";"";"";"";"X";""
"202007";"10101";"0502";"PRO-DOMA - Znojmo";20.07.2020;"  24235920";" 001";"40000068";"";"X";""
"202007";"10092";"0502";"VACUTEC/Hodonín/";16.07.2020;"  27704203";"   0";"40000070";"";"X";""
"202007";"10008";"0502";"KONRAD KERAMIKA";01.07.2020;"  02435942";"   0";"40000050";"";"X";""
"202007";"55037";"0202";"Drevojas";21.07.2020;"0042193940";"";"";"201036605";"A";""
"202007";"55038";"0202";"Drevojas";21.07.2020;"0042193940";"";"";"201036613";"A";""
"202007";"60099";"0520";"Prodejna Prostějov";22.07.2020;"   5";"";"";"";"X";""
"202007";"60093";"0520";"Prodejna Otrokovice";22.07.2020;"   3";"";"";"";"X";""
"202007";"55039";"0202";"Drevojas";21.07.2020;"0042193940";"";"";"201036669";"A";""
"202007";"10104";"0502";"Zaviška Ivanč";20.07.2020;"  27666735";"   0";"40000078";"";"X";""
"202007";"60104";"0520";"Prodejna Ostrava";16.07.2020;"   4";"";"";"";"X";""
"202007";"55040";"0202";"Drevojas";22.07.2020;"0042193940";"";"";"201036495";"A";""
"202007";"55041";"0202";"LAUFEN";22.07.2020;"  25758691";"";"";"1390228837";"A";""
"202007";"10093";"0502";"VANEK - Horka";16.07.2020;"  26013789";"   2";"40000071";"";"X";""
"202007";"55042";"0202";"Drevojas";22.07.2020;"0042193940";"";"";"201036701";"A";""
"202007";"55043";"0202";"Drevojas";22.07.2020;"0042193940";"";"";"201036696";"A";""
"202007";"55044";"0202";"Cersanit sanita";22.07.2020;"640001666";"";"";"H160138";"A";""
"202007";"10103";"0502";"MAKA THERM-B.PROBRNO";20.07.2020;"  26025051";" 001";"40000066";"";"X";""
"202007";"55045";"0202";"Cersanit sanita";22.07.2020;"640001666";"";"";"H160183";"A";""
"202007";"55046";"0202";"Cersanit sanita";22.07.2020;"640001666";"";"";"H160148";"A";""
"202007";"60123";"0520";"Prodejna Prostějov";22.07.2020;"   5";"";"";"";"X";""
"202007";"60121";"0520";"Prodejna Sumperk";22.07.2020;"   1";"";"";"";"X";""
"202007";"60122";"0520";"Prodejna Otrokovice";22.07.2020;"   3";"";"";"";"X";""
"202007";"10108";"0502";"KERAMA s.r.o.";22.07.2020;"  63486806";"   0";"40000076";"";"X";""
"202007";"10097";"0502";"KRIZ - Kříž Josef";17.07.2020;"  11326956";"   0";"40000062";"";"X";""
"202007";"60107";"0520";"Prodejna Sumperk";22.07.2020;"   1";"";"";"";"X";""
"202007";"10076";"0502";"PRO-DOMA - Znojmo";08.07.2020;"  24235920";" 001";"40000059";"";"X";""
"202007";"60119";"0520";"Prodejna Ostrava";22.07.2020;"   4";"";"";"";"X";""
"202007";"10110";"0502";"PRO-DOMA - Znojmo";22.07.2020;"  24235920";" 001";"40000068";"";"X";""
"202007";"10098";"0502";"KOUPELNY FRÝDEK";17.07.2020;"  07011628";"   0";"40000072";"";"X";""
"202007";"55047";"0202";"DC RAVAK MORAVA, a.s";23.07.2020;"  25853155";"";"";"1202003882";"A";""
"202007";"10099";"0502";"KERASERVIS-Brno";17.07.2020;"  01717171";"   0";"40000063";"";"X";""
"202007";"10116";"0502";"PRO-DOMA - Znojmo";23.07.2020;"  24235920";" 001";"40000068";"";"X";""
"202007";"55049";"0202";"Drevojas";23.07.2020;"0042193940";"";"";"201036740";"A";""
"202007";"55048";"0202";"Zehnder group";23.07.2020;"  24262200";"5917";"";"9020986833";"A";""
"202007";"10119";"0502";"PRO-DOMA - Znojmo";23.07.2020;"  24235920";" 001";"40000079";"";"X";""
"202007";"10058";"0502";"JMG Kúpelne SK";03.07.2020;"  46005587";"  01";"40000061";"";"X";""
"202007";"10100";"0502";"TOP KOUPELNY";17.07.2020;"  27832074";"   0";"40000073";"";"X";""
"202007";"55050";"0202";"TEiKO spol. s r.o.";23.07.2020;"  44004770";"";"";"720112308";"A";""
"202007";"55051";"0202";"TEiKO spol. s r.o.";23.07.2020;"  44004770";"";"";"720112309";"A";""
"202007";"10117";"0502";"Petr Staněk";23.07.2020;"  47983604";"";"40000091";"";"X";""
"202007";"60130";"0521";"Velkoobchod Ostrava";23.07.2020;"   9";"";"";"";"X";""
"202007";"10089";"0502";"PELA CZ - Nový Jičín";14.07.2020;"  25822454";"   1";"40000081";"";"X";""
"202007";"55052";"0202";"Cersanit sanita";24.07.2020;"640001666";"";"";"H160368";"A";""
"202007";"60126";"0520";"Prodejna Prostějov";28.07.2020;"   5";"";"";"";"X";""
"202007";"10090";"0502";"KOZELSKÝ";16.07.2020;"  27778894";"   0";"40000082";"";"X";""
"202007";"55053";"0202";"Cersanit sanita";24.07.2020;"640001666";"";"";"H160316";"A";""
"202007";"10112";"0502";"BERNOLD s.r.o.";23.07.2020;"  26878496";"   0";"40000074";"";"X";""
"202007";"60109";"0520";"Prodejna Valašské Meziříčí";28.07.2020;"   7";"";"";"";"X";""
"202007";"60110";"0520";"Prodejna Hradec Králové";24.07.2020;"   8";"";"";"";"X";""
"202007";"10088";"0502";"KK stavoinvesta";14.07.2020;"  46966218";"   0";"40000069";"";"X";""
"202007";"60108";"0520";"Prodejna Teplice";24.07.2020;"   6";"";"";"";"X";""
"202007";"60127";"0520";"Stavba";24.07.2020;"  88";"";"";"";"X";""
"202008";"60128";"0520";"Stavba";03.08.2020;"  88";"";"";"";"X";""
"202007";"60129";"0520";"Stavba";24.07.2020;"  88";"";"";"";"X";""
"202007";"10114";"0502";"STAMI-Přerov";23.07.2020;"  26849216";"   2";"40000083";"";"X";""
"202007";"10124";"0502";"ADONI Olomouc";24.07.2020;"  25906321";"   0";"40000086";"";"X";""
"202007";"60120";"0520";"Prodejna Ostrava";22.07.2020;"   4";"";"";"";"X";""
"202007";"10115";"0502";"TOP KOUPELNY";23.07.2020;"  27832074";"   0";"40000084";"";"X";""
"202007";"10087";"0502";"KONRAD KERAMIKA";14.07.2020;"  02435942";"   0";"40000075";"";"X";""
"202007";"10106";"0502";"KONRAD KERAMIKA";22.07.2020;"  02435942";"   0";"40000075";"";"X";""
"202007";"10131";"0502";"BERNOLD s.r.o.";27.07.2020;"  26878496";"   0";"40000087";"";"X";""
"202007";"60125";"0520";"Prodejna Otrokovice";28.07.2020;"   3";"";"";"";"X";""
"202007";"60095";"0520";"Prodejna Olomouc";15.07.2020;"   2";"";"";"";"X";""
"202007";"10120";"0502";"CREVET s.r.o.";23.07.2020;"  25845977";"   0";"40000085";"";"X";""
"202007";"60138";"0521";"Velkoobchod Ostrava";24.07.2020;"   9";"";"";"";"X";""
"202007";"55055";"0202";"Cersanit sanita";28.07.2020;"640001666";"";"";"H160515";"A";""
"202007";"55056";"0202";"Cersanit sanita";28.07.2020;"640001666";"";"";"H159531";"A";""
"202007";"55057";"0202";"Cersanit sanita";28.07.2020;"640001666";"";"";"H159533";"A";""
"202007";"60135";"0520";"Prodejna Olomouc";24.07.2020;"   2";"";"";"";"X";""
"202008";"10113";"0502";"BERNOLD s.r.o.";03.08.2020;"  26878496";"   0";"40000096";"";"X";""
"202007";"60124";"0520";"Prodejna Sumperk";29.07.2020;"   1";"";"";"";"X";""
"202007";"60143";"0520";"Prodejna Valašské Meziříčí";29.07.2020;"   7";"";"";"";"X";""
"202008";"10133";"0502";"TOP KOUPELNY";03.08.2020;"  27832074";"   0";"40000097";"";"X";""
"202007";"60141";"0520";"Prodejna Otrokovice";29.07.2020;"   3";"";"";"";"X";""
"202007";"60136";"0520";"Prodejna Ostrava";24.07.2020;"   4";"";"";"";"X";""
"202007";"60148";"0220";"Prodejna Hradec Králové";29.07.2020;"   8";"";"";"8652";"A";""
"202007";"55058";"0202";"Cersanit sanita";28.07.2020;"640001666";"";"";"H159532";"A";""
"202007";"55059";"0202";"Drevojas";29.07.2020;"0042193940";"";"";"201036882";"A";""
"202007";"55060";"0202";"Drevojas";29.07.2020;"0042193940";"";"";"201036883";"A";""
"202007";"30002";"0301";"Příjem dávky  přecenění";29.07.2020;"";"";"";"";" ";""
"202007";"60142";"0520";"Prodejna Prostějov";29.07.2020;"   5";"";"";"";"X";""
"202008";"10146";"0502";"INSTALCENTRUM s.r.o.";03.08.2020;"  25038729";"   0";"40000101";"";"X";""
"202007";"10147";"0502";"KaVe plast,s.r.o.";29.07.2020;"  26228297";"   0";"40000090";"";"X";""
"202008";"10149";"0502";"VF KERAMIKA, s.r.o.";03.08.2020;"  27283399";"   0";"40000102";"";"X";""
"202008";"10143";"0502";"KACHLÍK";03.08.2020;"  29451027";"   0";"40000099";"";"X";""
"202007";"60151";"0520";"Prodejna Otrokovice";30.07.2020;"   3";"";"";"";"X";""
"202008";"10150";"0502";"ROUSAR";03.08.2020;"  60673052";"   0";"40000103";"";"X";""
"202007";"55054";"0202";"Zehnder group";28.07.2020;"  24262200";"5917";"";"9020988366";"A";""
"202007";"60145";"0520";"Prodejna Olomouc";28.07.2020;"   2";"";"";"";"X";""
"202008";"10148";"0502";"KRIZ - Kříž Josef";03.08.2020;"  11326956";"   0";"40000110";"";"X";""
"202008";"10145";"0502";"KODRLA";03.08.2020;"  25547453";"   1";"40000100";"";"X";""
"202008";"10151";"0502";"BARTA BOHUMIR";03.08.2020;"  14554313";"   0";"40000104";"";"X";""
"202007";"60153";"0520";"Prodejna Prostějov";30.07.2020;"   5";"";"";"";"X";""
"202007";"10096";"0502";"VETIM s.r.o.";17.07.2020;"  25253221";"   0";"40000080";"";"X";""
"202007";"99096";"0402";"VETIM s.r.o.";29.07.2020;"  25253221";"   0";"50000001";"";" ";"10096"
"202007";"60150";"0520";"Prodejna Sumperk";30.07.2020;"   1";"";"";"";"X";""
"202007";"10144";"0502";"HOLLESCH";29.07.2020;"  07761945";"   0";"40000089";"";"X";""
"202007";"10132";"0502";"ESMAT s.r.o.";27.07.2020;"  29312701";"   0";"40000088";"";"X";""
"202007";"60155";"0520";"Prodejna Otrokovice";31.07.2020;"   3";"";"";"";"X";""
"202007";"60081";"0220";"Prodejna Ostrava";10.07.2020;"   4";"";"";"4524";"A";""
"202007";"60085";"0220";"Prodejna Ostrava";13.07.2020;"   4";"";"";"4541";"A";""
"202007";"60057";"0220";"Prodejna Ostrava";03.07.2020;"   4";"";"";"4508";"A";"60547"
"202007";"60105";"0220";"Prodejna Ostrava";17.07.2020;"   4";"";"";"4535";"A";""
"202007";"60106";"0220";"Prodejna Ostrava";17.07.2020;"   4";"";"";"4534";"A";""
"202007";"60111";"0220";"Prodejna Ostrava";20.07.2020;"   4";"";"";"4544";"A";""
"202007";"60113";"0220";"Prodejna Ostrava";20.07.2020;"   4";"";"";"4560";"A";""
"202007";"60116";"0220";"Prodejna Ostrava";20.07.2020;"   4";"";"";"4547";"A";""
"202007";"60131";"0220";"Prodejna Ostrava";24.07.2020;"   4";"";"";"4578";"A";""
"202007";"60132";"0220";"Prodejna Ostrava";24.07.2020;"   4";"";"";"4565";"A";""
"202007";"60133";"0220";"Prodejna Ostrava";24.07.2020;"   4";"";"";"4566";"A";""
"202007";"60134";"0220";"Prodejna Ostrava";24.07.2020;"   4";"";"";"4572";"A";""
"202007";"60078";"0220";"Prodejna Prostějov";09.07.2020;"   5";"";"";"5336";"A";""
"202007";"60114";"0220";"Prodejna Hradec Králové";20.07.2020;"   8";"";"";"8606";"A";""
"202007";"55061";"0202";"Drevojas";30.07.2020;"0042193940";"";"";"201036937";"A";""
"202007";"55062";"0202";"TEiKO spol. s r.o.";30.07.2020;"  44004770";"";"";"320003018";"A";""
"202007";"60144";"0521";"Velkoobchod Ostrava";28.07.2020;"   9";"";"";"";"X";""
"202008";"10154";"0502";"PROBYT-Jaroslav Žák";03.08.2020;"  14729423";"   0";"40000111";"";"X";""
"202007";"60068";"0520";"Stavba";08.07.2020;"  88";"";"";"";"X";""
"202007";"60146";"0520";"Prodejna Olomouc";31.07.2020;"   2";"";"";"";"X";""
"202007";"60137";"0520";"Prodejna Ostrava";31.07.2020;"   4";"";"";"";"X";""
"202007";"60157";"0520";"Prodejna Ostrava";31.07.2020;"   4";"";"";"";"X";""
"202007";"60158";"0520";"Prodejna Ostrava";31.07.2020;"   4";"";"";"";"X";""
"202008";"10136";"0502";"Vavex 1990 s.r.o.";03.08.2020;"  26776251";"   0";"40000109";"";"X";""
"202007";"70006";"0755";"na vyhození";31.07.2020;"";"";"";"";"X";""
"202007";"70007";"0751";"chybí";31.07.2020;"";"";"";"";"X";""
"202008";"60160";"0520";"Stavba";03.08.2020;"  88";"";"";"";"X";""
"202008";"60162";"0520";"Stavba";03.08.2020;"  88";"";"";"";"X";""
"202008";"60163";"0520";"Stavba";03.08.2020;"  88";"";"";"";"X";""
"202008";"60164";"0520";"Stavba";03.08.2020;"  88";"";"";"";"X";""
"202008";"60165";"0520";"Stavba";03.08.2020;"  88";"";"";"";"X";""
"202008";"60166";"0520";"Stavba";03.08.2020;"  88";"";"";"";"X";""
"202008";"60167";"0520";"Stavba";03.08.2020;"  88";"";"";"";"X";""
"202008";"60161";"0520";"Stavba";03.08.2020;"  88";"";"";"";"X";""
"202008";"60168";"0520";"Stavba";03.08.2020;"  88";"";"";"";"X";""
"202008";"10155";"0502";"OBKLADSTYL";03.08.2020;"  12907588";"   0";"40000112";"";"X";""
"202007";"10118";"0502";"Petr Staněk";23.07.2020;"  47983604";"";"40000091";"";"X";""
"202007";"10102";"0502";"Stavmont-Jan Beneš";29.07.2020;"  40282295";" 001";"40000092";"";"X";""
"202007";"10109";"0502";"Jurcaga 2";22.07.2020;"  29201241";" 001";"40000093";"";"X";""
"202007";"10125";"0502";"Dipro - Ostrava";27.07.2020;"  25585525";" 001";"40000095";"";"X";""
"202007";"10123";"0502";"DEGAST - GEDOS";24.07.2020;"  27817717";"   2";"40000094";"";"X";""
"202008";"60169";"0521";"Velkoobchod Ostrava";03.08.2020;"   9";"";"";"";"X";""
"202008";"60152";"0520";"Prodejna Valašské Meziříčí";03.08.2020;"   7";"";"";"";"X";""
"202008";"55063";"0202";"Cersanit sanita";03.08.2020;"640001666";"";"";"H160873";"A";""
"202008";"55064";"0202";"Cersanit sanita";03.08.2020;"640001666";"";"";"H160642";"A";""
"202007";"10163";"0001";" Cenové rozdíly v NákC";31.07.2020;"";"";"";"";" ";""
"202007";"30003";"0351";"";31.07.2020;"";"";"";"";" ";""
"202007";"30004";"0352";"";31.07.2020;"";"";"";"";" ";""
"202008";"60170";"0521";"Velkoobchod Ostrava";03.08.2020;"   9";"";"";"";"X";""
"202008";"60140";"0520";"Prodejna Hradec Králové";03.08.2020;"   8";"";"";"";"X";""
"202008";"60159";"0520";"Prodejna Ostrava";03.08.2020;"   4";"";"";"";"X";""
"202008";"10157";"0502";"HOLLESCH";03.08.2020;"  07761945";"   0";"40000122";"";"X";""
"202008";"10158";"0502";"DAROS profi s.r.o.";03.08.2020;"  26003767";"   0";"40000105";"";"X";""
"202008";"60174";"0520";"Stavba";03.08.2020;"  88";"";"";"";"X";""
"202008";"60175";"0520";"Stavba";03.08.2020;"  88";"";"";"";"X";""
"202008";"60176";"0520";"Stavba";03.08.2020;"  88";"";"";"";"X";""
"202008";"60177";"0520";"Stavba";03.08.2020;"  88";"";"";"";"X";""
"202008";"60178";"0520";"Stavba";03.08.2020;"  88";"";"";"";"X";""
"202008";"60179";"0520";"Stavba";03.08.2020;"  88";"";"";"";"X";""
"202008";"60180";"0520";"Stavba";03.08.2020;"  88";"";"";"";"X";""
"202008";"60181";"0520";"Stavba";03.08.2020;"  88";"";"";"";"X";""
"202008";"60147";"0520";"Prodejna Ostrava";03.08.2020;"   4";"";"";"";"X";""
"202008";"10159";"0502";"B+D Litoměřice";03.08.2020;"  72613556";"   0";"40000125";"";"X";""
"202008";"60139";"0520";"Prodejna Teplice";03.08.2020;"   6";"";"";"";"X";""
"202008";"60171";"0520";"Prodejna Olomouc";03.08.2020;"   2";"";"";"";"X";""
"202008";"55065";"0202";"Drevojas";03.08.2020;"0042193940";"";"";"201037034";"A";""
"202008";"10137";"0502";"IR-PROGRES-Nový Jičí";03.08.2020;"  62301977";"   0";"40000120";"";"X";""
"202008";"10140";"0502";"Tradix - Hra.Králové";03.08.2020;"  25531450";" 005";"40000098";"";"X";""
"202008";"10152";"0502";"MPL KAUF spol. s r.o";03.08.2020;"  64615944";"   0";"40000106";"";"X";""
"202008";"60185";"0520";"Prodejna Otrokovice";05.08.2020;"   3";"";"";"";"X";""
"202008";"55066";"0202";"Zehnder group";05.08.2020;"  24262200";"5917";"";"9020990588";"A";""
"202008";"55067";"0202";"Zehnder group";05.08.2020;"  24262200";"5917";"";"9020990587";"A";""
"202008";"10161";"0502";"BERNOLD s.r.o.";03.08.2020;"  26878496";"   0";"40000123";"";"X";""
"202008";"60173";"0520";"Prodejna Ostrava";03.08.2020;"   4";"";"";"";"X";""
"202008";"60190";"0220";"Prodejna Ostrava";05.08.2020;"   4";"";"";"4552";"A";""
"202008";"55068";"0202";"Drevojas";05.08.2020;"0042193940";"";"";"201037116";"A";""
"202008";"10142";"0502";"TOP KOUPELNY";03.08.2020;"  27832074";"   0";"40000121";"";"X";""
"202008";"10164";"0502";"PRO-DOMA - Znojmo";05.08.2020;"  24235920";" 001";"40000113";"";"X";""
"202008";"55069";"0202";"LAUFEN";05.08.2020;"  25758691";"";"";"1390231044";"A";""
"202008";"70009";"0755";"Oprava dokladu č. 70006";05.08.2020;"";"";"";"";"X";""
"202008";"60187";"0520";"Prodejna Ostrava";05.08.2020;"   4";"";"";"";"X";""
"202008";"60183";"0520";"Prodejna Valašské Meziříčí";10.08.2020;"   7";"";"";"";"X";""
"202008";"55070";"0202";"TEiKO spol. s r.o.";06.08.2020;"  44004770";"";"";"720112453";"A";""
"202008";"55071";"0202";"DC RAVAK MORAVA, a.s";06.08.2020;"  25853155";"";"";"1202004051";"A";""
"202008";"10138";"0502";"Vavex 1990 s.r.o.";03.08.2020;"  26776251";"   0";"40000124";"";"X";""
"202008";"10162";"0502";"PROBYT-Jaroslav Žák";03.08.2020;"  14729423";"   0";"40000126";"";"X";""
"202008";"60193";"0221";"Velkoobchod Ostrava";06.08.2020;"   9";"";"";"93125";" ";""
"202008";"60191";"0520";"Prodejna Otrokovice";07.08.2020;"   3";"";"";"";"X";""
"202008";"60194";"0520";"Prodejna Ostrava";06.08.2020;"   4";"";"";"";"X";""
"202008";"60188";"0520";"Prodejna Ostrava";05.08.2020;"   4";"";"";"";"X";""
"202008";"60154";"0520";"Prodejna Sumperk";07.08.2020;"   1";"";"";"";"X";""
"202008";"60156";"0520";"Prodejna Prostějov";07.08.2020;"   5";"";"";"";"X";""
"202008";"10168";"0502";"VANEK - Horka";05.08.2020;"  26013789";"   2";"40000127";"";"X";""
"202008";"10128";"0502";"LD CERAMIC";03.08.2020;"  12900699";"   0";"40000108";"";"X";""
"202008";"10107";"0502";"JAHLA - Jakub Hlaváč";03.08.2020;"  75284464";"   0";"40000107";"";"X";""
"202008";"10121";"0502";"JAHLA - Jakub Hlaváč";03.08.2020;"  75284464";"   0";"40000107";"";"X";""
"202008";"10122";"0502";"JAHLA - Jakub Hlaváč";03.08.2020;"  75284464";"   0";"40000107";"";"X";""
"202008";"10080";"0502";"KERAMA s.r.o.";03.08.2020;"  63486806";"   0";"40000114";"";"X";""
"202008";"10127";"0502";"MAKA THERM-B.PROBRNO";03.08.2020;"  26025051";" 001";"40000115";"";"X";""
"202008";"10129";"0502";"KERAMA s.r.o.";03.08.2020;"  63486806";"   0";"40000116";"";"X";""
"202008";"10130";"0502";"Elefant, DC s.r.o.";03.08.2020;"  27306372";"   0";"40000117";"";"X";""
"202008";"10141";"0502";"Jurcaga 2";03.08.2020;"  29201241";" 001";"40000118";"";"X";""
"202008";"60198";"0521";"Velkoobchod Ostrava";07.08.2020;"   9";"";"";"";"X";""
"202008";"60199";"0220";"Prodejna Ostrava";07.08.2020;"   4";"";"";"4623";"A";""
"202008";"55072";"0202";"Drevojas";07.08.2020;"0042193940";"";"";"201037141";"A";""
"202008";"10167";"0502";"PRO-DOMA - Znojmo";05.08.2020;"  24235920";" 001";"40000135";"";"X";""
"202008";"10160";"0502";"SELM MORAVA s.r.o.";03.08.2020;"  25356968";"   0";"40000131";"";"X";""
"202008";"10135";"0502";"3D OBKLADY-Stibalová";03.08.2020;"  69240736";"   0";"40000119";"";"X";""
"202008";"60195";"0520";"Prodejna Sumperk";10.08.2020;"   1";"";"";"";"X";""
"202008";"60182";"0520";"Prodejna Teplice";10.08.2020;"   6";"";"";"";"X";""
"202008";"55075";"0202";"Cersanit sanita";10.08.2020;"640001666";"";"";"H161185";"A";""
"202008";"55076";"0202";"Cersanit sanita";10.08.2020;"640001666";"";"";"H161187";"A";""
"202008";"60184";"0520";"Prodejna Hradec Králové";10.08.2020;"   8";"";"";"";"X";""
"202008";"10153";"0502";"Petr Lipowski-KACH";03.08.2020;"  73966584";"   0";"40000148";"";"X";""
"202008";"55077";"0202";"DC RAVAK MORAVA, a.s";10.08.2020;"  25853155";"";"";"1202004178";"A";""
"202008";"90090";"0402";"KOZELSKÝ";10.08.2020;"  27778894";"   0";"50000002";"";" ";"10090"
"202008";"10189";"0502";"PRO-DOMA - Znojmo";10.08.2020;"  24235920";" 001";"40000135";"";"X";""
"202008";"10190";"0502";"PROGRESS Blansko";10.08.2020;"  60704250";"   0";"40000134";"";"X";""
"202008";"60208";"0220";"Prodejna Ostrava";11.08.2020;"   4";"";"";"4630";"A";""
"202008";"60192";"0220";"Prodejna Ostrava";06.08.2020;"   4";"";"";"4616";"A";""
"202008";"10179";"0502";"KONRAD KERAMIKA";06.08.2020;"  02435942";"   0";"40000129";"";"X";""
"202008";"10170";"0502";"HOLLESCH";05.08.2020;"  07761945";"   0";"40000132";"";"X";""
"202008";"10176";"0502";"TOP KOUPELNY-STAVBA";06.08.2020;"  27832074";"   2";"40000130";"";"X";""
"202008";"55073";"0202";"Cersanit sanita";10.08.2020;"640001666";"";"";"H160689";"A";""
"202008";"55078";"0202";"Drevojas";11.08.2020;"0042193940";"";"";"201037249";"A";""
"202008";"55074";"0202";"Drevojas";10.08.2020;"0042193940";"";"";"204228214";"A";""
"202008";"10182";"0502";"KACHLÍK";07.08.2020;"  29451027";"   0";"40000179";"";"X";""
"202008";"60189";"0520";"Prodejna Ostrava";07.08.2020;"   4";"";"";"";"X";""
"202008";"60209";"0220";"Prodejna Ostrava";11.08.2020;"   4";"";"";"4632";"A";""
"202008";"60172";"0520";"Prodejna Olomouc";07.08.2020;"   2";"";"";"";"X";""
"202008";"60197";"0520";"Prodejna Prostějov";12.08.2020;"   5";"";"";"";"X";""
"202008";"55080";"0202";"Cersanit sanita";12.08.2020;"640001666";"";"";"H161252";"A";""
"202008";"55079";"0202";"Cersanit sanita";12.08.2020;"640001666";"";"";"H161250";"A";""
"202008";"55081";"0202";"Cersanit sanita";12.08.2020;"640001666";"";"";"H161254";"A";""
"202008";"10178";"0502";"KONRAD KERAMIKA";06.08.2020;"  02435942";"   0";"40000152";"";"X";""
"202008";"55082";"0202";"LAUFEN";12.08.2020;"  25758691";"";"";"1390232086";"A";""
"202008";"60207";"0520";"Prodejna Valašské Meziříčí";14.08.2020;"   7";"";"";"";"X";""
"202008";"55083";"0202";"LAUFEN";12.08.2020;"  25758691";"";"";"1390232087";"A";""
"202008";"10180";"0502";"KERASERVIS-Brno";06.08.2020;"  01717171";"   0";"40000133";"";"X";""
"202008";"60206";"0520";"Prodejna Sumperk";12.08.2020;"   1";"";"";"";"X";""
"202008";"60204";"0520";"Stavba";12.08.2020;"  88";"";"";"";"X";""
"202008";"10186";"0502";"KONRAD KERAMIKA";10.08.2020;"  02435942";"   0";"40000152";"";"X";""
"202008";"60216";"0220";"Prodejna Valašské Meziříčí";12.08.2020;"   7";"";"";"7263";"A";""
"202008";"60118";"0521";"Velkoobchod Ostrava";01.08.2020;"   9";"";"";"";"X";""
"202008";"60201";"0520";"Prodejna Ostrava";10.08.2020;"   4";"";"";"";"X";""
"202008";"10171";"0502";"TOP KOUPELNY";05.08.2020;"  27832074";"   0";"40000149";"";"X";""
"202008";"60214";"0520";"Prodejna Sumperk";14.08.2020;"   1";"";"";"";"X";""
"202008";"10191";"0502";"PRO-DOMA - Znojmo";10.08.2020;"  24235920";" 001";"40000135";"";"X";""
"202008";"60196";"0520";"Prodejna Otrokovice";13.08.2020;"   3";"";"";"";"X";""
"202008";"55084";"0202";"RAVAK MORAVA, a.s.";13.08.2020;"  25612492";"";"";"3201174260";"A";""
"202008";"60205";"0520";"Stavba";12.08.2020;"  88";"";"";"";"X";""
"202008";"55086";"0202";"TEiKO spol. s r.o.";13.08.2020;"  44004770";"";"";"720112537";"A";""
"202008";"55087";"0202";"DC RAVAK MORAVA, a.s";13.08.2020;"  25853155";"";"";"1202004276";"A";""
"202008";"55085";"0202";"Drevojas";13.08.2020;"0042193940";"";"";"201037351";"A";""
"202008";"60200";"0520";"Prodejna Olomouc";10.08.2020;"   2";"";"";"";"X";""
"202008";"60210";"0520";"Prodejna Ostrava";12.08.2020;"   4";"";"";"";"X";""
"202008";"10195";"0502";"ITH-Hons Tomáš Ing.";13.08.2020;"  63686112";"   2";"40000145";"";"X";""
"202008";"10134";"0502";"VACUTEC/Hodonín/";03.08.2020;"  27704203";"   0";"40000159";"";"X";""
"202008";"10172";"0502";"AA+STAVEB.- Ostrava";05.08.2020;"  26850559";"   1";"40000150";"";"X";""
"202008";"10196";"0502";"Tradix - Hra.Králové";13.08.2020;"  25531450";" 005";"40000161";"";"X";""
"202008";"10197";"0502";"PRO-DOMA - Znojmo";13.08.2020;"  24235920";" 001";"40000135";"";"X";""
"202008";"10201";"0502";"KK stavoinvesta";13.08.2020;"  46966218";"   0";"40000155";"";"X";""
"202008";"55088";"0202";"Cersanit sanita";13.08.2020;"640001666";"";"";"H158938";"A";""
"202008";"55089";"0202";"Cersanit sanita";13.08.2020;"640001666";"";"";"H158230";"A";""
"202008";"55090";"0202";"Cersanit sanita";13.08.2020;"640001666";"";"";"H158230_";"A";""
"202008";"55091";"0202";"Cersanit sanita";13.08.2020;"640001666";"";"";"H158230__";"A";""
"202008";"55092";"0202";"Cersanit sanita";13.08.2020;"640001666";"";"";"H156178";"A";""
"202008";"55093";"0202";"Cersanit sanita";13.08.2020;"640001666";"";"";"H158726";"A";""
"202008";"55094";"0202";"Cersanit sanita";13.08.2020;"640001666";"";"";"H156948";"A";""
"202008";"55095";"0202";"Cersanit sanita";13.08.2020;"640001666";"";"";"H159412";"A";""
"202008";"55096";"0202";"Cersanit sanita";13.08.2020;"640001666";"";"";"H158938_";"A";""
"202008";"60215";"0520";"Prodejna Prostějov";14.08.2020;"   5";"";"";"";"X";""
"202008";"60217";"0521";"Velkoobchod Ostrava";12.08.2020;"   9";"";"";"";"X";""
"202008";"55097";"0202";"Cersanit sanita";14.08.2020;"640001666";"";"";"H161437";"A";""
"202008";"55098";"0202";"Cersanit sanita";14.08.2020;"640001666";"";"";"H161345";"A";""
"202008";"55099";"0202";"Cersanit sanita";14.08.2020;"640001666";"";"";"H161491";"A";""
"202008";"10205";"0502";"CERO s.r.o.";14.08.2020;"  24309630";"   0";"40000157";"";"X";""
"202008";"10174";"0502";"BERNOLD s.r.o.";05.08.2020;"  26878496";"   0";"40000151";"";"X";""
"202008";"60224";"0521";"Velkoobchod Ostrava";14.08.2020;"   9";"";"";"";"X";""
"202008";"10202";"0502";"RKS - CHRUDIM";13.08.2020;"  25121049";"   9";"40000156";"";"X";""
"202008";"55100";"0202";"DC RAVAK MORAVA, a.s";17.08.2020;"  25853155";"";"";"1202004319";"A";""
"202008";"60222";"0520";"Prodejna Olomouc";14.08.2020;"   2";"";"";"";"X";""
"202008";"10165";"0502";"Elmat Super,s.r.o.";05.08.2020;"  26913577";"   2";"40000136";"";"X";""
"202008";"10166";"0502";"Mihoč";05.08.2020;"  68709145";" 001";"40000137";"";"X";""
"202008";"10177";"0502";"Kestin";06.08.2020;"  60935251";"   0";"40000138";"";"X";""
"202008";"10181";"0502";"MPS TRADE s.r.o.";07.08.2020;"  26857634";"   0";"40000139";"";"X";""
"202008";"10183";"0502";"KERAMA s.r.o.";07.08.2020;"  63486806";"   0";"40000140";"";"X";""
"202008";"10184";"0502";"Jurcaga 2";07.08.2020;"  29201241";" 001";"40000141";"";"X";""
"202008";"10185";"0502";"Stavmont-Jan Beneš";07.08.2020;"  40282295";" 001";"40000142";"";"X";""
"202008";"10192";"0502";"Jurcaga 2";10.08.2020;"  29201241";" 001";"40000143";"";"X";""
"202008";"10194";"0502";"Elefant, DC s.r.o.";13.08.2020;"  27306372";"   0";"40000144";"";"X";""
"202008";"10203";"0502";"IR-PROGRES-Nový Jičí";13.08.2020;"  62301977";"   0";"40000180";"";"X";""
"202008";"60202";"0520";"Prodejna Teplice";14.08.2020;"   6";"";"";"";"X";""
"202008";"60211";"0520";"Prodejna Ostrava";12.08.2020;"   4";"";"";"";"X";""
"202008";"60212";"0520";"Prodejna Ostrava";12.08.2020;"   4";"";"";"";"X";""
"202008";"10206";"0502";"Ivan Adámek";14.08.2020;"  18458068";"";"40000147";"";"X";""
"202008";"55101";"0202";"Drevojas";18.08.2020;"0042193940";"";"";"201037431";"A";""
"202008";"60218";"0520";"Prodejna Otrokovice";14.08.2020;"   3";"";"";"";"X";""
"202009";"10208";"0502";"KOUPELNY FRÝDEK";01.09.2020;"  07011628";"   0";"40000228";"";"X";""
"202008";"10209";"0502";"KOUPELNY FRÝDEK";17.08.2020;"  07011628";"   0";"40000158";"";"X";""
"202008";"10198";"0502";"PRO-DOMA - Znojmo";13.08.2020;"  24235920";" 001";"40000163";"";"X";""
"202008";"10214";"0502";"Triv interiér s.r.o.";18.08.2020;"  03199843";"";"40000146";"";"X";""
"202008";"10210";"0502";"KASARNA";17.08.2020;"  29276721";"   1";"40000162";"";"X";""
"202008";"10187";"0502";"TEXEVO s.r.o.";10.08.2020;"  25953699";"   0";"40000153";"";"X";""
"202008";"10188";"0502";"MARES Stanislav";10.08.2020;"  11428660";"   0";"40000154";"";"X";""
"202008";"55102";"0202";"Cersanit sanita";19.08.2020;"640001666";"";"";"H161599";"A";""
"202008";"10211";"0502";"STAMI-Bystřice";17.08.2020;"  26849216";"   3";"40000181";"";"X";""
"202008";"10217";"0502";"KERASERVIS-Brno";19.08.2020;"  01717171";"   0";"40000182";"";"X";""
"202008";"60221";"0520";"Prodejna Olomouc";14.08.2020;"   2";"";"";"";"X";""
"202008";"60220";"0520";"Prodejna Prostějov";14.08.2020;"   5";"";"";"";"X";""
"202008";"60213";"0520";"Prodejna Prostějov";14.08.2020;"   5";"";"";"";"X";""
"202008";"10213";"0502";"PRO-DOMA - Znojmo";17.08.2020;"  24235920";" 001";"40000163";"";"X";""
"202008";"10207";"0502";"BERNOLD s.r.o.";17.08.2020;"  26878496";"   0";"40000164";"";"X";""
"202008";"55104";"0202";"LAUFEN";19.08.2020;"  25758691";"";"";"1390233056";"A";""
"202008";"55103";"0202";"LAUFEN";19.08.2020;"  25758691";"";"";"1390233055";"A";""
"202008";"10204";"0502";"HOLLESCH";14.08.2020;"  07761945";"   0";"40000165";"";"X";""
"202008";"10216";"0502";"KONRAD KERAMIKA";18.08.2020;"  02435942";"   0";"40000167";"";"X";""
"202008";"55105";"0202";"Drevojas";19.08.2020;"0042193940";"";"";"201037528";"A";""
"202008";"60239";"0520";"Prodejna Otrokovice";19.08.2020;"   3";"";"";"";"X";""
"202008";"60223";"0520";"Prodejna Ostrava";14.08.2020;"   4";"";"";"";"X";""
"202008";"60227";"0521";"Velkoobchod Ostrava";18.08.2020;"   9";"";"";"";"X";""
"202008";"55106";"0202";"DC RAVAK MORAVA, a.s";20.08.2020;"  25853155";"";"";"1202004413";"A";""
"202008";"60241";"0520";"Prodejna Sumperk";20.08.2020;"   1";"";"";"";"X";""
"202008";"60219";"0520";"Prodejna Sumperk";14.08.2020;"   1";"";"";"";"X";""
"202008";"10156";"0502";"BAUMAT - PLUS";03.08.2020;"  25324187";"   0";"40000160";"";"X";""
"202008";"60234";"0520";"Prodejna Ostrava";19.08.2020;"   4";"";"";"";"X";""
"202008";"60242";"0520";"Prodejna Otrokovice";20.08.2020;"   3";"";"";"";"X";""
"202008";"55107";"0202";"TEiKO spol. s r.o.";20.08.2020;"  44004770";"";"";"720112612";"A";""
"202008";"60203";"0520";"Prodejna Hradec Králové";14.08.2020;"   8";"";"";"";"X";""
"202008";"55108";"0202";"TEiKO spol. s r.o.";20.08.2020;"  44004770";"";"";"720112608";"A";""
"202008";"55109";"0202";"TEiKO spol. s r.o.";20.08.2020;"  44004770";"";"";"720112609";"A";""
"202008";"60236";"0520";"Prodejna Sumperk";19.08.2020;"   1";"";"";"";"X";""
"202008";"60237";"0520";"Prodejna Valašské Meziříčí";24.08.2020;"   7";"";"";"";"X";""
"202008";"60246";"0521";"Velkoobchod Ostrava";20.08.2020;"   9";"";"";"";"X";""
"202008";"10221";"0502";"STAMI-Hranice";19.08.2020;"  26849216";"   1";"40000183";"";"X";""
"202008";"10222";"0502";"BAUMAT - PLUS";19.08.2020;"  25324187";"   0";"40000184";"";"X";""
"202008";"55110";"0202";"Cersanit sanita";21.08.2020;"640001666";"";"";"H161310";"A";""
"202008";"55111";"0202";"Cersanit sanita";21.08.2020;"640001666";"";"";"H161362";"A";""
"202008";"55112";"0202";"Cersanit sanita";21.08.2020;"640001666";"";"";"H161311";"A";""
"202008";"55113";"0202";"Cersanit sanita";21.08.2020;"640001666";"";"";"H161319";"A";""
"202008";"55114";"0202";"Cersanit sanita";21.08.2020;"640001666";"";"";"H161320";"A";""
"202008";"55115";"0202";"Cersanit sanita";21.08.2020;"640001666";"";"";"H161356";"A";""
"202008";"55116";"0202";"Cersanit sanita";21.08.2020;"640001666";"";"";"H161474";"A";""
"202008";"55117";"0202";"Cersanit sanita";21.08.2020;"640001666";"";"";"H161706";"A";""
"202008";"55118";"0202";"Cersanit sanita";21.08.2020;"640001666";"";"";"H161761";"A";""
"202008";"60232";"0520";"Prodejna Olomouc";19.08.2020;"   2";"";"";"";"X";""
"202008";"10215";"0502";"KONRAD KERAMIKA";18.08.2020;"  02435942";"   0";"40000167";"";"X";""
"202008";"60249";"0520";"Prodejna Hradec Králové";21.08.2020;"   8";"";"";"";"X";""
"202008";"60235";"0520";"Prodejna Prostějov";19.08.2020;"   5";"";"";"";"X";""
"202008";"10233";"0502";"VETIM s.r.o.";20.08.2020;"  25253221";"   0";"40000186";"";"X";""
"202009";"10220";"0502";"STAMI-Přerov";15.09.2020;"  26849216";"   2";"40000265";"";"X";""
"202008";"60248";"0520";"Prodejna Sumperk";21.08.2020;"   1";"";"";"";"X";""
"202008";"10224";"0502";"PRO-DOMA - Znojmo";24.08.2020;"  24235920";" 001";"40000170";"";"X";""
"202008";"60250";"0520";"Prodejna Otrokovice";26.08.2020;"   3";"";"";"";"X";""
"202008";"60231";"0520";"Prodejna Prostějov";24.08.2020;"   5";"";"";"";"X";""
"202008";"10236";"0502";"BERNOLD s.r.o.";21.08.2020;"  26878496";"   0";"40000188";"";"X";""
"202008";"60228";"0520";"Prodejna Teplice";24.08.2020;"   6";"";"";"";"X";""
"202008";"70013";"0735";"záměna za 4990333";24.08.2020;"";"";"";"";" ";""
"202008";"70014";"0835";"záměna za 5900794";24.08.2020;"";"";"";"";" ";""
"202008";"70015";"0735";"zamena za 5900906";24.08.2020;"";"";"";"";" ";""
"202008";"60225";"0520";"Prodejna Valašské Meziříčí";24.08.2020;"   7";"";"";"";"X";""
"202008";"60244";"0520";"Prodejna Ostrava";20.08.2020;"   4";"";"";"";"X";""
"202008";"10229";"0502";"Vavex 1990 s.r.o.";20.08.2020;"  26776251";"   0";"40000192";"";"X";""
"202008";"10230";"0502";"HOLLESCH";20.08.2020;"  07761945";"   0";"40000185";"";"X";""
"202008";"55119";"0202";"Cersanit sanita";25.08.2020;"640001666";"";"";"H161907";"A";""
"202008";"55120";"0202";"Cersanit sanita";25.08.2020;"640001666";"";"";"H161938";"A";""
"202008";"55121";"0202";"Cersanit sanita";25.08.2020;"640001666";"";"";"H161936";"A";""
"202008";"55122";"0202";"Cersanit sanita";25.08.2020;"640001666";"";"";"H161967";"A";""
"202008";"10228";"0502";"BUILDTECHNOLOGY TP";24.08.2020;"  06147941";"";"40000166";"";"X";""
"202008";"55123";"0202";"Cersanit sanita";25.08.2020;"640001666";"";"";"H161473";"A";""
"202008";"55124";"0202";"Cersanit sanita";25.08.2020;"640001666";"";"";"H161363";"A";""
"202008";"55125";"0202";"Cersanit sanita";25.08.2020;"640001666";"";"";"H161358";"A";""
"202009";"10218";"0502";"KERASERVIS-Brno";01.09.2020;"  01717171";"   0";"40000203";"";"X";""
"202008";"55126";"0202";"Cersanit sanita";25.08.2020;"640001666";"";"";"H161318";"A";""
"202008";"60245";"0520";"Prodejna Olomouc";20.08.2020;"   2";"";"";"";"X";""
"202008";"55127";"0202";"Drevojas";25.08.2020;"0042193940";"";"";"201037769";"A";""
"202008";"10253";"0502";"BABINEK JIŘÍ";24.08.2020;"  67606440";"   0";"40000196";"";"X";""
"202008";"55128";"0202";"Drevojas";25.08.2020;"0042193940";"";"";"201037775";"A";""
"202008";"55129";"0202";"Drevojas";25.08.2020;"0042193940";"";"";"201037776";"A";""
"202008";"55130";"0202";"Drevojas";25.08.2020;"0042193940";"";"";"201037777";"A";""
"202008";"60240";"0520";"Stavba";20.08.2020;"  88";"";"";"";"X";""
"202008";"60266";"0520";"Stavba";25.08.2020;"  88";"";"";"";"X";""
"202008";"60252";"0520";"Prodejna Ostrava";24.08.2020;"   4";"";"";"";"X";""
"202008";"60247";"0521";"Velkoobchod Ostrava";21.08.2020;"   9";"";"";"";"X";""
"202008";"60267";"0521";"Velkoobchod Ostrava";25.08.2020;"   9";"";"";"";"X";""
"202008";"30005";"0301";"Příjem dávky  přecenění";25.08.2020;"";"";"";"";" ";""
"202008";"10249";"0502";"MARO - Hrad.Králové";24.08.2020;"  47453427";"   8";"40000190";"";"X";""
"202008";"10250";"0502";"TEXEVO s.r.o.";24.08.2020;"  25953699";"   0";"40000194";"";"X";""
"202008";"60251";"0520";"Prodejna Prostějov";26.08.2020;"   5";"";"";"";"X";""
"202008";"10231";"0502";"MARES Stanislav";20.08.2020;"  11428660";"   0";"40000168";"";"X";""
"202008";"60238";"0520";"Prodejna Sumperk";26.08.2020;"   1";"";"";"";"X";""
"202008";"10259";"0502";"MARO - Kolín";26.08.2020;"  47453427";"   1";"40000199";"";"X";""
"202008";"10254";"0502";"KOUPELNY FRÝDEK";24.08.2020;"  07011628";"   0";"40000191";"";"X";""
"202008";"55133";"0202";"LAUFEN";26.08.2020;"  25758691";"";"";"1390234044";"A";""
"202008";"55132";"0202";"LAUFEN";26.08.2020;"  25758691";"";"";"1390234043";"A";""
"202008";"60269";"0220";"Prodejna Ostrava";26.08.2020;"   4";"";"";"4684";" ";""
"202008";"55134";"0202";"Drevojas";26.08.2020;"0042193940";"";"";"201037799";"A";""
"202008";"55135";"0202";"Drevojas";26.08.2020;"0042193940";"";"";"201037795";"A";""
"202008";"30006";"0301";"";26.08.2020;"";"";"";"";" ";""
"202008";"30007";"0301";"Příjem dávky  přecenění";26.08.2020;"";"";"";"";" ";""
"202008";"10068";"0502";"PRO-DOMA - Znojmo";17.08.2020;"  24235920";" 001";"40000169";"";"X";""
"202008";"60263";"0520";"Prodejna Prostějov";26.08.2020;"   5";"";"";"";"X";""
"202008";"60268";"0520";"Prodejna Sumperk";26.08.2020;"   1";"";"";"";"X";""
"202008";"10256";"0502";"OBKLADSTYL";25.08.2020;"  12907588";"   0";"40000197";"";"X";""
"202008";"60233";"0520";"Prodejna Olomouc";19.08.2020;"   2";"";"";"";"X";""
"202009";"10245";"0502";"Uhlíř-Obklady Dlažba";01.09.2020;"  48855316";" 002";"40000200";"";"X";""
"202008";"10235";"0502";"Petr Lipowski-KACH";21.08.2020;"  73966584";"   0";"40000187";"";"X";""
"202008";"70010";"0755";"obyčejné palety";14.08.2020;"";"";"";"";"X";""
"202008";"55137";"0202";"Cersanit sanita";27.08.2020;"640001666";"";"";"H162014";"A";""
"202008";"55138";"0202";"Cersanit sanita";27.08.2020;"640001666";"";"";"H162016";"A";""
"202009";"10237";"0502";"KRIZ - Kříž Josef";01.09.2020;"  11326956";"   0";"40000205";"";"X";""
"202008";"55131";"0202";"Zehnder group";25.08.2020;"  24262200";"5917";"";"9020997318";"A";""
"202008";"60262";"0520";"Prodejna Otrokovice";27.08.2020;"   3";"";"";"";"X";""
"202008";"55136";"0202";"ALCAPLAST-Břeclav";26.08.2020;"  25655809";"   0";"";"2020/9731";"A";""
"202008";"55139";"0202";"Drevojas";27.08.2020;"0042193940";"";"";"201037849";"A";""
"202008";"55140";"0202";"Drevojas";27.08.2020;"0042193940";"";"";"201037842";"A";""
"202008";"55141";"0202";"DC RAVAK MORAVA, a.s";27.08.2020;"  25853155";"";"";"1202004538";"A";""
"202008";"10238";"0502";"KACHLÍK";27.08.2020;"  29451027";"   0";"40000179";"";"X";""
"202008";"10261";"0502";"Zeman";27.08.2020;"  26225166";" 001";"40000193";"";"X";""
"202008";"55142";"0202";"Zehnder group";27.08.2020;"  24262200";"5917";"";"9020998255";"A";""
"202008";"60273";"0520";"Prodejna Prostějov";27.08.2020;"   5";"";"";"";"X";""
"202008";"60253";"0520";"Prodejna Ostrava";27.08.2020;"   4";"";"";"";"X";""
"202008";"70012";"0835";"záměna za 4990376";24.08.2020;"";"";"";"";" ";""
"202008";"60230";"0520";"Prodejna Hradec Králové";28.08.2020;"   8";"";"";"";"X";""
"202008";"60275";"0520";"Prodejna Ostrava";27.08.2020;"   4";"";"";"";"X";""
"202009";"60274";"0520";"Prodejna Otrokovice";01.09.2020;"   3";"";"";"";"X";""
"202008";"60149";"0520";"Prodejna Teplice";28.08.2020;"   6";"";"";"";"X";""
"202008";"60272";"0520";"Prodejna Sumperk";28.08.2020;"   1";"";"";"";"X";""
"202008";"70016";"0835";"";28.08.2020;"";"";"";"";" ";""
"202008";"70017";"0735";"";28.08.2020;"";"";"";"";" ";""
"202008";"60229";"0520";"Prodejna Teplice";28.08.2020;"   6";"";"";"";"X";""
"202008";"10022";"0502";"Elmat Super,s.r.o.";24.08.2020;"  26913577";"   2";"40000171";"";"X";""
"202008";"10199";"0502";"KERAMA s.r.o.";13.08.2020;"  63486806";"   0";"40000172";"";"X";""
"202008";"10200";"0502";"Jurcaga 2";13.08.2020;"  29201241";" 001";"40000173";"";"X";""
"202008";"10212";"0502";"Jurcaga 2";27.08.2020;"  29201241";" 001";"40000174";"";"X";""
"202008";"10223";"0502";"Uhlíř-Obklady Dlažba";24.08.2020;"  48855316";" 002";"40000175";"";"X";""
"202008";"10225";"0502";"KERAMA s.r.o.";24.08.2020;"  63486806";"   0";"40000172";"";"X";""
"202008";"10239";"0502";"Teko";24.08.2020;"  46982141";" 001";"40000176";"";"X";""
"202008";"10241";"0502";"KERAMA s.r.o.";24.08.2020;"  63486806";"   0";"40000172";"";"X";""
"202008";"10260";"0502";"Jurcaga 2";27.08.2020;"  29201241";" 001";"40000177";"";"X";""
"202008";"60283";"0520";"Stavba";28.08.2020;"  88";"";"";"";"X";""
"202008";"10252";"0502";"HOLLESCH";24.08.2020;"  07761945";"   0";"40000195";"";"X";""
"202008";"55143";"0202";"Zehnder group";27.08.2020;"  24262200";"5917";"";"9020998256";"A";""
"202008";"60281";"0520";"Prodejna Teplice";31.08.2020;"   6";"";"";"";"X";""
"202008";"80054";"0402";"ITH-Hons Tomáš Ing.";28.08.2020;"  63686112";"   2";"50000003";"";" ";"10054"
"202008";"55144";"0202";"Cersanit sanita";28.08.2020;"640001666";"";"";"H155013";"A";""
"202008";"55145";"0202";"Cersanit sanita";28.08.2020;"640001666";"";"";"H156466";"A";""
"202008";"10169";"0502";"SELM MORAVA s.r.o.";05.08.2020;"  25356968";"   0";"40000178";"";"X";""
"202008";"10240";"0502";"HARKO s.r.o.";26.08.2020;"  63496585";"   0";"40000189";"";"X";""
"202008";"60276";"0520";"Prodejna Prostějov";31.08.2020;"   5";"";"";"";"X";""
"202008";"60264";"0520";"Prodejna Valašské Meziříčí";31.08.2020;"   7";"";"";"";"X";""
"202008";"55146";"0202";"Cersanit sanita";31.08.2020;"640001666";"";"";"H162198";"A";""
"202008";"55147";"0202";"Cersanit sanita";31.08.2020;"640001666";"";"";"H162112";"A";""
"202009";"10243";"0502";"PRO-DOMA - Znojmo";01.09.2020;"  24235920";" 001";"40000210";"";"X";""
"202008";"60265";"0521";"Velkoobchod Ostrava";25.08.2020;"   9";"";"";"";"X";""
"202008";"30008";"0301";"Příjem dávky  přecenění";31.08.2020;"";"";"";"";" ";""
"202008";"60254";"0520";"Prodejna Olomouc";28.08.2020;"   2";"";"";"";"X";""
"202009";"10257";"0502";"KERASERVIS-Ostrava";01.09.2020;"  01717171";"   3";"40000207";"";"X";""
"202008";"70011";"0751";"chybí na skladě";17.08.2020;"";"";"";"";"X";""
"202008";"70018";"0835";"";31.08.2020;"";"";"";"";" ";""
"202008";"70019";"0735";"";31.08.2020;"";"";"";"";" ";""
"202008";"90156";"0402";"BAUMAT - PLUS";31.08.2020;"  25324187";"   0";"50000004";"";" ";"10156"
"202008";"60270";"0220";"Prodejna Ostrava";26.08.2020;"   4";"";"";"4668";" ";""
"202008";"60271";"0220";"Prodejna Ostrava";26.08.2020;"   4";"";"";"4633";" ";""
"202008";"60226";"0220";"Prodejna Prostějov";18.08.2020;"   5";"";"";"5406";" ";""
"202008";"60279";"0220";"Prodejna Prostějov";28.08.2020;"   5";"";"";"5430";" ";""
"202008";"10246";"0502";"Zeman";31.08.2020;"  26225166";" 001";"40000193";"";"X";""
"202008";"10258";"0502";"SELM MORAVA s.r.o.";25.08.2020;"  25356968";"   0";"40000198";"";"X";""
"202008";"10276";"0001";" Cenové rozdíly v NákC";31.08.2020;"";"";"";"";" ";""
"202008";"10277";"0001";" Cenové rozdíly v NákC";31.08.2020;"";"";"";"";" ";""
"202009";"55148";"0202";"Cersanit sanita";01.09.2020;"640001666";"";"";"H162239";"A";""
"202009";"10219";"0502";"Petr Lipowski-KACH";01.09.2020;"  73966584";"   0";"40000204";"";"X";""
"202009";"60284";"0520";"Prodejna Olomouc";01.09.2020;"   2";"";"";"";"X";""
"202009";"55149";"0202";"Cersanit sanita";01.09.2020;"640001666";"";"";"H159412";"A";""
"202009";"55150";"0202";"Cersanit sanita";01.09.2020;"640001666";"";"";"H161254";"A";""
"202009";"55151";"0202";"Cersanit sanita";01.09.2020;"640001666";"";"";"H161599";"A";""
"202009";"10268";"0502";"KOUPELNY FRÝDEK";01.09.2020;"  07011628";"   0";"40000209";"";"X";""
"202009";"10264";"0502";"Jurcaga 2";01.09.2020;"  29201241";" 001";"40000201";"";"X";""
"202009";"10274";"0502";"LATOP spol. s r.o.";01.09.2020;"  45022747";"   0";"40000226";"";"X";""
"202009";"10270";"0502";"VACUTEC/Hodonín/";01.09.2020;"  27704203";"   0";"40000227";"";"X";""
"202009";"70020";"0835";"";02.09.2020;"";"";"";"";" ";""
"202009";"70021";"0735";"";02.09.2020;"";"";"";"";" ";""
"202009";"60277";"0520";"Prodejna Ostrava";01.09.2020;"   4";"";"";"";"X";""
"202009";"60293";"0520";"Prodejna Otrokovice";02.09.2020;"   3";"";"";"";"X";""
"202009";"10275";"0502";"TEXEVO s.r.o.";01.09.2020;"  25953699";"   0";"40000223";"";"X";""
"202009";"60289";"0520";"Prodejna Prostějov";02.09.2020;"   5";"";"";"";"X";""
"202009";"55152";"0202";"LAUFEN";02.09.2020;"  25758691";"";"";"1390235180";"A";""
"202009";"60287";"0520";"Prodejna Valašské Meziříčí";07.09.2020;"   7";"";"";"";"X";""
"202009";"55153";"0202";"LAUFEN";02.09.2020;"  25758691";"";"";"1390235181";"A";""
"202009";"60255";"0520";"Stavba";01.09.2020;"  88";"";"";"";"X";""
"202009";"60256";"0520";"Stavba";01.09.2020;"  88";"";"";"";"X";""
"202009";"60257";"0520";"Stavba";01.09.2020;"  88";"";"";"";"X";""
"202009";"60258";"0520";"Stavba";01.09.2020;"  88";"";"";"";"X";""
"202009";"60259";"0520";"Stavba";01.09.2020;"  88";"";"";"";"X";""
"202009";"60260";"0520";"Stavba";01.09.2020;"  88";"";"";"";"X";""
"202009";"60261";"0520";"Stavba";01.09.2020;"  88";"";"";"";"X";""
"202009";"60280";"0520";"Prodejna Sumperk";02.09.2020;"   1";"";"";"";"X";""
"202009";"60296";"0520";"Prodejna Prostějov";03.09.2020;"   5";"";"";"";"X";""
"202009";"60292";"0521";"Velkoobchod Ostrava";01.09.2020;"   9";"";"";"";"X";""
"202009";"60297";"0521";"Velkoobchod Ostrava";02.09.2020;"   9";"";"";"";"X";""
"202009";"10278";"0502";"Topenářství K+V, s..";03.09.2020;"  25534955";"";"40000202";"";"X";""
"202009";"60290";"0520";"Prodejna Olomouc";01.09.2020;"   2";"";"";"";"X";""
"202009";"70022";"0835";"";03.09.2020;"";"";"";"";" ";""
"202009";"70023";"0735";"";03.09.2020;"";"";"";"";" ";""
"202009";"55154";"0202";"TEiKO spol. s r.o.";03.09.2020;"  44004770";"";"";"720112770";"A";""
"202009";"55155";"0202";"TEiKO spol. s r.o.";03.09.2020;"  44004770";"";"";"720112767";"A";""
"202009";"55156";"0202";"DC RAVAK MORAVA, a.s";03.09.2020;"  25853155";"";"";"1202004693";"A";""
"202009";"55157";"0202";"DC RAVAK MORAVA, a.s";03.09.2020;"  25853155";"";"";"1202004685";"A";""
"202009";"10271";"0502";"BERNOLD s.r.o.";01.09.2020;"  26878496";"   0";"40000222";"";"X";""
"202009";"60300";"0521";"Velkoobchod Ostrava";03.09.2020;"   9";"";"";"";"X";""
"202009";"10247";"0502";"TOP KOUPELNY-STAVBA";01.09.2020;"  27832074";"   2";"40000206";"";"X";""
"202009";"10267";"0502";"STAMI-Hranice";01.09.2020;"  26849216";"   1";"40000208";"";"X";""
"202009";"55158";"0202";"Drevojas";03.09.2020;"0042193940";"";"";"201037527";"A";""
"202009";"60301";"0521";"Velkoobchod Ostrava";03.09.2020;"   9";"";"";"";"X";""
"202009";"60294";"0520";"Prodejna Sumperk";04.09.2020;"   1";"";"";"";"X";""
"202009";"10279";"0502";"ESMAT s.r.o.";03.09.2020;"  29312701";"   0";"40000230";"";"X";""
"202009";"60302";"0520";"Prodejna Olomouc";03.09.2020;"   2";"";"";"";"X";""
"202009";"60288";"0520";"Prodejna Teplice";07.09.2020;"   6";"";"";"";"X";""
"202009";"60282";"0520";"Prodejna Hradec Králové";04.09.2020;"   8";"";"";"";"X";""
"202009";"10269";"0502";"B+D Litoměřice";01.09.2020;"  72613556";"   0";"40000221";"";"X";""
"202009";"55160";"0202";"Novaservis";04.09.2020;"  13691121";"";"";"04144629";"A";""
"202009";"60306";"0521";"Velkoobchod Ostrava";04.09.2020;"   9";"";"";"";"X";""
"202009";"60308";"0520";"Stavba";07.09.2020;"  88";"";"";"";"X";""
"202009";"60309";"0520";"Stavba";07.09.2020;"  88";"";"";"";"X";""
"202009";"60285";"0520";"Prodejna Ostrava";01.09.2020;"   4";"";"";"";"X";""
"202009";"60286";"0520";"Prodejna Ostrava";01.09.2020;"   4";"";"";"";"X";""
"202009";"10291";"0502";"PRO-DOMA - Znojmo";04.09.2020;"  24235920";" 001";"40000213";"";"X";""
"202009";"10282";"0502";"HOLLESCH";03.09.2020;"  07761945";"   0";"40000231";"";"X";""
"202009";"10293";"0502";"BERNOLD s.r.o.";07.09.2020;"  26878496";"   0";"40000232";"";"X";""
"202009";"55161";"0202";"DC RAVAK MORAVA, a.s";07.09.2020;"  25853155";"";"";"1202004716";"A";""
"202009";"60314";"0220";"Stavba";07.09.2020;"  88";"";"";"VMH003";" ";""
"202009";"10251";"0502";"BUILDTECHNOLOGY TP";04.09.2020;"  06147941";"";"40000211";"";"X";""
"202009";"10284";"0502";"KONRAD KERAMIKA";15.09.2020;"  02435942";"   0";"40000246";"";"X";""
"202009";"60316";"0521";"Velkoobchod Ostrava";07.09.2020;"   9";"";"";"";"X";""
"202009";"10299";"0502";"PRO-DOMA - Znojmo";07.09.2020;"  24235920";" 001";"40000213";"";"X";""
"202009";"10248";"0502";"PRO-DOMA - Prostějov";01.09.2020;"  24235920";" 003";"40000212";"";"X";""
"202009";"60317";"0521";"Velkoobchod Ostrava";08.09.2020;"   9";"";"";"";"X";""
"202009";"10294";"0502";"STAMI-Přerov";07.09.2020;"  26849216";"   2";"40000234";"";"X";""
"202009";"10255";"0502";"TOP KOUPELNY";01.09.2020;"  27832074";"   0";"40000238";"";"X";""
"202009";"10280";"0502";"TOP KOUPELNY";03.09.2020;"  27832074";"   0";"40000238";"";"X";""
"202009";"60299";"0520";"Prodejna Prostějov";08.09.2020;"   5";"";"";"";"X";""
"202009";"60304";"0520";"Prodejna Sumperk";08.09.2020;"   1";"";"";"";"X";""
"202009";"60291";"0520";"Prodejna Ostrava";01.09.2020;"   4";"";"";"";"X";""
"202009";"10300";"0502";"HORAK CZ";15.09.2020;"  25480073";"   0";"40000245";"";"X";""
"202009";"10301";"0502";"HARKO s.r.o.";08.09.2020;"  63496585";"   0";"40000236";"";"X";""
"202009";"60295";"0520";"Prodejna Otrokovice";08.09.2020;"   3";"";"";"";"X";""
"202009";"60303";"0520";"Prodejna Olomouc";03.09.2020;"   2";"";"";"";"X";""
"202009";"60298";"0521";"Velkoobchod Ostrava";08.09.2020;"   9";"";"";"";"X";""
"202009";"55162";"0202";"Cersanit sanita";08.09.2020;"640001666";"";"";"H162293";"A";""
"202009";"55163";"0202";"Cersanit sanita";08.09.2020;"640001666";"";"";"H162491";"A";""
"202009";"60320";"0520";"Prodejna Prostějov";08.09.2020;"   5";"";"";"";"X";""
"202009";"10304";"0502";"Kestin";08.09.2020;"  60935251";"   0";"40000240";"";"X";""
"202009";"10273";"0502";"HORAK CZ";15.09.2020;"  25480073";"   0";"40000244";"";"X";""
"202009";"10285";"0502";"KONRAD KERAMIKA";15.09.2020;"  02435942";"   0";"40000246";"";"X";""
"202009";"10286";"0502";"AVANT-Uničov";03.09.2020;"  25855069";"   2";"40000233";"";"X";""
"202009";"10307";"0502";"Jakub Záruba";08.09.2020;"";"6057";"40000214";"";"X";""
"202009";"60319";"0520";"Prodejna Otrokovice";09.09.2020;"   3";"";"";"";"X";""
"202009";"55159";"0202";"Zehnder group";04.09.2020;"  24262200";"5917";"";"9021000192";"A";""
"202009";"55164";"0202";"Zehnder group";08.09.2020;"  24262200";"5917";"";"9021001656";"A";""
"202009";"55165";"0202";"Zehnder group";08.09.2020;"  24262200";"5917";"";"9021001653";"A";""
"202009";"55166";"0202";"Zehnder group";08.09.2020;"  24262200";"5917";"";"9021001655";"A";""
"202009";"60312";"0520";"Prodejna Olomouc";07.09.2020;"   2";"";"";"";"X";""
"202009";"10297";"0502";"OBKLADSTYL";15.09.2020;"  12907588";"   0";"40000247";"";"X";""
"202009";"10298";"0502";"STAMI-Hranice";07.09.2020;"  26849216";"   1";"40000235";"";"X";""
"202009";"60313";"0520";"Prodejna Ostrava";07.09.2020;"   4";"";"";"";"X";""
"202009";"10242";"0502";"KERAMA s.r.o.";01.09.2020;"  63486806";"   0";"40000215";"";"X";""
"202009";"10244";"0502";"MAKA THERM-B.PROBRNO";01.09.2020;"  26025051";" 001";"40000216";"";"X";""
"202009";"10262";"0502";"Jurcaga 2";01.09.2020;"  29201241";" 001";"40000217";"";"X";""
"202009";"10263";"0502";"Elmat Super,s.r.o.";01.09.2020;"  26913577";"   2";"40000218";"";"X";""
"202009";"10265";"0502";"KERAMA s.r.o.";01.09.2020;"  63486806";"   0";"40000215";"";"X";""
"202009";"10266";"0502";"KERAMA s.r.o.";01.09.2020;"  63486806";"   0";"40000215";"";"X";""
"202009";"10283";"0502";"KERAMA s.r.o.";03.09.2020;"  63486806";"   0";"40000215";"";"X";""
"202009";"10287";"0502";"Jurcaga 2";03.09.2020;"  29201241";" 001";"40000217";"";"X";""
"202009";"10289";"0502";"KERAMA s.r.o.";03.09.2020;"  63486806";"   0";"40000215";"";"X";""
"202009";"10290";"0502";"MAKA THERM-B.PROBRNO";04.09.2020;"  26025051";" 001";"40000219";"";"X";""
"202009";"10308";"0502";"Uhlíř-Obklady Dlažba";08.09.2020;"  48855316";" 002";"40000220";"";"X";""
"202009";"10232";"0502";"SELM MORAVA s.r.o.";01.09.2020;"  25356968";"   0";"40000229";"";"X";""
"202009";"10315";"0502";"LATOP spol. s r.o.";15.09.2020;"  45022747";"   0";"40000249";"";"X";""
"202009";"10281";"0502";"MARES Stanislav";03.09.2020;"  11428660";"   0";"40000224";"";"X";""
"202009";"10309";"0502";"MARES Stanislav";15.09.2020;"  11428660";"   0";"40000248";"";"X";""
"202009";"10126";"0502";"Tradix - Vsetín";01.09.2020;"  25531450";" 012";"40000225";"";"X";""
"202009";"55167";"0202";"Drevojas";09.09.2020;"0042193940";"";"";"201038174";"A";""
"202009";"10318";"0502";"Zeman";09.09.2020;"  26225166";" 001";"40000239";"";"X";""
"202009";"60323";"0520";"Prodejna Olomouc";10.09.2020;"   2";"";"";"";"X";""
"202009";"60318";"0520";"Prodejna Sumperk";10.09.2020;"   1";"";"";"";"X";""
"202009";"10311";"0502";"BERNOLD s.r.o.";08.09.2020;"  26878496";"   0";"40000232";"";"X";""
"202009";"55169";"0202";"TEiKO spol. s r.o.";10.09.2020;"  44004770";"";"";"720112840";"A";""
"202009";"60322";"0520";"Prodejna Prostějov";10.09.2020;"   5";"";"";"";"X";""
"202009";"55168";"0202";"LAUFEN";09.09.2020;"  25758691";"";"";"1390236247";"A";""
"202009";"10312";"0502";"TOP KOUPELNY";08.09.2020;"  27832074";"   0";"40000238";"";"X";""
"202009";"55170";"0202";"Zehnder group";10.09.2020;"  24262200";"5917";"";"9021002732";"A";""
"202009";"55171";"0202";"Drevojas";10.09.2020;"0042193940";"";"";"201038321";"A";""
"202009";"55172";"0202";"Drevojas";10.09.2020;"0042193940";"";"";"201038322";"A";""
"202009";"55173";"0202";"Drevojas";10.09.2020;"0042193940";"";"";"201038324";"A";""
"202009";"60325";"0520";"Prodejna Ostrava";10.09.2020;"   4";"";"";"";"X";""
"202009";"10305";"0502";"PRO-DOMA - Znojmo";15.09.2020;"  24235920";" 001";"40000251";"";"X";""
"202009";"10295";"0502";"TOP KOUPELNY";07.09.2020;"  27832074";"   0";"40000238";"";"X";""
"202009";"10296";"0502";"PRODAG Kroměříž";07.09.2020;"  65829468";"   1";"40000237";"";"X";""
"202009";"10310";"0502";"KOUPELNY FRÝDEK";08.09.2020;"  07011628";"   0";"40000228";"";"X";""
"202009";"60328";"0520";"Prodejna Sumperk";11.09.2020;"   1";"";"";"";"X";""
"202009";"70024";"0751";"chybí na skladě";11.09.2020;"";"";"";"";"X";""
"202009";"70025";"0755";"obyč.palety";11.09.2020;"";"";"";"";"X";""
"202009";"60329";"0520";"Stavba";11.09.2020;"  88";"";"";"";"X";""
"202009";"60305";"0520";"Prodejna Hradec Králové";11.09.2020;"   8";"";"";"";"X";""
"202009";"60331";"0520";"Stavba";14.09.2020;"  88";"";"";"";"X";""
"202009";"60278";"0520";"Prodejna Prostějov";11.09.2020;"   5";"";"";"";"X";""
"202009";"55175";"0202";"Drevojas";11.09.2020;"0042193940";"";"";"201038375";"A";""
"202009";"70026";"0835";"";11.09.2020;"";"";"";"";" ";""
"202009";"70027";"0735";"";11.09.2020;"";"";"";"";" ";""
"202009";"55176";"0202";"Drevojas";11.09.2020;"0042193940";"";"";"204229602";"A";""
"202009";"60321";"0520";"Prodejna Otrokovice";14.09.2020;"   3";"";"";"";"X";""
"202009";"30009";"0301";"Příjem dávky  přecenění";11.09.2020;"";"";"";"";" ";""
"202009";"60311";"0520";"Prodejna Valašské Meziříčí";14.09.2020;"   7";"";"";"";"X";""
"202009";"60326";"0520";"Prodejna Ostrava";15.09.2020;"   4";"";"";"";"X";""
"202009";"55177";"0202";"Cersanit sanita";14.09.2020;"640001666";"";"";"H162480";"A";""
"202009";"55178";"0202";"Cersanit sanita";14.09.2020;"640001666";"";"";"H162481";"A";""
"202009";"55179";"0202";"Cersanit sanita";14.09.2020;"640001666";"";"";"H162508";"A";""
"202009";"55180";"0202";"Cersanit sanita";14.09.2020;"640001666";"";"";"H162639";"A";""
"202009";"55181";"0202";"Cersanit sanita";14.09.2020;"640001666";"";"";"H162198";"A";""
"202009";"55182";"0202";"Cersanit sanita";14.09.2020;"640001666";"";"";"H161761";"A";""
"202009";"10322";"0502";"BERNOLD s.r.o.";10.09.2020;"  26878496";"   0";"40000242";"";"X";""
"202009";"60324";"0520";"Prodejna Olomouc";11.09.2020;"   2";"";"";"";"X";""
"202009";"60333";"0520";"Prodejna Prostějov";14.09.2020;"   5";"";"";"";"X";""
"202009";"60338";"0520";"Stavba";14.09.2020;"  88";"";"";"";"X";""
"202009";"10324";"0502";"KOUPELNY FRÝDEK";10.09.2020;"  07011628";"   0";"40000241";"";"X";""
"202009";"10329";"0502";"ATOS-Havlíčkův Bro";15.09.2020;"  62028081";" 001";"40000250";"";"X";""
"202009";"60330";"0521";"Velkoobchod Ostrava";14.09.2020;"   9";"";"";"";"X";""
"202009";"60336";"0520";"Prodejna Ostrava";15.09.2020;"   4";"";"";"";"X";""
"202009";"60343";"0520";"Stavba";14.09.2020;"  88";"";"";"";"X";""
"202009";"60344";"0520";"Stavba";14.09.2020;"  88";"";"";"";"X";""
"202009";"60345";"0520";"Stavba";14.09.2020;"  88";"";"";"";"X";""
"202009";"60346";"0520";"Stavba";14.09.2020;"  88";"";"";"";"X";""
"202009";"60347";"0520";"Stavba";14.09.2020;"  88";"";"";"";"X";""
"202009";"60348";"0520";"Stavba";14.09.2020;"  88";"";"";"";"X";""
"202009";"60349";"0520";"Stavba";14.09.2020;"  88";"";"";"";"X";""
"202009";"10326";"0502";"KOUPELNY FRÝDEK";10.09.2020;"  07011628";"   0";"40000241";"";"X";""
"202009";"60337";"0520";"Prodejna Ostrava";15.09.2020;"   4";"";"";"";"X";""
"202009";"60315";"0520";"Prodejna Teplice";15.09.2020;"   6";"";"";"";"X";""
"202009";"60341";"0520";"Prodejna Prostějov";15.09.2020;"   5";"";"";"";"X";""
"202009";"10313";"0502";"KOUPELNY FRÝDEK";08.09.2020;"  07011628";"   0";"40000241";"";"X";""
"202009";"10314";"0502";"JAHLA - Jakub Hlaváč";09.09.2020;"  75284464";"   0";"40000243";"";"X";""
"202009";"60332";"0520";"Prodejna Sumperk";15.09.2020;"   1";"";"";"";"X";""
"202009";"55183";"0202";"Zehnder group";15.09.2020;"  24262200";"5917";"";"9021003970";"A";""
"202009";"60340";"0520";"Prodejna Otrokovice";15.09.2020;"   3";"";"";"";"X";""
"202009";"60334";"0520";"Prodejna Hradec Králové";15.09.2020;"   8";"";"";"";"X";""
"202009";"60342";"0521";"Velkoobchod Ostrava";14.09.2020;"   9";"";"";"";"X";""
"202009";"55184";"0202";"LAUFEN";16.09.2020;"  25758691";"";"";"1390237462";"A";""
"202009";"60351";"0520";"Prodejna Ostrava";15.09.2020;"   4";"";"";"";"X";""
"202009";"55186";"0202";"Novaservis";16.09.2020;"  13691121";"";"";"04147154";"A";""
"202009";"60353";"0520";"Prodejna Sumperk";17.09.2020;"   1";"";"";"";"X";""
"202009";"60357";"0520";"Prodejna Hradec Králové";16.09.2020;"   8";"";"";"";"X";""
"202009";"55185";"0202";"TEiKO spol. s r.o.";16.09.2020;"  44004770";"";"";"720112919";"A";""
"202009";"60355";"0520";"Prodejna Prostějov";17.09.2020;"   5";"";"";"";"X";""
"202009";"10336";"0502";"Petr Lipowski-KACH";15.09.2020;"  73966584";"   0";"40000254";"";"X";""
"202009";"60335";"0520";"Prodejna Olomouc";15.09.2020;"   2";"";"";"";"X";""
"202009";"10334";"0502";"DEGAST";15.09.2020;"  27817717";"   0";"40000253";"";"X";""
"202009";"10330";"0502";"HOLLESCH";15.09.2020;"  07761945";"   0";"40000252";"";"X";""
"202009";"55188";"0202";"Zehnder group";17.09.2020;"  24262200";"5917";"";"9021004979";"A";""
"202009";"60359";"0520";"Prodejna Hradec Králové";18.09.2020;"   8";"";"";"";"X";""
"202009";"10338";"0502";"ATOS-Havlíčkův Bro";15.09.2020;"  62028081";" 001";"40000272";"";"X";""
"202009";"10347";"0502";"Kestin";17.09.2020;"  60935251";"   0";"40000255";"";"X";""
"202009";"10339";"0502";"STAMI-Přerov";15.09.2020;"  26849216";"   2";"40000266";"";"X";""
"202009";"60364";"0520";"Prodejna Sumperk";18.09.2020;"   1";"";"";"";"X";""
"202009";"60350";"0520";"Prodejna Olomouc";15.09.2020;"   2";"";"";"";"X";""
"202009";"60365";"0520";"Prodejna Prostějov";18.09.2020;"   5";"";"";"";"X";""
"202009";"60352";"0520";"Prodejna Ostrava";15.09.2020;"   4";"";"";"";"X";""
"202009";"55189";"0202";"Novaservis";18.09.2020;"  13691121";"";"";"04147878";"A";""
"202009";"55174";"0202";"Drevojas";11.09.2020;"0042193940";"";"";"201038369";"A";""
"202009";"55187";"0202";"DC RAVAK MORAVA, a.s";17.09.2020;"  25853155";"";"";"1202004927";"A";""
"202009";"10340";"0502";"VACUTEC/Hodonín/";15.09.2020;"  27704203";"   0";"40000273";"";"X";""
"202009";"60371";"0220";"Stavba";21.09.2020;"  88";"";"";"15.9.";" ";""
"202009";"60372";"0220";"Stavba";21.09.2020;"  88";"";"";"21.9.";" ";""
"202009";"60373";"0220";"Stavba";21.09.2020;"  88";"";"";"16.9.";" ";""
"202009";"10344";"0502";"KONRAD KERAMIKA";17.09.2020;"  02435942";"   0";"40000275";"";"X";""
"202009";"60339";"0520";"Prodejna Valašské Meziříčí";21.09.2020;"   7";"";"";"";"X";""
"202009";"60356";"0520";"Prodejna Teplice";21.09.2020;"   6";"";"";"";"X";""
"202009";"10341";"0502";"HOLLESCH";15.09.2020;"  07761945";"   0";"40000274";"";"X";""
"202009";"60361";"0520";"Prodejna Ostrava";17.09.2020;"   4";"";"";"";"X";""
"202009";"60354";"0520";"Prodejna Otrokovice";21.09.2020;"   3";"";"";"";"X";""
"202009";"60369";"0520";"Prodejna Hradec Králové";21.09.2020;"   8";"";"";"";"X";""
"202009";"55190";"0202";"DC RAVAK MORAVA, a.s";21.09.2020;"  25853155";"";"";"1202004973";"A";""
"202009";"10345";"0502";"TEXEVO s.r.o.";17.09.2020;"  25953699";"   0";"40000269";"";"X";""
"202009";"10292";"0502";"Elefant, DC s.r.o.";15.09.2020;"  27306372";"   0";"40000256";"";"X";""
"202009";"10302";"0502";"Teko";08.09.2020;"  46982141";" 001";"40000257";"";"X";""
"202009";"10306";"0502";"Elmat Super,s.r.o.";15.09.2020;"  26913577";"   2";"40000258";"";"X";""
"202009";"10321";"0502";"KERAMA s.r.o.";15.09.2020;"  63486806";"   0";"40000259";"";"X";""
"202009";"10327";"0502";"Teko";15.09.2020;"  46982141";" 001";"40000257";"";"X";""
"202009";"10328";"0502";"Jurcaga 2";15.09.2020;"  29201241";" 001";"40000260";"";"X";""
"202009";"10335";"0502";"MAKA THERM-B.PROBRNO";15.09.2020;"  26025051";" 001";"40000261";"";"X";""
"202009";"10337";"0502";"Elefant, DC s.r.o.";15.09.2020;"  27306372";"   0";"40000262";"";"X";""
"202009";"10343";"0502";"Stavmont-Jan Beneš";16.09.2020;"  40282295";" 001";"40000263";"";"X";""
"202009";"10354";"0502";"MAKA THERM-B.PROBRNO";21.09.2020;"  26025051";" 001";"40000264";"";"X";""
"202009";"60378";"0521";"Velkoobchod Ostrava";21.09.2020;"   9";"";"";"";"X";""
"202010";"10346";"0502";"HORAK - M.Budějovice";01.10.2020;"  63430851";"   0";"40000299";"";"X";""
"202009";"60370";"0521";"Velkoobchod Ostrava";21.09.2020;"   9";"";"";"";"X";""
"202009";"60374";"0520";"Prodejna Otrokovice";23.09.2020;"   3";"";"";"";"X";""
"202009";"10325";"0502";"HB servis, s.r.o.";15.09.2020;"  25877984";"   0";"40000271";"";"X";""
"202009";"10349";"0502";"STAMI-Přerov";21.09.2020;"  26849216";"   2";"40000267";"";"X";""
"202009";"60367";"0520";"Prodejna Sumperk";23.09.2020;"   1";"";"";"";"X";""
"202009";"55191";"0202";"Zehnder group";22.09.2020;"  24262200";"5917";"";"9020998257";"A";""
"202009";"60383";"0520";"Prodejna Valašské Meziříčí";22.09.2020;"   7";"";"";"";"X";""
"202009";"10350";"0502";"KOUPELNY FRÝDEK";21.09.2020;"  07011628";"   0";"40000277";"";"X";""
"202009";"55192";"0202";"Zehnder group";23.09.2020;"  24262200";"5917";"";"9021006309";"A";""
"202009";"10348";"0502";"BERNOLD s.r.o.";21.09.2020;"  26878496";"   0";"40000276";"";"X";""
"202009";"60368";"0520";"Prodejna Prostějov";23.09.2020;"   5";"";"";"";"X";""
"202009";"55193";"0202";"Cersanit sanita";23.09.2020;"640001666";"";"";"H163064";"A";""
"202009";"10352";"0502";"STAMI-Hranice";21.09.2020;"  26849216";"   1";"40000278";"";"X";""
"202009";"10333";"0502";"MARES Stanislav";15.09.2020;"  11428660";"   0";"40000280";"";"X";""
"202009";"60360";"0520";"Prodejna Olomouc";17.09.2020;"   2";"";"";"";"X";""
"202009";"10317";"0502";"KONRAD KERAMIKA";15.09.2020;"  02435942";"   0";"40000279";"";"X";""
"202009";"60363";"0520";"Prodejna Ostrava";17.09.2020;"   4";"";"";"";"X";""
"202009";"60362";"0520";"Prodejna Ostrava";17.09.2020;"   4";"";"";"";"X";""
"202009";"60377";"0520";"Prodejna Hradec Králové";24.09.2020;"   8";"";"";"";"X";""
"202009";"60385";"0520";"Prodejna Sumperk";24.09.2020;"   1";"";"";"";"X";""
"202009";"55196";"0202";"TEiKO spol. s r.o.";24.09.2020;"  44004770";"";"";"720112971";"A";""
"202009";"60388";"0520";"Prodejna Sumperk";24.09.2020;"   1";"";"";"";"X";""
"202009";"60389";"0520";"Prodejna Hradec Králové";24.09.2020;"   8";"";"";"";"X";""
"202009";"60384";"0521";"Velkoobchod Ostrava";24.09.2020;"   9";"";"";"";"X";""
"202009";"10362";"0502";"PROFIINSTAL Jaroměř";23.09.2020;"  27470997";"   0";"40000286";"";"X";""
"202009";"55195";"0202";"DC RAVAK MORAVA, a.s";24.09.2020;"  25853155";"";"";"1202005061";"A";""
"202009";"55197";"0202";"TEiKO spol. s r.o.";24.09.2020;"  44004770";"";"";"720112968";"A";""
"202009";"10316";"0502";"TEXEVO s.r.o.";15.09.2020;"  25953699";"   0";"40000268";"";"X";""
"202009";"10332";"0502";"OBKLADSTYL";15.09.2020;"  12907588";"   0";"40000270";"";"X";""
"202009";"55198";"0202";"Cersanit sanita";25.09.2020;"640001666";"";"";"H163387";"A";""
"202009";"55199";"0202";"Cersanit sanita";25.09.2020;"640001666";"";"";"H163250";"A";""
"202009";"55200";"0202";"Cersanit sanita";25.09.2020;"640001666";"";"";"H161359";"A";""
"202009";"10364";"0502";"KACHLÍK";23.09.2020;"  29451027";"   0";"40000282";"";"X";""
"202009";"60381";"0520";"Prodejna Ostrava";21.09.2020;"   4";"";"";"";"X";""
"202009";"10356";"0502";"KONRAD KERAMIKA";21.09.2020;"  02435942";"   0";"40000279";"";"X";""
"202009";"60376";"0520";"Prodejna Valašské Meziříčí";25.09.2020;"   7";"";"";"";"X";""
"202009";"60375";"0520";"Prodejna Teplice";25.09.2020;"   6";"";"";"";"X";""
"202009";"60391";"0520";"Prodejna Hradec Králové";25.09.2020;"   8";"";"";"";"X";""
"202010";"10361";"0502";"ADONI Olomouc";01.10.2020;"  25906321";"   0";"40000291";"";"X";""
"202009";"60401";"0220";"Prodejna Ostrava";25.09.2020;"   4";"";"";"4789";" ";""
"202009";"10353";"0502";"VETIM s.r.o.";21.09.2020;"  25253221";"   0";"40000281";"";"X";""
"202009";"60406";"0220";"Prodejna Olomouc";29.09.2020;"   2";"";"";"2604";" ";""
"202009";"55201";"0202";"Cersanit sanita";29.09.2020;"640001666";"";"";"H159722";"A";""
"202009";"55202";"0202";"Cersanit sanita";29.09.2020;"640001666";"";"";"H159412";"A";""
"202009";"55203";"0202";"Cersanit sanita";29.09.2020;"640001666";"";"";"H149037";"A";""
"202009";"55204";"0202";"Cersanit sanita";29.09.2020;"640001666";"";"";"H163064";"A";""
"202009";"55205";"0202";"Cersanit sanita";29.09.2020;"640001666";"";"";"H161706";"A";""
"202009";"55206";"0202";"Cersanit sanita";29.09.2020;"640001666";"";"";"H153179";"A";""
"202009";"55207";"0202";"Cersanit sanita";29.09.2020;"640001666";"";"";"H152783";"A";""
"202009";"55208";"0202";"Cersanit sanita";29.09.2020;"640001666";"";"";"H160642";"A";""
"202009";"60382";"0520";"Prodejna Ostrava";21.09.2020;"   4";"";"";"";"X";""
"202010";"10372";"0502";"HARKO s.r.o.";01.10.2020;"  63496585";"   0";"40000295";"";"X";""
"202010";"10374";"0502";"LD CERAMIC";01.10.2020;"  12900699";"   0";"40000302";"";"X";""
"202009";"55210";"0202";"Cersanit sanita";29.09.2020;"640001666";"";"";"H163512";"A";""
"202011";"10376";"0502";"ESMAT s.r.o.";05.11.2020;"  29312701";"   0";"40000417";"";"X";""
"202009";"55211";"0202";"Cersanit sanita";29.09.2020;"640001666";"";"";"H163395";"A";""
"202010";"10357";"0502";"SANIMAX";01.10.2020;"  26011425";"   0";"40000300";"";"X";""
"202011";"10379";"0502";"ESMAT s.r.o.";05.11.2020;"  29312701";"   0";"40000417";"";"X";""
"202009";"60399";"0521";"Velkoobchod Ostrava";25.09.2020;"   9";"";"";"";"X";""
"202011";"10375";"0502";"ESMAT s.r.o.";05.11.2020;"  29312701";"   0";"40000417";"";"X";""
"202009";"55209";"0202";"Cersanit sanita";29.09.2020;"640001666";"";"";"H161322";"A";""
"202009";"60379";"0520";"Prodejna Olomouc";30.09.2020;"   2";"";"";"";"X";""
"202009";"55212";"0202";"Cersanit sanita";29.09.2020;"640001666";"";"";"H163510";"A";""
"202010";"10367";"0502";"BUSPOL-Červ.Kostelec";01.10.2020;"  12343960";" 001";"40000301";"";"X";""
"202009";"90344";"0402";"KONRAD KERAMIKA";29.09.2020;"  02435942";"   0";"50000005";"";" ";"10344"
"202009";"60412";"0220";"Stavba";29.09.2020;"  88";"";"";"29.9.20";" ";""
"202009";"10366";"0502";"RKS              TP";25.09.2020;"  25121049";"  59";"40000283";"";"X";""
"202010";"10331";"0502";"ESMAT s.r.o.";01.10.2020;"  29312701";"   0";"40000289";"";"X";""
"202010";"60413";"0520";"Stavba";01.10.2020;"  88";"";"";"";"X";""
"202010";"60414";"0520";"Stavba";01.10.2020;"  88";"";"";"";"X";""
"202010";"60415";"0520";"Stavba";01.10.2020;"  88";"";"";"";"X";""
"202009";"10319";"0502";"Stavmont-JB.stavba";21.09.2020;"  40282295";" 002";"40000284";"";"X";""
"202009";"10360";"0502";"Elefant, DC s.r.o.";25.09.2020;"  27306372";"   0";"40000285";"";"X";""
"202009";"60386";"0520";"Prodejna Otrokovice";30.09.2020;"   3";"";"";"";"X";""
"202010";"10386";"0502";"TEXEVO s.r.o.";01.10.2020;"  25953699";"   0";"40000306";"";"X";""
"202009";"60387";"0520";"Prodejna Prostějov";30.09.2020;"   5";"";"";"";"X";""
"202009";"10351";"0502";"BERNOLD s.r.o.";21.09.2020;"  26878496";"   0";"40000287";"";"X";""
"202010";"10368";"0502";"LEVEL 02, a.s.";01.10.2020;"  26929708";"   0";"40000292";"";"X";""
"202009";"60418";"0221";"Velkoobchod Ostrava";30.09.2020;"   9";"";"";"93792";" ";""
"202009";"60417";"0220";"Prodejna Sumperk";30.09.2020;"   1";"";"";"1382";" ";""
"202009";"55213";"0202";"Drevojas";30.09.2020;"0042193940";"";"";"201038843";"A";""
"202009";"55214";"0202";"Zehnder group";30.09.2020;"  24262200";"5917";"";"9021008776";"A";""
"202009";"60416";"0220";"Prodejna Ostrava";30.09.2020;"   4";"";"";"4662";" ";""
"202009";"60327";"0220";"Prodejna Ostrava";10.09.2020;"   4";"";"";"4724";" ";""
"202009";"60404";"0220";"Prodejna Ostrava";29.09.2020;"   4";"";"";"4738";" ";""
"202009";"60405";"0220";"Prodejna Ostrava";29.09.2020;"   4";"";"";"4767";" ";""
"202009";"60400";"0220";"Prodejna Ostrava";25.09.2020;"   4";"";"";"4784";" ";""
"202009";"60310";"0220";"Prodejna Prostějov";07.09.2020;"   5";"";"";"5450";" ";""
"202009";"60402";"0220";"Prodejna Prostějov";29.09.2020;"   5";"";"";"5454";" ";""
"202009";"60403";"0220";"Prodejna Prostějov";29.09.2020;"   5";"";"";"5460";" ";""
"202009";"60409";"0521";"Velkoobchod Ostrava";29.09.2020;"   9";"";"";"";"X";""
"202010";"60394";"0520";"Prodejna Prostějov";01.10.2020;"   5";"";"";"";"X";""
"202010";"60410";"0520";"Prodejna Ostrava";01.10.2020;"   4";"";"";"";"X";""
"202010";"10363";"0502";"BERNOLD s.r.o.";01.10.2020;"  26878496";"   0";"40000290";"";"X";""
"202010";"60419";"0520";"Prodejna Otrokovice";01.10.2020;"   3";"";"";"";"X";""
"202009";"10288";"0502";"EUROBYT Jihlava";03.09.2020;"  28320255";" 001";"40000288";"";"X";""
"202009";"10303";"0502";"EUROBYT Jihlava";15.09.2020;"  28320255";" 001";"40000288";"";"X";""
"202009";"10390";"0001";" Cenové rozdíly v NákC";30.09.2020;"";"";"";"";" ";""
"202009";"10391";"0001";" Cenové rozdíly v NákC";30.09.2020;"";"";"";"";" ";""
"202010";"60380";"0520";"Prodejna Olomouc";01.10.2020;"   2";"";"";"";"X";""
"202010";"10392";"0502";"PRD - ZLÍN";01.10.2020;"  24235920";" 090";"40000296";"";"X";""
"202010";"60390";"0520";"Prodejna Sumperk";01.10.2020;"   1";"";"";"";"X";""
"202010";"10383";"0502";"BENZL s.r.o.";01.10.2020;"  22796665";"   0";"40000303";"";"X";""
"202010";"60044";"0520";"Stavba";01.10.2020;"  88";"";"";"";"X";""
"202010";"55215";"0202";"Cersanit sanita";01.10.2020;"640001666";"";"";"H163518";"A";""
"202010";"55216";"0202";"Cersanit sanita";01.10.2020;"640001666";"";"";"H163618";"A";""
"202010";"10323";"0502";"B+D Litoměřice";01.10.2020;"  72613556";"   0";"40000297";"";"X";""
"202010";"10342";"0502";"VANEK - Horka";01.10.2020;"  26013789";"   2";"40000298";"";"X";""
"202010";"10370";"0502";"HB servis, s.r.o.";01.10.2020;"  25877984";"   0";"40000294";"";"X";""
"202010";"55218";"0202";"Drevojas";01.10.2020;"0042193940";"";"";"201038936";"A";""
"202010";"55220";"0202";"TEiKO spol. s r.o.";01.10.2020;"  44004770";"";"";"720113058";"A";""
"202010";"55219";"0202";"TEiKO spol. s r.o.";01.10.2020;"  44004770";"";"";"720113061";"A";""
"202010";"10384";"0502";"STAMI-Hranice";01.10.2020;"  26849216";"   1";"40000304";"";"X";""
"202010";"55221";"0202";"TEiKO spol. s r.o.";01.10.2020;"  44004770";"";"";"320003816";"A";""
"202010";"55222";"0202";"Cersanit sanita";01.10.2020;"640001666";"";"";"H158726";"A";""
"202010";"55223";"0202";"Cersanit sanita";01.10.2020;"640001666";"";"";"H159775";"A";""
"202010";"55217";"0202";"Drevojas";01.10.2020;"0042193940";"";"";"201038937";"A";""
"202010";"55224";"0202";"Cersanit sanita";01.10.2020;"640001666";"";"";"H156333";"A";""
"202010";"60425";"0221";"Velkoobchod Ostrava";01.10.2020;"   9";"";"";"93822";" ";""
"202010";"80194";"0402";"Elefant, DC s.r.o.";01.10.2020;"  27306372";"   0";"50000006";"";" ";"10194"
"202010";"10369";"0502";"FAGELLA - Ostrava";01.10.2020;"  27783341";"   2";"40000293";"";"X";""
"202010";"60411";"0520";"Prodejna Ostrava";01.10.2020;"   4";"";"";"";"X";""
"202010";"60420";"0520";"Prodejna Olomouc";01.10.2020;"   2";"";"";"";"X";""
"202010";"10394";"0502";"PRO-DOMA - Prostějov";01.10.2020;"  24235920";" 003";"40000320";"";"X";""
"202010";"10387";"0502";"AVANT-Uničov";01.10.2020;"  25855069";"   2";"40000319";"";"X";""
"202010";"60427";"0221";"Velkoobchod Ostrava";02.10.2020;"   9";"";"";"93841";" ";""
"202010";"10398";"0502";"VACUTEC/Hodonín/";01.10.2020;"  27704203";"   0";"40000327";"";"X";""
"202010";"10385";"0502";"MARES Stanislav";01.10.2020;"  11428660";"   0";"40000305";"";"X";""
"202010";"10397";"0502";"LD CERAMIC";01.10.2020;"  12900699";"   0";"40000326";"";"X";""
"202010";"10388";"0502";"PELA CZ - Nový Jičín";01.10.2020;"  25822454";"   1";"40000307";"";"X";""
"202010";"60397";"0520";"Prodejna Hradec Králové";05.10.2020;"   8";"";"";"";"X";""
"202010";"60422";"0520";"Prodejna Ostrava";01.10.2020;"   4";"";"";"";"X";""
"202010";"60395";"0520";"Prodejna Teplice";05.10.2020;"   6";"";"";"";"X";""
"202010";"60396";"0520";"Prodejna Valašské Meziříčí";05.10.2020;"   7";"";"";"";"X";""
"202010";"55225";"0202";"RAVAK MORAVA, a.s.";05.10.2020;"  25612492";"";"";"3201175234";"A";""
"202010";"10402";"0502";"PELA CZ - Nový Jičín";05.10.2020;"  25822454";"   1";"40000318";"";"X";""
"202010";"10320";"0502";"PRO-DOMA - Znojmo";01.10.2020;"  24235920";" 001";"40000308";"";"X";""
"202010";"10358";"0502";"KERAMA s.r.o.";01.10.2020;"  63486806";"   0";"40000310";"";"X";""
"202010";"10359";"0502";"MAKA THERM-B.PROBRNO";01.10.2020;"  26025051";" 001";"40000311";"";"X";""
"202010";"10381";"0502";"Teko";01.10.2020;"  46982141";" 001";"40000312";"";"X";""
"202010";"10382";"0502";"Jurcaga 2";01.10.2020;"  29201241";" 001";"40000313";"";"X";""
"202010";"10389";"0502";"MAKA THERM-ČB";01.10.2020;"  26025051";" 002";"40000314";"";"X";""
"202010";"10393";"0502";"PRO-DOMA - Znojmo";01.10.2020;"  24235920";" 001";"40000309";"";"X";""
"202010";"60426";"0521";"Velkoobchod Ostrava";05.10.2020;"   9";"";"";"";"X";""
"202010";"10371";"0502";"RKS              TP";05.10.2020;"  25121049";"  59";"40000315";"";"X";""
"202010";"55194";"0202";"LAUFEN";01.10.2020;"  25758691";"";"";"1390238602";"A";""
"202010";"10399";"0502";"BERNOLD s.r.o.";01.10.2020;"  26878496";"   0";"40000321";"";"X";""
"202010";"60434";"0220";"Prodejna Ostrava";06.10.2020;"   4";"";"";"4815";"A";""
"202010";"10400";"0502";"HOLLESCH";01.10.2020;"  07761945";"   0";"40000317";"";"X";""
"202010";"60436";"0520";"Stavba";06.10.2020;"  88";"";"";"";"X";""
"202010";"60437";"0520";"Stavba";06.10.2020;"  88";"";"";"";"X";""
"202010";"55230";"0202";"Drevojas";06.10.2020;"0042193940";"";"";"201039042";"A";""
"202010";"10406";"0502";"MARO - Hrad.Králové";05.10.2020;"  47453427";"   8";"40000330";"";"X";""
"202010";"60392";"0520";"Prodejna Sumperk";07.10.2020;"   1";"";"";"";"X";""
"202010";"60421";"0520";"Prodejna Olomouc";01.10.2020;"   2";"";"";"";"X";""
"202010";"60438";"0220";"Stavba";07.10.2020;"  88";"";"";"31945";"A";""
"202010";"60424";"0520";"Prodejna Prostějov";07.10.2020;"   5";"";"";"";"X";""
"202010";"10411";"0502";"Petr Lipowski-KACH";07.10.2020;"  73966584";"   0";"40000322";"";"X";""
"202010";"60440";"0520";"Prodejna Olomouc";07.10.2020;"   2";"";"";"";"X";""
"202010";"60423";"0520";"Prodejna Ostrava";01.10.2020;"   4";"";"";"";"X";""
"202010";"60393";"0520";"Prodejna Otrokovice";08.10.2020;"   3";"";"";"";"X";""
"202010";"60432";"0520";"Prodejna Ostrava";05.10.2020;"   4";"";"";"";"X";""
"202010";"55232";"0202";"LAUFEN";07.10.2020;"  25758691";"";"";"1390240882";"A";""
"202010";"10412";"0502";"KACHLÍK";07.10.2020;"  29451027";"   0";"40000323";"";"X";""
"202010";"60433";"0520";"Prodejna Ostrava";05.10.2020;"   4";"";"";"";"X";""
"202010";"10413";"0502";"HOLLESCH";07.10.2020;"  07761945";"   0";"40000324";"";"X";""
"202010";"55233";"0202";"DC RAVAK MORAVA, a.s";08.10.2020;"  25853155";"";"";"1202005306";"A";""
"202010";"60444";"0520";"Prodejna Ostrava";07.10.2020;"   4";"";"";"";"X";""
"202010";"55229";"0202";"Drevojas";06.10.2020;"0042193940";"";"";"201039073";"A";""
"202010";"60446";"0521";"Velkoobchod Ostrava";08.10.2020;"   9";"";"";"";"X";""
"202010";"10414";"0502";"KACHLÍK";07.10.2020;"  29451027";"   0";"40000323";"";"X";""
"202010";"10420";"0502";"Čestmir Ekrt";08.10.2020;"";"6059";"40000316";"";"X";""
"202010";"55231";"0202";"TEiKO spol. s r.o.";07.10.2020;"  44004770";"";"";"720113151";"A";""
"202010";"55226";"0202";"Zehnder group";06.10.2020;"  24262200";"5917";"";"9021011243";"A";""
"202010";"55227";"0202";"Zehnder group";06.10.2020;"  24262200";"5917";"";"9021011248";"A";""
"202010";"55228";"0202";"Zehnder group";06.10.2020;"  24262200";"5917";"";"9021011246";"A";""
"202010";"10418";"0502";"LATOP spol. s r.o.";07.10.2020;"  45022747";"   0";"40000336";"";"X";""
"202010";"10403";"0502";"HORAK - M.Budějovice";05.10.2020;"  63430851";"   0";"40000329";"";"X";""
"202010";"60452";"0220";"Stavba";09.10.2020;"  88";"";"";"1234";"A";""
"202010";"55234";"0202";"Drevojas";09.10.2020;"0042193940";"";"";"201039191";"A";""
"202010";"55235";"0202";"Drevojas";09.10.2020;"0042193940";"";"";"201039190";"A";""
"202010";"55236";"0202";"Drevojas";09.10.2020;"0042193940";"";"";"201039226";"A";""
"202010";"60435";"0520";"Prodejna Sumperk";09.10.2020;"   1";"";"";"";"X";""
"202010";"55237";"0202";"Cersanit sanita";09.10.2020;"640001666";"";"";"H162513";"A";""
"202010";"55239";"0202";"Cersanit sanita";09.10.2020;"640001666";"";"";"H164033";"A";""
"202010";"55240";"0202";"Cersanit sanita";09.10.2020;"640001666";"";"";"H164030";"A";""
"202010";"55241";"0202";"Cersanit sanita";09.10.2020;"640001666";"";"";"H163706";"A";""
"202010";"60430";"0520";"Prodejna Hradec Králové";09.10.2020;"   8";"";"";"";"X";""
"202010";"10365";"0502";"DM STAV - Michálek";01.10.2020;"  48763861";"   1";"40000338";"";"X";""
"202010";"60431";"0520";"Prodejna Olomouc";05.10.2020;"   2";"";"";"";"X";""
"202010";"60441";"0520";"Prodejna Prostějov";09.10.2020;"   5";"";"";"";"X";""
"202010";"10421";"0502";"LEVEL 02, a.s.";08.10.2020;"  26929708";"   0";"40000332";"";"X";""
"202010";"10417";"0502";"Kestin";07.10.2020;"  60935251";"   0";"40000325";"";"X";""
"202010";"10355";"0502";"PELA CZ - Nový Jičín";01.10.2020;"  25822454";"   1";"40000318";"";"X";""
"202010";"55238";"0202";"Cersanit sanita";09.10.2020;"640001666";"";"";"H163544";"A";""
"202010";"60428";"0520";"Prodejna Teplice";12.10.2020;"   6";"";"";"";"X";""
"202010";"10430";"0502";"KOUPELNY FRÝDEK";09.10.2020;"  07011628";"   0";"40000333";"";"X";""
"202010";"30010";"0301";"Příjem dávky  přecenění";09.10.2020;"";"";"";"";" ";""
"202010";"60458";"0520";"Prodejna Hradec Králové";12.10.2020;"   8";"";"";"";"X";""
"202010";"10431";"0502";"BENZL s.r.o.";09.10.2020;"  22796665";"   0";"40000334";"";"X";""
"202010";"60429";"0520";"Prodejna Valašské Meziříčí";12.10.2020;"   7";"";"";"";"X";""
"202010";"60445";"0520";"Prodejna Ostrava";07.10.2020;"   4";"";"";"";"X";""
"202010";"10432";"0502";"BERNOLD s.r.o.";09.10.2020;"  26878496";"   0";"40000335";"";"X";""
"202010";"10433";"0502";"STAMI-Hranice";09.10.2020;"  26849216";"   1";"40000340";"";"X";""
"202010";"60464";"0520";"Prodejna Olomouc";12.10.2020;"   2";"";"";"";"X";""
"202010";"60457";"0520";"Prodejna Prostějov";13.10.2020;"   5";"";"";"";"X";""
"202010";"60456";"0520";"Prodejna Sumperk";13.10.2020;"   1";"";"";"";"X";""
"202010";"70028";"0752";"rozbité";12.10.2020;"";"";"";"";"X";""
"202010";"10401";"0502";"MARES Stanislav";01.10.2020;"  11428660";"   0";"40000328";"";"X";""
"202010";"10407";"0502";"CIMBAL - Liberec";05.10.2020;"  27315827";"   2";"40000331";"";"X";""
"202010";"60448";"0520";"Prodejna Ostrava";08.10.2020;"   4";"";"";"";"X";""
"202010";"60442";"0520";"Prodejna Olomouc";07.10.2020;"   2";"";"";"";"X";""
"202010";"60466";"0520";"Prodejna Prostějov";13.10.2020;"   5";"";"";"";"X";""
"202010";"60443";"0520";"Prodejna Olomouc";07.10.2020;"   2";"";"";"";"X";""
"202010";"55243";"0202";"Zehnder group";13.10.2020;"  24262200";"5917";"";"9021013686";"A";""
"202010";"55245";"0202";"Zehnder group";13.10.2020;"  24262200";"5917";"";"9021013688";"A";""
"202010";"55246";"0202";"Zehnder group";13.10.2020;"  24262200";"5917";"";"9021013690";"A";""
"202010";"60471";"0520";"Prodejna Ostrava";13.10.2020;"   4";"";"";"";"X";""
"202010";"60358";"0520";"Prodejna Otrokovice";14.10.2020;"   3";"";"";"";"X";""
"202010";"60449";"0520";"Prodejna Ostrava";08.10.2020;"   4";"";"";"";"X";""
"202010";"60467";"0520";"Prodejna Prostějov";14.10.2020;"   5";"";"";"";"X";""
"202010";"10434";"0502";"BERNOLD s.r.o.";09.10.2020;"  26878496";"   0";"40000343";"";"X";""
"202010";"10405";"0502";"PRO-DOMA - Znojmo";05.10.2020;"  24235920";" 001";"40000337";"";"X";""
"202010";"55244";"0202";"Zehnder group";13.10.2020;"  24262200";"5917";"";"9021013687";"A";""
"202010";"55247";"0202";"LAUFEN";14.10.2020;"  25758691";"";"";"1390242107";"A";""
"202010";"10427";"0502";"PELA CZ - Nový Jičín";08.10.2020;"  25822454";"   1";"40000342";"";"X";""
"202010";"10441";"0502";"Petr Lipowski-KACH";12.10.2020;"  73966584";"   0";"40000344";"";"X";""
"202010";"10447";"0502";"Vavex 1990 s.r.o.";15.10.2020;"  26776251";"   0";"40000355";"";"X";""
"202010";"55248";"0202";"Cersanit sanita";15.10.2020;"640001666";"";"";"H164461";"A";""
"202010";"55249";"0202";"DC RAVAK MORAVA, a.s";15.10.2020;"  25853155";"";"";"1202005447";"A";""
"202010";"60473";"0520";"Prodejna Prostějov";15.10.2020;"   5";"";"";"";"X";""
"202010";"60469";"0520";"Prodejna Ostrava";13.10.2020;"   4";"";"";"";"X";""
"202010";"60477";"0521";"Velkoobchod Ostrava";15.10.2020;"   9";"";"";"";"X";""
"202010";"10426";"0502";"LEVEL 02, a.s.";08.10.2020;"  26929708";"   0";"40000339";"";"X";""
"202010";"90024";"0402";"Loudin - realizace";15.10.2020;"  03672255";"   0";"50000007";"";" ";"10024"
"202010";"60478";"0520";"Stavba";15.10.2020;"  88";"";"";"";"X";""
"202010";"60476";"0521";"Velkoobchod Ostrava";15.10.2020;"   9";"";"";"";"X";""
"202010";"60455";"0521";"Velkoobchod Ostrava";14.10.2020;"   9";"";"";"";"X";""
"202010";"10428";"0502";"PRO-DOMA - Znojmo";09.10.2020;"  24235920";" 001";"40000341";"";"X";""
"202010";"10429";"0502";"PRO-DOMA - Znojmo";09.10.2020;"  24235920";" 001";"40000341";"";"X";""
"202010";"10439";"0502";"MAKA THERM-B.PROBRNO";12.10.2020;"  26025051";" 001";"40000376";"";"X";""
"202010";"60472";"0520";"Prodejna Otrokovice";15.10.2020;"   3";"";"";"";"X";""
"202010";"70030";"0753";"Peter Turza";16.10.2020;"";"";"";"";"X";""
"202010";"60468";"0520";"Prodejna Olomouc";13.10.2020;"   2";"";"";"";"X";""
"202010";"60465";"0520";"Prodejna Sumperk";15.10.2020;"   1";"";"";"";"X";""
"202010";"60470";"0520";"Prodejna Ostrava";13.10.2020;"   4";"";"";"";"X";""
"202010";"10446";"0502";"LD CERAMIC";14.10.2020;"  12900699";"   0";"40000357";"";"X";""
"202010";"55250";"0202";"TEiKO spol. s r.o.";16.10.2020;"  44004770";"";"";"720113201";"A";""
"202010";"10449";"0502";"MARO - Žďár n.Sázavo";15.10.2020;"  47453427";"   9";"40000358";"";"X";""
"202010";"10461";"0502";"ESMAT s.r.o.";19.10.2020;"  29312701";"   0";"40000360";"";"X";""
"202010";"10462";"0502";"KRIZ - Kříž Josef";19.10.2020;"  11326956";"   0";"40000361";"";"X";""
"202010";"10395";"0502";"Stavmont-Jan Beneš";01.10.2020;"  40282295";" 001";"40000367";"";"X";""
"202010";"10396";"0502";"KERAMA s.r.o.";01.10.2020;"  63486806";"   0";"40000345";"";"X";""
"202010";"10404";"0502";"Elefant, DC s.r.o.";05.10.2020;"  27306372";"   0";"40000346";"";"X";""
"202010";"10409";"0502";"MAKA THERM-B.PROBRNO";12.10.2020;"  26025051";" 001";"40000347";"";"X";""
"202010";"10415";"0502";"Mihoč";12.10.2020;"  68709145";" 001";"40000348";"";"X";""
"202010";"10416";"0502";"Elmat Super,s.r.o.";07.10.2020;"  26913577";"   2";"40000349";"";"X";""
"202010";"10450";"0502";"Jurcaga 2";15.10.2020;"  29201241";" 001";"40000350";"";"X";""
"202010";"10458";"0502";"Jurcaga 2";16.10.2020;"  29201241";" 001";"40000350";"";"X";""
"202010";"60480";"0520";"Prodejna Otrokovice";16.10.2020;"   3";"";"";"";"X";""
"202010";"10444";"0502";"PRO-DOMA - Znojmo";13.10.2020;"  24235920";" 001";"40000351";"";"X";""
"202010";"10465";"0502";"PRO-DOMA - Zn.stavba";19.10.2020;"  24235920";" 020";"40000352";"";"X";""
"202010";"10463";"0502";"HOLLESCH";19.10.2020;"  07761945";"   0";"40000362";"";"X";""
"202010";"60460";"0520";"Prodejna Teplice";16.10.2020;"   6";"";"";"";"X";""
"202010";"55251";"0202";"Drevojas";19.10.2020;"0042193940";"";"";"201039379";"A";""
"202010";"55252";"0202";"Drevojas";19.10.2020;"0042193940";"";"";"201039378";"A";""
"202010";"60481";"0520";"Prodejna Prostějov";16.10.2020;"   5";"";"";"";"X";""
"202010";"10443";"0502";"BERNOLD s.r.o.";12.10.2020;"  26878496";"   0";"40000356";"";"X";""
"202010";"70031";"0751";"chybí";19.10.2020;"";"";"";"";"X";""
"202010";"10467";"0502";"KOUPELNY FRÝDEK";19.10.2020;"  07011628";"   0";"40000378";"";"X";""
"202010";"10466";"0502";"B+D Litoměřice";19.10.2020;"  72613556";"   0";"40000363";"";"X";""
"202010";"60461";"0520";"Prodejna Valašské Meziříčí";16.10.2020;"   7";"";"";"";"X";""
"202010";"10468";"0502";"KACHLÍK";19.10.2020;"  29451027";"   0";"40000379";"";"X";""
"202010";"55253";"0202";"Cersanit sanita";20.10.2020;"640001666";"";"";"H164036";"A";""
"202010";"55254";"0202";"Cersanit sanita";20.10.2020;"640001666";"";"";"H164466";"A";""
"202010";"55255";"0202";"Cersanit sanita";20.10.2020;"640001666";"";"";"H164044";"A";""
"202010";"55256";"0202";"Cersanit sanita";20.10.2020;"640001666";"";"";"H164035";"A";""
"202010";"55257";"0202";"Drevojas";20.10.2020;"0042193940";"";"";"201039504";"A";""
"202010";"10451";"0502";"LATOP spol. s r.o.";15.10.2020;"  45022747";"   0";"40000359";"";"X";""
"202010";"10476";"0502";"PRO-DOMA - Prostějov";20.10.2020;"  24235920";" 003";"40000364";"";"X";""
"202010";"60487";"0521";"Velkoobchod Ostrava";19.10.2020;"   9";"";"";"";"X";""
"202010";"60479";"0520";"Prodejna Sumperk";16.10.2020;"   1";"";"";"";"X";""
"202010";"60462";"0520";"Prodejna Hradec Králové";16.10.2020;"   8";"";"";"";"X";""
"202010";"10470";"0502";"ALCAPLAST-Břeclav";20.10.2020;"  25655809";"   0";"40000374";"";"X";""
"202010";"30011";"0301";"Příjem dávky  přecenění";20.10.2020;"";"";"";"";" ";""
"202010";"10471";"0502";"STIBAL ZÁBŘEH";20.10.2020;"  03197077";"   0";"40000365";"";"X";""
"202010";"10452";"0502";"KONRAD KERAMIKA";15.10.2020;"  02435942";"   0";"40000385";"";"X";""
"202010";"10453";"0502";"TEXEVO s.r.o.";15.10.2020;"  25953699";"   0";"40000386";"";"X";""
"202010";"55258";"0202";"Cersanit sanita";20.10.2020;"640001666";"";"";"H164359";"A";""
"202011";"10454";"0502";"JAHLA - Jakub Hlaváč";02.11.2020;"  75284464";"   0";"40000435";"";"X";""
"202010";"60475";"0520";"Prodejna Ostrava";15.10.2020;"   4";"";"";"";"X";""
"202010";"60492";"0521";"Velkoobchod Ostrava";21.10.2020;"   9";"";"";"";"X";""
"202010";"60486";"0520";"Prodejna Prostějov";22.10.2020;"   5";"";"";"";"X";""
"202010";"60488";"0520";"Prodejna Otrokovice";22.10.2020;"   3";"";"";"";"X";""
"202010";"10488";"0502";"Jitka Krušinová";21.10.2020;"";"6060";"40000353";"";"X";""
"202010";"60482";"0520";"Prodejna Olomouc";16.10.2020;"   2";"";"";"";"X";""
"202010";"60493";"0520";"Prodejna Sumperk";22.10.2020;"   1";"";"";"";"X";""
"202010";"10490";"0502";"Martin Štroffek";22.10.2020;"";"6061";"40000354";"";"X";""
"202010";"60484";"0520";"Prodejna Ostrava";16.10.2020;"   4";"";"";"";"X";""
"202011";"10480";"0502";"PROBYT-Jaroslav Žák";02.11.2020;"  14729423";"   0";"40000403";"";"X";""
"202010";"60485";"0520";"Prodejna Ostrava";16.10.2020;"   4";"";"";"";"X";""
"202010";"60501";"0521";"Velkoobchod Ostrava";23.10.2020;"   9";"";"";"";"X";""
"202010";"55262";"0202";"Cersanit sanita";23.10.2020;"640001666";"";"";"H164788";"A";""
"202010";"10481";"0502";"BERNOLD s.r.o.";20.10.2020;"  26878496";"   0";"40000381";"";"X";""
"202010";"10475";"0502";"EUROBYT Jihlava";20.10.2020;"  28320255";" 001";"40000366";"";"X";""
"202010";"55264";"0202";"Drevojas";23.10.2020;"0042193940";"";"";"204230969";"A";""
"202010";"55265";"0202";"Cersanit sanita";23.10.2020;"640001666";"";"";"H164566";"A";""
"202010";"10474";"0502";"HOLLESCH";20.10.2020;"  07761945";"   0";"40000380";"";"X";""
"202010";"10448";"0502";"MARO - Hrad.Králové";15.10.2020;"  47453427";"   8";"40000384";"";"X";""
"202010";"10438";"0502";"Elmat Super,s.r.o.";19.10.2020;"  26913577";"   2";"40000368";"";"X";""
"202010";"10457";"0502";"KERAMA s.r.o.";16.10.2020;"  63486806";"   0";"40000369";"";"X";""
"202010";"60500";"0520";"Prodejna Prostějov";23.10.2020;"   5";"";"";"";"X";""
"202010";"10459";"0502";"Elefant, DC s.r.o.";19.10.2020;"  27306372";"   0";"40000370";"";"X";""
"202010";"10460";"0502";"PRO-DOMA - Znojmo";23.10.2020;"  24235920";" 001";"40000371";"";"X";""
"202010";"10478";"0502";"KERAMA s.r.o.";23.10.2020;"  63486806";"   0";"40000372";"";"X";""
"202010";"60474";"0520";"Prodejna Olomouc";15.10.2020;"   2";"";"";"";"X";""
"202010";"60483";"0520";"Prodejna Olomouc";26.10.2020;"   2";"";"";"";"X";""
"202010";"60491";"0520";"Prodejna Hradec Králové";27.10.2020;"   8";"";"";"";"X";""
"202010";"10482";"0502";"VANEK - Horka";20.10.2020;"  26013789";"   2";"40000388";"";"X";""
"202010";"60499";"0520";"Prodejna Otrokovice";23.10.2020;"   3";"";"";"";"X";""
"202010";"60496";"0520";"Prodejna Ostrava";22.10.2020;"   4";"";"";"";"X";""
"202010";"10497";"0502";"Blanka Antošová";26.10.2020;"";"6062";"40000375";"";"X";""
"202010";"60489";"0520";"Prodejna Valašské Meziříčí";26.10.2020;"   7";"";"";"";"X";""
"202010";"60502";"0520";"Prodejna Otrokovice";26.10.2020;"   3";"";"";"";"X";""
"202010";"60498";"0520";"Prodejna Sumperk";26.10.2020;"   1";"";"";"";"X";""
"202010";"55259";"0202";"Drevojas";21.10.2020;"0042193940";"";"";"201039554";"A";""
"202010";"55260";"0202";"LAUFEN";22.10.2020;"  25758691";"";"";"1390243274";"A";""
"202010";"10464";"0502";"LEVEL 02, a.s.";19.10.2020;"  26929708";"   0";"40000373";"";"X";""
"202010";"55261";"0202";"Zehnder group";22.10.2020;"  24262200";"5917";"";"9021017334";"A";""
"202010";"55263";"0202";"Zehnder group";23.10.2020;"  24262200";"5917";"";"9021016188";"A";""
"202010";"60508";"0520";"Prodejna Otrokovice";26.10.2020;"   3";"";"";"";"X";""
"202010";"60504";"0520";"Prodejna Olomouc";26.10.2020;"   2";"";"";"";"X";""
"202010";"10483";"0502";"Petr Lipowski-KACH";20.10.2020;"  73966584";"   0";"40000397";"";"X";""
"202010";"10498";"0502";"Marek Schlixbier";26.10.2020;"  86863657";"";"40000377";"";"X";""
"202010";"70029";"0755";"atyp. palety";15.10.2020;"";"";"";"";"X";""
"202010";"30012";"0301";"Příjem dávky  přecenění";26.10.2020;"";"";"";"";" ";""
"202010";"60490";"0520";"Prodejna Teplice";27.10.2020;"   6";"";"";"";"X";""
"202010";"60507";"0520";"Prodejna Sumperk";26.10.2020;"   1";"";"";"";"X";""
"202010";"10504";"0502";"Vladislav Paznoht";27.10.2020;"";"6063";"40000382";"";"X";""
"202010";"60513";"0521";"Velkoobchod Ostrava";27.10.2020;"   9";"";"";"";"X";""
"202010";"10494";"0502";"HORAK CZ";23.10.2020;"  25480073";"   0";"40000389";"";"X";""
"202010";"10442";"0502";"BENZL s.r.o.";12.10.2020;"  22796665";"   0";"40000383";"";"X";""
"202010";"55266";"0202";"Cersanit sanita";27.10.2020;"640001666";"";"";"H164631";"A";""
"202010";"55267";"0202";"Cersanit sanita";27.10.2020;"640001666";"";"";"H164218";"A";""
"202010";"55268";"0202";"Cersanit sanita";27.10.2020;"640001666";"";"";"H164034";"A";""
"202010";"55269";"0202";"Cersanit sanita";27.10.2020;"640001666";"";"";"H164032";"A";""
"202010";"60511";"0520";"Prodejna Olomouc";27.10.2020;"   2";"";"";"";"X";""
"202010";"55270";"0202";"Cersanit sanita";27.10.2020;"640001666";"";"";"H161706";"A";""
"202010";"55271";"0202";"Cersanit sanita";27.10.2020;"640001666";"";"";"H163706";"A";""
"202010";"55272";"0202";"Cersanit sanita";27.10.2020;"640001666";"";"";"H160368";"A";""
"202011";"10506";"0502";"HORAK - M.Budějovice";02.11.2020;"  63430851";"   0";"40000406";"";"X";""
"202010";"10503";"0502";"KOUPELNY FRÝDEK";26.10.2020;"  07011628";"   0";"40000391";"";"X";""
"202010";"10499";"0502";"BENZL s.r.o.";26.10.2020;"  22796665";"   0";"40000383";"";"X";""
"202010";"60439";"0220";"Prodejna Olomouc";07.10.2020;"   2";"";"";"2651";"A";""
"202010";"60453";"0220";"Prodejna Olomouc";09.10.2020;"   2";"";"";"2658";"A";""
"202010";"60454";"0220";"Prodejna Olomouc";09.10.2020;"   2";"";"";"2653";"A";""
"202010";"10492";"0502";"BUILDTECHNOLOGY TP";27.10.2020;"  06147941";"";"40000390";"";"X";""
"202010";"60450";"0220";"Prodejna Ostrava";08.10.2020;"   4";"";"";"4808";"A";""
"202010";"60451";"0220";"Prodejna Ostrava";08.10.2020;"   4";"";"";"4824";"A";""
"202010";"60459";"0220";"Prodejna Ostrava";12.10.2020;"   4";"";"";"4839";"A";""
"202010";"60494";"0220";"Prodejna Ostrava";21.10.2020;"   4";"";"";"4870";"A";""
"202010";"10484";"0502";"KOUPELNY FRÝDEK";20.10.2020;"  07011628";"   0";"40000391";"";"X";""
"202010";"60495";"0220";"Prodejna Valašské Meziříčí";22.10.2020;"   7";"";"";"7336";"A";""
"202010";"55273";"0202";"Zehnder group";27.10.2020;"  24262200";"5917";"";"9021018715";"A";""
"202010";"55274";"0202";"Zehnder group";27.10.2020;"  24262200";"5917";"";"9021018716";"A";""
"202010";"60497";"0520";"Prodejna Ostrava";27.10.2020;"   4";"";"";"";"X";""
"202010";"55275";"0202";"Cersanit sanita";27.10.2020;"640001666";"";"";"H161345";"A";""
"202010";"55276";"0202";"Cersanit sanita";27.10.2020;"640001666";"";"";"H159412";"A";""
"202010";"55277";"0202";"Cersanit sanita";27.10.2020;"640001666";"";"";"H158726";"A";""
"202010";"60517";"0220";"Prodejna Hradec Králové";27.10.2020;"   8";"";"";"8855";"A";""
"202010";"60505";"0520";"Prodejna Ostrava";29.10.2020;"   4";"";"";"";"X";""
"202011";"10501";"0502";"MARES Stanislav";02.11.2020;"  11428660";"   0";"40000399";"";"X";""
"202010";"10472";"0502";"CERO s.r.o.";20.10.2020;"  24309630";"   0";"40000387";"";"X";""
"202011";"10495";"0502";"LATOP spol. s r.o.";02.11.2020;"  45022747";"   0";"40000404";"";"X";""
"202010";"55278";"0202";"DC RAVAK MORAVA, a.s";29.10.2020;"  25853155";"";"";"1202005689";"A";""
"202010";"55279";"0202";"RAVAK MORAVA, a.s.";29.10.2020;"  25612492";"";"";"3201175720";"A";""
"202010";"55280";"0202";"LAUFEN";29.10.2020;"  25758691";"";"";"1390244527";"A";""
"202010";"55281";"0202";"TEiKO spol. s r.o.";29.10.2020;"  44004770";"";"";"720113340";"A";""
"202010";"55282";"0202";"TEiKO spol. s r.o.";29.10.2020;"  44004770";"";"";"720113339";"A";""
"202010";"55283";"0202";"Drevojas";29.10.2020;"0042193940";"";"";"201039708";"A";""
"202010";"60506";"0520";"Prodejna Ostrava";29.10.2020;"   4";"";"";"";"X";""
"202011";"10517";"0502";"KK stavoinvesta";02.11.2020;"  46966218";"   0";"40000409";"";"X";""
"202010";"60503";"0520";"Prodejna Prostějov";30.10.2020;"   5";"";"";"";"X";""
"202011";"10491";"0502";"KERAMA s.r.o.";02.11.2020;"  63486806";"   0";"40000433";"";"X";""
"202010";"55284";"0202";"Cersanit sanita";30.10.2020;"640001666";"";"";"H161599";"A";""
"202011";"60515";"0520";"Prodejna Teplice";02.11.2020;"   6";"";"";"";"X";""
"202010";"55285";"0202";"Cersanit sanita";30.10.2020;"640001666";"";"";"H162510";"A";""
"202010";"55286";"0202";"Cersanit sanita";30.10.2020;"640001666";"";"";"H162511";"A";""
"202010";"55287";"0202";"Cersanit sanita";30.10.2020;"640001666";"";"";"H164916";"A";""
"202010";"55288";"0202";"Cersanit sanita";30.10.2020;"640001666";"";"";"H162509";"A";""
"202010";"55289";"0202";"Cersanit sanita";30.10.2020;"640001666";"";"";"H162502";"A";""
"202010";"55290";"0202";"Cersanit sanita";30.10.2020;"640001666";"";"";"H164031";"A";""
"202010";"55291";"0202";"Cersanit sanita";30.10.2020;"640001666";"";"";"H162482";"A";""
"202010";"55292";"0202";"Cersanit sanita";30.10.2020;"640001666";"";"";"H164915";"A";""
"202010";"55293";"0202";"Cersanit sanita";30.10.2020;"640001666";"";"";"H164882";"A";""
"202010";"55294";"0202";"Cersanit sanita";30.10.2020;"640001666";"";"";"H164217";"A";""
"202010";"55295";"0202";"Cersanit sanita";30.10.2020;"640001666";"";"";"H164914";"A";""
"202010";"55296";"0202";"Cersanit sanita";30.10.2020;"640001666";"";"";"H163706_";"A";""
"202010";"60519";"0520";"Stavba";30.10.2020;"  88";"";"";"";"X";""
"202011";"60520";"0520";"Stavba";02.11.2020;"  88";"";"";"";"X";""
"202010";"60522";"0521";"Velkoobchod Ostrava";09.11.2020;"   9";"";"";"";"X";""
"202010";"55298";"0202";"Cersanit sanita";30.10.2020;"640001666";"";"";"H164988";"A";""
"202010";"60512";"0520";"Prodejna Otrokovice";30.10.2020;"   3";"";"";"";"X";""
"202010";"10505";"0502";"Radek Vencl";30.10.2020;"";"6064";"40000392";"";"X";""
"202010";"55242";"0202";"TEiKO spol. s r.o.";12.10.2020;"  44004770";"";"";"320003902";"A";""
"202010";"60514";"0520";"Prodejna Olomouc";30.10.2020;"   2";"";"";"";"X";""
"202011";"10514";"0502";"BENZL s.r.o.";02.11.2020;"  22796665";"   0";"40000408";"";"X";""
"202010";"55297";"0202";"Cersanit sanita";30.10.2020;"640001666";"";"";"H164812";"A";""
"202010";"60523";"0220";"Prodejna Ostrava";30.10.2020;"   4";"";"";"4893";"A";""
"202010";"60524";"0220";"Prodejna Ostrava";30.10.2020;"   4";"";"";"4894";"A";""
"202011";"10473";"0502";"BERNOLD s.r.o.";02.11.2020;"  26878496";"   0";"40000402";"";"X";""
"202011";"10487";"0502";"PRO-DOMA - Znojmo";02.11.2020;"  24235920";" 001";"40000412";"";"X";""
"202011";"10523";"0502";"CREVET s.r.o.";02.11.2020;"  25845977";"   0";"40000410";"";"X";""
"202011";"10515";"0502";"BENZL s.r.o.";02.11.2020;"  22796665";"   0";"40000408";"";"X";""
"202011";"10500";"0502";"B+D Litoměřice";02.11.2020;"  72613556";"   0";"40000405";"";"X";""
"202011";"10520";"0502";"ONO Stavebniny s.r.o";02.11.2020;"  26823322";"   0";"40000416";"";"X";""
"202010";"60525";"0221";"Velkoobchod Ostrava";30.10.2020;"   9";"";"";"92975";" ";""
"202010";"10485";"0502";"Jurcaga 2";30.10.2020;"  29201241";" 001";"40000394";"";"X";""
"202010";"10507";"0502";"Jurcaga 2";30.10.2020;"  29201241";" 001";"40000395";"";"X";""
"202010";"10508";"0502";"MPS TRADE s.r.o.";30.10.2020;"  26857634";"   0";"40000396";"";"X";""
"202010";"10477";"0502";"Jurcaga 2";23.10.2020;"  29201241";" 001";"40000393";"";"X";""
"202010";"90310";"0402";"KOUPELNY FRÝDEK";30.10.2020;"  07011628";"   0";"50000008";"";" ";""
"202010";"10513";"0502";"BERNOLD s.r.o.";27.10.2020;"  26878496";"   0";"40000398";"";"X";""
"202010";"60510";"0520";"Prodejna Sumperk";30.10.2020;"   1";"";"";"";"X";""
"202011";"10516";"0502";"ESMAT s.r.o.";02.11.2020;"  29312701";"   0";"40000418";"";"X";""
"202010";"10528";"0001";" Cenové rozdíly v NákC";31.10.2020;"";"";"";"";" ";""
"202010";"10529";"0001";" Cenové rozdíly v NákC";31.10.2020;"";"";"";"";" ";""
"202011";"55300";"0202";"Cersanit sanita";02.11.2020;"640001666";"";"";"H165109";"A";""
"202011";"60509";"0520";"Prodejna Valašské Meziříčí";02.11.2020;"   7";"";"";"";"X";""
"202011";"10530";"0502";"Vavex 1990 s.r.o.";02.11.2020;"  26776251";"   0";"40000411";"";"X";""
"202011";"60516";"0520";"Prodejna Hradec Králové";02.11.2020;"   8";"";"";"";"X";""
"202011";"10531";"0502";"IR-PROGRES-Nový Jičí";02.11.2020;"  62301977";"   0";"40000415";"";"X";""
"202011";"55301";"0202";"DC RAVAK MORAVA, a.s";02.11.2020;"  25853155";"";"";"1202005727";"A";""
"202011";"60534";"0520";"Prodejna Valašské Meziříčí";02.11.2020;"   7";"";"";"";"X";""
"202011";"10533";"0502";"BERNOLD s.r.o.";02.11.2020;"  26878496";"   0";"40000425";"";"X";""
"202011";"10486";"0502";"PRO-DOMA - Znojmo";02.11.2020;"  24235920";" 001";"40000412";"";"X";""
"202011";"70032";"0755";"atyp. palety";02.11.2020;"";"";"";"";"X";""
"202011";"10537";"0502";"JAHLA - Jakub Hlaváč";02.11.2020;"  75284464";"   0";"40000435";"";"X";""
"202011";"10534";"0502";"KACHLÍK";02.11.2020;"  29451027";"   0";"40000426";"";"X";""
"202011";"60518";"0520";"Prodejna Ostrava";03.11.2020;"   4";"";"";"";"X";""
"202011";"60528";"0520";"Prodejna Otrokovice";04.11.2020;"   3";"";"";"";"X";""
"202011";"10502";"0502";"Petr Lipowski-KACH";02.11.2020;"  73966584";"   0";"40000413";"";"X";""
"202011";"60530";"0520";"Prodejna Prostějov";04.11.2020;"   5";"";"";"";"X";""
"202011";"10538";"0502";"BARTA BOHUMIR";03.11.2020;"  14554313";"   0";"40000428";"";"X";""
"202011";"10539";"0502";"VIHAMIJ";03.11.2020;"  45789096";"   1";"40000429";"";"X";""
"202011";"10535";"0502";"STAMI-Hranice";02.11.2020;"  26849216";"   1";"40000401";"";"X";""
"202011";"60526";"0520";"Prodejna Sumperk";05.11.2020;"   1";"";"";"";"X";""
"202011";"55299";"0202";"Cersanit sanita";02.11.2020;"640001666";"";"";"H165079";"A";""
"202011";"55302";"0202";"LAUFEN";04.11.2020;"  25758691";"";"";"1390245538";"A";""
"202011";"55303";"0202";"Cersanit sanita";04.11.2020;"640001666";"";"";"H163706";"A";""
"202011";"60539";"0520";"Prodejna Otrokovice";06.11.2020;"   3";"";"";"";"X";""
"202011";"60527";"0520";"Prodejna Olomouc";04.11.2020;"   2";"";"";"";"X";""
"202011";"10524";"0502";"KOUPELNY FRÝDEK";05.11.2020;"  07011628";"   0";"40000414";"";"X";""
"202011";"10525";"0502";"STAMI-Přerov";05.11.2020;"  26849216";"   2";"40000420";"";"X";""
"202011";"55305";"0202";"Cersanit sanita";05.11.2020;"640001666";"";"";"H164877";"A";""
"202011";"55304";"0202";"Cersanit sanita";05.11.2020;"640001666";"";"";"H165162";"A";""
"202011";"10272";"0502";"STAMI-Hranice";02.11.2020;"  26849216";"   1";"40000400";"";"X";""
"202011";"10469";"0502";"STAMI-Hranice";02.11.2020;"  26849216";"   1";"40000400";"";"X";""
"202011";"10509";"0502";"Tradix - Hra.Králové";02.11.2020;"  25531450";" 005";"40000407";"";"X";""
"202011";"60538";"0520";"Prodejna Olomouc";05.11.2020;"   2";"";"";"";"X";""
"202011";"10527";"0502";"ESMAT s.r.o.";05.11.2020;"  29312701";"   0";"40000417";"";"X";""
"202011";"60529";"0520";"Prodejna Ostrava";05.11.2020;"   4";"";"";"";"X";""
"202011";"10408";"0502";"HORAK - M.Budějovice";05.11.2020;"  63430851";"   0";"40000421";"";"X";""
"202011";"55306";"0202";"TEiKO spol. s r.o.";05.11.2020;"  44004770";"";"";"720113425";"A";""
"202011";"55307";"0202";"TEiKO spol. s r.o.";05.11.2020;"  44004770";"";"";"720113423";"A";""
"202011";"10410";"0502";"ESMAT s.r.o.";05.11.2020;"  29312701";"   0";"40000417";"";"X";""
"202011";"55308";"0202";"Cersanit sanita";05.11.2020;"640001666";"";"";"H164812";"A";""
"202011";"10378";"0502";"ESMAT s.r.o.";05.11.2020;"  29312701";"   0";"40000417";"";"X";""
"202011";"10377";"0502";"ESMAT s.r.o.";05.11.2020;"  29312701";"   0";"40000417";"";"X";""
"202011";"90426";"0402";"LEVEL 02, a.s.";05.11.2020;"  26929708";"   0";"50000009";"";" ";"10426"
"202011";"10526";"0502";"MARES Stanislav";05.11.2020;"  11428660";"   0";"40000423";"";"X";""
"202011";"10565";"0502";"KONRAD KERAMIKA";05.11.2020;"  02435942";"   0";"40000422";"";"X";""
"202011";"60542";"0520";"Prodejna Olomouc";06.11.2020;"   2";"";"";"";"X";""
"202011";"60533";"0520";"Prodejna Hradec Králové";09.11.2020;"   8";"";"";"";"X";""
"202011";"60532";"0520";"Prodejna Valašské Meziříčí";09.11.2020;"   7";"";"";"";"X";""
"202011";"60544";"0520";"Prodejna Ostrava";06.11.2020;"   4";"";"";"";"X";""
"202011";"10566";"0502";"PELA CZ - Nový Jičín";06.11.2020;"  25822454";"   1";"40000438";"";"X";""
"202011";"55310";"0202";"TEiKO spol. s r.o.";06.11.2020;"  44004770";"";"";"320004213";"A";""
"202011";"30013";"0301";"Příjem dávky  přecenění";06.11.2020;"";"";"";"";" ";""
"202011";"10234";"0502";"ESMAT s.r.o.";05.11.2020;"  29312701";"   0";"40000417";"";"X";""
"202011";"10521";"0502";"PRO-DOMA - Znojmo";05.11.2020;"  24235920";" 001";"40000430";"";"X";""
"202011";"55312";"0202";"Cersanit sanita";09.11.2020;"640001666";"";"";"H165512";"A";""
"202011";"60531";"0520";"Prodejna Teplice";09.11.2020;"   6";"";"";"";"X";""
"202011";"10519";"0502";"KERAMA s.r.o.";05.11.2020;"  63486806";"   0";"40000433";"";"X";""
"202011";"60547";"0220";"Prodejna Ostrava";09.11.2020;"   4";"";"";"4508";" ";"60057"
"202011";"60548";"0521";"Velkoobchod Ostrava";09.11.2020;"   9";"";"";"";" ";"60058"
"202011";"60545";"0520";"Prodejna Olomouc";09.11.2020;"   2";"";"";"";"X";""
"202011";"60543";"0520";"Prodejna Ostrava";09.11.2020;"   4";"";"";"";"X";""
"202011";"60549";"0520";"Prodejna Valašské Meziříčí";09.11.2020;"   7";"";"";"";"X";""
"202011";"10496";"0502";"KONRAD KERAMIKA";02.11.2020;"  02435942";"   0";"40000422";"";"X";""
"202011";"10532";"0502";"BENZL s.r.o.";02.11.2020;"  22796665";"   0";"40000424";"";"X";""
"202011";"10544";"0502";"Petr Lipowski-KACH";04.11.2020;"  73966584";"   0";"40000436";"";"X";""
"202011";"10545";"0502";"HOLLESCH";04.11.2020;"  07761945";"   0";"40000441";"";"X";""
"202011";"10536";"0502";"KOUPELNY FRÝDEK";02.11.2020;"  07011628";"   0";"40000427";"";"X";""
"202011";"10422";"0502";"STAMI-Přerov";02.11.2020;"  26849216";"   2";"40000419";"";"X";""
"202011";"10423";"0502";"STAMI-Přerov";02.11.2020;"  26849216";"   2";"40000419";"";"X";""
"202011";"10424";"0502";"STAMI-Přerov";02.11.2020;"  26849216";"   2";"40000419";"";"X";""
"202011";"10425";"0502";"STAMI-Přerov";02.11.2020;"  26849216";"   2";"40000419";"";"X";""
"202011";"60550";"0520";"Stavba";09.11.2020;"  88";"";"";"";"X";""
"202011";"10522";"0502";"KESSL spol.s r.o.";10.11.2020;"  18227201";"   0";"40000447";"";"X";""
"202011";"10567";"0502";"TEXEVO s.r.o.";09.11.2020;"  25953699";"   0";"40000443";"";"X";""
"202011";"10541";"0502";"BABINEK JIŘÍ";04.11.2020;"  67606440";"   0";"40000440";"";"X";""
"202011";"60555";"0521";"Velkoobchod Ostrava";09.11.2020;"   9";"";"";"";"X";""
"202011";"55311";"0202";"Cersanit sanita";09.11.2020;"640001666";"";"";"H165465";"A";""
"202011";"10560";"0502";"BENZL s.r.o.";05.11.2020;"  22796665";"   0";"40000450";"";"X";""
"202011";"55313";"0202";"Cersanit sanita";10.11.2020;"640001666";"";"";"H161706";"A";""
"202011";"55314";"0202";"Cersanit sanita";10.11.2020;"640001666";"";"";"H161907";"A";""
"202011";"10380";"0502";"ESMAT s.r.o.";05.11.2020;"  29312701";"   0";"40000417";"";"X";""
"202011";"55315";"0202";"Zehnder group";10.11.2020;"  24262200";"5917";"";"9021023857";"A";""
"202011";"60540";"0520";"Prodejna Prostějov";09.11.2020;"   5";"";"";"";"X";""
"202011";"60556";"0520";"Prodejna Valašské Meziříčí";10.11.2020;"   7";"";"";"";"X";""
"202011";"60551";"0520";"Prodejna Olomouc";09.11.2020;"   2";"";"";"";"X";""
"202011";"60546";"0520";"Prodejna Otrokovice";09.11.2020;"   3";"";"";"";"X";""
"202011";"60553";"0520";"Prodejna Ostrava";09.11.2020;"   4";"";"";"";"X";""
"202011";"90369";"0402";"FAGELLA - Ostrava";10.11.2020;"  27783341";"   2";"50000010";"";" ";"10369"
"202011";"60557";"0220";"Stavba";11.11.2020;"  88";"";"";"VMH004";" ";""
"202011";"60558";"0521";"Velkoobchod Ostrava";11.11.2020;"   9";"";"";"";"X";""
"202011";"10512";"0502";"VACUTEC/Hodonín/";02.11.2020;"  27704203";"   0";"40000431";"";"X";""
"202011";"55316";"0202";"Drevojas";11.11.2020;"0042193940";"";"";"201040096";"A";""
"202011";"10540";"0502";"PRO-DOMA - Znojmo";10.11.2020;"  24235920";" 001";"40000439";"";"X";""
"202011";"60554";"0520";"Prodejna Teplice";16.11.2020;"   6";"";"";"";"X";""
"202011";"10546";"0502";"KOUPELNY FRÝDEK";04.11.2020;"  07011628";"   0";"40000437";"";"X";""
"202011";"10551";"0502";"KERASERVIS-Ostrava";10.11.2020;"  01717171";"   3";"40000442";"";"X";""
"202011";"60562";"0520";"Prodejna Otrokovice";11.11.2020;"   3";"";"";"";"X";""
"202011";"10435";"0502";"Jurcaga 2";05.11.2020;"  29201241";" 001";"40000432";"";"X";""
"202011";"10568";"0502";"Jiří Sobotka";09.11.2020;"";"6066";"40000434";"";"X";""
"202011";"55317";"0202";"LAUFEN";12.11.2020;"  25758691";"";"";"1390246716";"A";""
"202011";"60552";"0520";"Prodejna Olomouc";09.11.2020;"   2";"";"";"";"X";""
"202011";"60560";"0521";"Velkoobchod Ostrava";11.11.2020;"   9";"";"";"";"X";""
"202011";"60564";"0520";"Prodejna Prostějov";11.11.2020;"   5";"";"";"";"X";""
"202011";"55318";"0202";"Drevojas";12.11.2020;"0042193940";"";"";"201040195";"A";""
"202011";"55319";"0202";"Drevojas";12.11.2020;"0042193940";"";"";"201040194";"A";""
"202011";"10571";"0502";"B+D Litoměřice";09.11.2020;"  72613556";"   0";"40000452";"";"X";""
"202011";"60568";"0521";"Velkoobchod Ostrava";13.11.2020;"   9";"";"";"";"X";""
"202011";"10489";"0502";"KONRAD KERAMIKA";16.11.2020;"  02435942";"   0";"40000446";"";"X";""
"202011";"10573";"0502";"BERNOLD s.r.o.";12.11.2020;"  26878496";"   0";"40000444";"";"X";""
"202011";"55321";"0202";"TEiKO spol. s r.o.";13.11.2020;"  44004770";"";"";"720210148";"A";""
"202011";"55320";"0202";"Cersanit sanita";13.11.2020;"640001666";"";"";"H165660";"A";""
"202011";"60559";"0520";"Prodejna Hradec Králové";16.11.2020;"   8";"";"";"";"X";""
"202011";"10553";"0502";"Tradix - Vsetín";10.11.2020;"  25531450";" 012";"40000467";"";"X";""
"202011";"10554";"0502";"LD CERAMIC";10.11.2020;"  12900699";"   0";"40000468";"";"X";""
"202011";"10555";"0502";"VANEK - Horka";05.11.2020;"  26013789";"   2";"40000449";"";"X";""
"202011";"10570";"0502";"Kristýna Mnuková";16.11.2020;"";"6067";"40000445";"";"X";""
"202011";"60561";"0520";"Prodejna Olomouc";16.11.2020;"   2";"";"";"";"X";""
"202011";"10561";"0502";"HOLLESCH";10.11.2020;"  07761945";"   0";"40000451";"";"X";""
"202011";"60541";"0520";"Prodejna Sumperk";16.11.2020;"   1";"";"";"";"X";""
"202011";"55322";"0202";"DC RAVAK MORAVA, a.s";16.11.2020;"  25853155";"";"";"1200000110";"A";""
"202011";"10574";"0502";"ESMAT s.r.o.";16.11.2020;"  29312701";"   0";"40000470";"";"X";""
"202011";"80076";"0402";"PRO-DOMA - Znojmo";16.11.2020;"  24235920";" 001";"50000011";"";" ";"10076"
"202011";"80068";"0402";"PRO-DOMA - Znojmo";16.11.2020;"  24235920";" 001";"50000012";"";" ";"10068"
"202011";"60563";"0520";"Prodejna Ostrava";16.11.2020;"   4";"";"";"";"X";""
"202011";"10572";"0502";"MARES Stanislav";16.11.2020;"  11428660";"   0";"40000453";"";"X";""
"202011";"55323";"0202";"Cersanit sanita";16.11.2020;"640001666";"";"";"H156466";"A";""
"202011";"10575";"0502";"CERO s.r.o.";18.11.2020;"  24309630";"   0";"40000478";"";"X";""
"202011";"55309";"0202";"Drevojas";06.11.2020;"0042193940";"";"";"201039903";"A";""
"202011";"55324";"0202";"Cersanit sanita";18.11.2020;"640001666";"";"";"H165911";"A";""
"202011";"55325";"0202";"Cersanit sanita";18.11.2020;"640001666";"";"";"H165721";"A";""
"202011";"10576";"0502";"KK stavoinvesta";18.11.2020;"  46966218";"   0";"40000479";"";"X";""
"202011";"10577";"0502";"Vavex 1990 s.r.o.";18.11.2020;"  26776251";"   0";"40000480";"";"X";""
"202011";"10552";"0502";"KOUPELNY FRÝDEK";10.11.2020;"  07011628";"   0";"40000448";"";"X";""
"202011";"60567";"0520";"Prodejna Otrokovice";16.11.2020;"   3";"";"";"";"X";""
"202011";"60572";"0520";"Prodejna Prostějov";16.11.2020;"   5";"";"";"";"X";""
"202011";"10542";"0502";"KERAMA s.r.o.";10.11.2020;"  63486806";"   0";"40000461";"";"X";""
"202011";"70033";"0752";"rozbité";09.11.2020;"";"";"";"";"X";""
"202011";"55326";"0202";"DC RAVAK MORAVA, a.s";19.11.2020;"  25853155";"";"";"1202006050";"A";""
"202011";"55327";"0202";"RAVAK MORAVA, a.s.";19.11.2020;"  25612492";"";"";"3201176115";"A";""
"202011";"60575";"0521";"Velkoobchod Ostrava";19.11.2020;"   9";"";"";"";"X";""
"202011";"60574";"0520";"Prodejna Sumperk";16.11.2020;"   1";"";"";"";"X";""
"202011";"60570";"0520";"Prodejna Olomouc";16.11.2020;"   2";"";"";"";"X";""
"202011";"60576";"0520";"Prodejna Olomouc";19.11.2020;"   2";"";"";"";"X";""
"202011";"55328";"0202";"Zehnder group";19.11.2020;"  24262200";"5917";"";"9021026359";"A";""
"202011";"55329";"0202";"Zehnder group";19.11.2020;"  24262200";"5917";"";"9021026362";"A";""
"202011";"10579";"0502";"Pavel Zehnula";19.11.2020;"";"6068";"40000454";"";"X";""
"202011";"60571";"0520";"Prodejna Ostrava";16.11.2020;"   4";"";"";"";"X";""
"202011";"10580";"0502";"HARKO s.r.o.";20.11.2020;"  63496585";"   0";"40000471";"";"X";""
"202011";"10578";"0502";"STAMI-Přerov";19.11.2020;"  26849216";"   2";"40000456";"";"X";""
"202011";"55330";"0202";"Cersanit sanita";20.11.2020;"640001666";"";"";"H166028";"A";""
"202011";"10564";"0502";"SPEVAK Jiří";16.11.2020;"  63803160";"   0";"40000455";"";"X";""
"202011";"10556";"0502";"Petr Lipowski-KACH";10.11.2020;"  73966584";"   0";"40000469";"";"X";""
"202011";"60577";"0520";"Prodejna Olomouc";19.11.2020;"   2";"";"";"";"X";""
"202011";"60580";"0520";"Prodejna Prostějov";20.11.2020;"   5";"";"";"";"X";""
"202011";"60581";"0520";"Prodejna Otrokovice";20.11.2020;"   3";"";"";"";"X";""
"202012";"60521";"0520";"Stavba";04.12.2020;"  88";"";"";"";"X";""
"202011";"60583";"0520";"Prodejna Prostějov";23.11.2020;"   5";"";"";"";"X";""
"202011";"10582";"0502";"STAMI-Přerov";20.11.2020;"  26849216";"   2";"40000472";"";"X";""
"202011";"55331";"0202";"LAUFEN";20.11.2020;"  25758691";"";"";"1390247871";"A";""
"202011";"10587";"0502";"HOLLESCH";23.11.2020;"  07761945";"   0";"40000473";"";"X";""
"202011";"55332";"0202";"DC RAVAK MORAVA, a.s";23.11.2020;"  25853155";"";"";"1202006118";"A";""
"202011";"60565";"0520";"Prodejna Valašské Meziříčí";23.11.2020;"   7";"";"";"";"X";""
"202011";"60582";"0520";"Prodejna Olomouc";23.11.2020;"   2";"";"";"";"X";""
"202011";"10588";"0502";"BERNOLD s.r.o.";23.11.2020;"  26878496";"   0";"40000474";"";"X";""
"202011";"10562";"0502";"BENZL s.r.o.";10.11.2020;"  22796665";"   0";"40000477";"";"X";""
"202011";"10592";"0502";"CREVET s.r.o.";23.11.2020;"  25845977";"   0";"40000482";"";"X";""
"202011";"10518";"0502";"Stavmont-Jan Beneš";10.11.2020;"  40282295";" 001";"40000460";"";"X";""
"202011";"10590";"0502";"ITH-Hons Tomáš Ing.";23.11.2020;"  63686112";"   2";"40000475";"";"X";""
"202011";"10595";"0502";"TOP KOUPELNY";23.11.2020;"  27832074";"   0";"40000484";"";"X";""
"202011";"60589";"0520";"Stavba";23.11.2020;"  88";"";"";"";"X";""
"202011";"10557";"0502";"PRO-DOMA - Znojmo";10.11.2020;"  24235920";" 001";"40000457";"";"X";""
"202011";"10600";"0502";"Josef Pražák";23.11.2020;"";"6069";"40000458";"";"X";""
"202011";"10510";"0502";"Elefant, DC s.r.o.";10.11.2020;"  27306372";"   0";"40000459";"";"X";""
"202011";"10543";"0502";"Teko";10.11.2020;"  46982141";" 001";"40000462";"";"X";""
"202011";"10550";"0502";"MAKA THERM-B.PROBRNO";10.11.2020;"  26025051";" 001";"40000463";"";"X";""
"202011";"10558";"0502";"Jurcaga 2";10.11.2020;"  29201241";" 001";"40000464";"";"X";""
"202011";"10559";"0502";"KERAMA s.r.o.";10.11.2020;"  63486806";"   0";"40000465";"";"X";""
"202011";"55333";"0202";"Cersanit sanita";24.11.2020;"640001666";"";"";"H163543";"A";""
"202011";"55334";"0202";"Cersanit sanita";24.11.2020;"640001666";"";"";"H163540";"A";""
"202011";"55335";"0202";"Cersanit sanita";24.11.2020;"640001666";"";"";"H166187";"A";""
"202011";"10596";"0502";"STAMI-Přerov";23.11.2020;"  26849216";"   2";"40000485";"";"X";""
"202011";"10605";"0502";"Lv stavby venclik s.";24.11.2020;"  07134321";"";"40000466";"";"X";""
"202011";"10594";"0502";"BERNOLD s.r.o.";23.11.2020;"  26878496";"   0";"40000483";"";"X";""
"202011";"10607";"0502";"Proba s.r.o.";25.11.2020;"";"6070";"40000476";"";"X";""
"202011";"60586";"0520";"Prodejna Olomouc";25.11.2020;"   2";"";"";"";"X";""
"202011";"10589";"0502";"BAUMAT - PLUS";23.11.2020;"  25324187";"   0";"40000481";"";"X";""
"202011";"60578";"0520";"Prodejna Prostějov";25.11.2020;"   5";"";"";"";"X";""
"202011";"60566";"0520";"Prodejna Hradec Králové";25.11.2020;"   8";"";"";"";"X";""
"202011";"55336";"0202";"Drevojas";25.11.2020;"0042193940";"";"";"201040483";"A";""
"202011";"55337";"0202";"Cersanit sanita";25.11.2020;"640001666";"";"";"H166273";"A";""
"202011";"55338";"0202";"Cersanit sanita";25.11.2020;"640001666";"";"";"H161314";"A";""
"202011";"55339";"0202";"Cersanit sanita";25.11.2020;"640001666";"";"";"H161321";"A";""
"202011";"10597";"0502";"MARES Stanislav";30.11.2020;"  11428660";"   0";"40000495";"";"X";""
"202011";"60592";"0520";"Stavba";25.11.2020;"  88";"";"";"";"X";""
"202011";"60593";"0520";"Stavba";25.11.2020;"  88";"";"";"";"X";""
"202011";"60579";"0520";"Prodejna Ostrava";25.11.2020;"   4";"";"";"";"X";""
"202011";"60573";"0520";"Prodejna Teplice";25.11.2020;"   6";"";"";"";"X";""
"202011";"60594";"0520";"Prodejna Teplice";25.11.2020;"   6";"";"";"";"X";""
"202011";"60595";"0520";"Stavba";25.11.2020;"  88";"";"";"";"X";""
"202011";"10613";"0502";"HORAK CZ";25.11.2020;"  25480073";"   0";"40000499";"";"X";""
"202011";"55340";"0202";"Cersanit sanita";25.11.2020;"640001666";"";"";"H161312";"A";""
"202011";"55341";"0202";"Cersanit sanita";25.11.2020;"640001666";"";"";"H161323";"A";""
"202012";"10591";"0502";"PRO-DOMA - Znojmo";01.12.2020;"  24235920";" 001";"40000504";"";"X";""
"202011";"10584";"0502";"Vavex 1990 s.r.o.";20.11.2020;"  26776251";"   0";"40000494";"";"X";""
"202011";"10599";"0502";"HOLLESCH";23.11.2020;"  07761945";"   0";"40000489";"";"X";""
"202012";"10611";"0502";"MC Koupelny";01.12.2020;"  26975327";" 001";"40000511";"";"X";""
"202011";"60596";"0520";"Prodejna Olomouc";25.11.2020;"   2";"";"";"";"X";""
"202011";"55342";"0202";"LAUFEN";26.11.2020;"  25758691";"";"";"1390248877";"A";""
"202011";"60585";"0520";"Prodejna Otrokovice";27.11.2020;"   3";"";"";"";"X";""
"202011";"60590";"0521";"Velkoobchod Ostrava";24.11.2020;"   9";"";"";"";"X";""
"202011";"55343";"0202";"Drevojas";26.11.2020;"0042193940";"";"";"201040679";"A";""
"202011";"10602";"0502";"Klanica";24.11.2020;"  76055019";"";"40000486";"";"X";""
"202011";"10604";"0502";"EUROBYT Jihlava";24.11.2020;"  28320255";" 001";"40000487";"";"X";""
"202011";"10614";"0502";"HOLLESCH";26.11.2020;"  07761945";"   0";"40000489";"";"X";""
"202011";"60597";"0520";"Prodejna Prostějov";27.11.2020;"   5";"";"";"";"X";""
"202011";"55344";"0202";"Cersanit sanita";27.11.2020;"640001666";"";"";"H166440";"A";""
"202011";"60599";"0520";"Prodejna Hradec Králové";30.11.2020;"   8";"";"";"";"X";""
"202011";"60587";"0520";"Prodejna Valašské Meziříčí";30.11.2020;"   7";"";"";"";"X";""
"202011";"90554";"0402";"LD CERAMIC";27.11.2020;"  12900699";"   0";"50000013";"";" ";"10554"
"202011";"10623";"0502";"ITH-Hons Tomáš Ing.";26.11.2020;"  63686112";"   2";"40000501";"";"X";""
"202011";"10563";"0502";"IR-PROGRES-Nový Jičí";10.11.2020;"  62301977";"   0";"40000488";"";"X";""
"202011";"10419";"0502";"KONRAD KERAMIKA";16.11.2020;"  02435942";"   0";"40000493";"";"X";""
"202011";"60591";"0520";"Prodejna Ostrava";25.11.2020;"   4";"";"";"";"X";""
"202011";"60588";"0520";"Prodejna Ostrava";21.11.2020;"   4";"";"";"";"X";""
"202011";"60605";"0520";"Prodejna Olomouc";27.11.2020;"   2";"";"";"";"X";""
"202011";"10615";"0502";"BAUMAT - PLUS";30.11.2020;"  25324187";"   0";"40000500";"";"X";""
"202011";"10625";"0502";"Josef Bělohlávek";27.11.2020;"";"6071";"40000490";"";"X";""
"202011";"60603";"0520";"Prodejna Prostějov";27.11.2020;"   5";"";"";"";"X";""
"202012";"60602";"0520";"Prodejna Prostějov";02.12.2020;"   5";"";"";"";"X";""
"202011";"60598";"0520";"Prodejna Teplice";30.11.2020;"   6";"";"";"";"X";""
"202012";"10616";"0502";"TOP KOUPELNY";01.12.2020;"  27832074";"   0";"40000512";"";"X";""
"202011";"30014";"0301";"Příjem dávky  přecenění";30.11.2020;"";"";"";"";" ";""
"202011";"60607";"0521";"Velkoobchod Ostrava";30.11.2020;"   9";"";"";"";"X";""
"202011";"55345";"0202";"ALCAPLAST-Břeclav";30.11.2020;"  25655809";"   0";"";"2020/13159";"A";""
"202011";"55346";"0202";"Drevojas";30.11.2020;"0042193940";"";"";"201040764";"A";""
"202011";"60610";"0220";"Prodejna Sumperk";30.11.2020;"   1";"";"";"1476";" ";""
"202011";"60611";"0220";"Prodejna Otrokovice";30.11.2020;"   3";"";"";"3463";" ";""
"202011";"60537";"0220";"Prodejna Ostrava";03.11.2020;"   4";"";"";"4861";" ";""
"202011";"60535";"0220";"Prodejna Ostrava";03.11.2020;"   4";"";"";"4902";" ";""
"202011";"60536";"0220";"Prodejna Ostrava";03.11.2020;"   4";"";"";"4899";" ";""
"202011";"60569";"0220";"Prodejna Ostrava";13.11.2020;"   4";"";"";"4921";" ";""
"202012";"10586";"0502";"LATOP spol. s r.o.";01.12.2020;"  45022747";"   0";"40000509";"";"X";""
"202011";"80244";"0402";"MAKA THERM-B.PROBRNO";30.11.2020;"  26025051";" 001";"50000014";"";" ";"10244"
"202011";"10606";"0502";"IZOTEM";24.11.2020;"  26072793";"   2";"40000496";"";"X";""
"202011";"10608";"0502";"Loudin - realizace";25.11.2020;"  03672255";"   0";"40000497";"";"X";""
"202011";"10610";"0502";"ATOS-Havlíčkův Bro";25.11.2020;"  62028081";" 001";"40000498";"";"X";""
"202011";"10631";"0502";"NA HALE";30.11.2020;"  09544704";"   0";"40000502";"";"X";""
"202011";"10601";"0502";"Teko";24.11.2020;"  46982141";" 001";"40000491";"";"X";""
"202011";"10603";"0502";"Jurcaga 2";24.11.2020;"  29201241";" 001";"40000492";"";"X";""
"202012";"10617";"0502";"KLICOVA";01.12.2020;"  45179255";"   0";"40000513";"";"X";""
"202012";"10618";"0502";"HOLLESCH";01.12.2020;"  07761945";"   0";"40000514";"";"X";""
"202011";"10632";"0001";" Cenové rozdíly v NákC";30.11.2020;"";"";"";"";" ";""
"202011";"10633";"0001";" Cenové rozdíly v NákC";30.11.2020;"";"";"";"";" ";""
"202011";"40001";"0001";" Cenové rozdíly v NákC";30.11.2020;"";"";"";"";" ";""
"202012";"55347";"0202";"Zehnder group";01.12.2020;"  24262200";"5917";"";"9021032042";"A";""
"202012";"10620";"0502";"Vavex 1990 s.r.o.";01.12.2020;"  26776251";"   0";"40000515";"";"X";""
"202012";"60601";"0520";"Prodejna Otrokovice";02.12.2020;"   3";"";"";"";"X";""
"202012";"60606";"0520";"Prodejna Ostrava";01.12.2020;"   4";"";"";"";"X";""
"202012";"60612";"0521";"Velkoobchod Ostrava";01.12.2020;"   9";"";"";"";"X";""
"202012";"60604";"0520";"Prodejna Olomouc";01.12.2020;"   2";"";"";"";"X";""
"202012";"10634";"0502";"MARES Stanislav";01.12.2020;"  11428660";"   0";"40000516";"";"X";""
"202012";"60584";"0520";"Prodejna Sumperk";02.12.2020;"   1";"";"";"";"X";""
"202012";"10628";"0502";"PRO-DOMA - Znojmo";01.12.2020;"  24235920";" 001";"40000504";"";"X";""
"202012";"10635";"0502";"KACHLÍK";01.12.2020;"  29451027";"   0";"40000517";"";"X";""
"202012";"10629";"0502";"Kestin";01.12.2020;"  60935251";"   0";"40000506";"";"X";""
"202012";"60613";"0520";"Prodejna Olomouc";01.12.2020;"   2";"";"";"";"X";""
"202012";"60614";"0520";"Prodejna Ostrava";01.12.2020;"   4";"";"";"";"X";""
"202012";"60617";"0520";"Prodejna Otrokovice";03.12.2020;"   3";"";"";"";"X";""
"202012";"10638";"0502";"HORAK CZ";01.12.2020;"  25480073";"   0";"40000520";"";"X";""
"202012";"10643";"0502";"AG SOMNIUM s.r.o.";03.12.2020;"  24145432";"";"40000503";"";"X";""
"202012";"90589";"0402";"BAUMAT - PLUS";02.12.2020;"  25324187";"   0";"50000015";"";" ";"10589"
"202012";"60608";"0520";"Prodejna Valašské Meziříčí";07.12.2020;"   7";"";"";"";"X";""
"202012";"10636";"0502";"BENZL s.r.o.";01.12.2020;"  22796665";"   0";"40000518";"";"X";""
"202012";"60624";"0220";"Prodejna Hradec Králové";03.12.2020;"   8";"";"";"8900";"A";""
"202012";"60619";"0520";"Prodejna Otrokovice";03.12.2020;"   3";"";"";"";"X";""
"202012";"70034";"0752";"rozbité";03.12.2020;"";"";"";"";"X";""
"202012";"55352";"0202";"Novaservis";03.12.2020;"  13691121";"";"";"04162421";"A";""
"202012";"10637";"0502";"KLONA-Brno";01.12.2020;"  60737727";"   1";"40000519";"";"X";""
"202012";"10645";"0502";"KOUPELNY FRÝDEK";03.12.2020;"  07011628";"   0";"40000523";"";"X";""
"202012";"60626";"0521";"Velkoobchod Ostrava";03.12.2020;"   9";"";"";"";"X";""
"202012";"60627";"0521";"Velkoobchod Ostrava";03.12.2020;"   9";"";"";"";"X";""
"202012";"60615";"0520";"Prodejna Ostrava";01.12.2020;"   4";"";"";"";"X";""
"202012";"60625";"0520";"Prodejna Otrokovice";04.12.2020;"   3";"";"";"";"X";""
"202012";"60609";"0520";"Prodejna Hradec Králové";04.12.2020;"   8";"";"";"";"X";""
"202012";"10630";"0502";"Tomáš Sejkora";04.12.2020;"";"6072";"40000505";"";"X";""
"202012";"60630";"0521";"Velkoobchod Ostrava";04.12.2020;"   9";"";"";"";"X";""
"202012";"10569";"0502";"KONRAD KERAMIKA";01.12.2020;"  02435942";"   0";"40000508";"";"X";""
"202012";"60616";"0520";"Prodejna Sumperk";04.12.2020;"   1";"";"";"";"X";""
"202012";"10593";"0502";"BAU TRADE - Němčice";01.12.2020;"  29223300";"   0";"40000510";"";"X";""
"202012";"60618";"0520";"Prodejna Prostějov";04.12.2020;"   5";"";"";"";"X";""
"202012";"60631";"0220";"Prodejna Ostrava";04.12.2020;"   4";"";"";"4925";"A";""
"202012";"55356";"0202";"ALCAPLAST-Břeclav";04.12.2020;"  25655809";"   0";"";"2020/13159_2";"A";""
"202012";"60635";"0220";"Prodejna Ostrava";04.12.2020;"   4";"";"";"4968";"A";""
"202012";"55357";"0202";"Cersanit sanita";04.12.2020;"640001666";"";"";"H166856";"A";""
"202012";"55358";"0202";"Cersanit sanita";04.12.2020;"640001666";"";"";"H166861";"A";""
"202012";"55359";"0202";"Cersanit sanita";04.12.2020;"640001666";"";"";"H164878";"A";""
"202012";"55360";"0202";"Cersanit sanita";04.12.2020;"640001666";"";"";"H164913";"A";""
"202012";"10642";"0502";"ATOS-Ledeč n.Sáz.-VO";02.12.2020;"  62028081";" 004";"40000521";"";"X";""
"202012";"80605";"0402";"Lv stavby venclik s.";04.12.2020;"  07134321";"";"50000016";"";" ";"10605"
"202012";"10648";"0502";"BERNOLD s.r.o.";03.12.2020;"  26878496";"   0";"40000525";"";"X";""
"202012";"10652";"0502";"ATOS-Havlíčkův Bro";04.12.2020;"  62028081";" 001";"40000526";"";"X";""
"202012";"60637";"0521";"Velkoobchod Ostrava";04.12.2020;"   9";"";"";"";"X";""
"202012";"10646";"0502";"STAMI-Hranice";03.12.2020;"  26849216";"   1";"40000524";"";"X";""
"202012";"55353";"0202";"TEiKO spol. s r.o.";04.12.2020;"  44004770";"";"";"720113452";"A";""
"202012";"55348";"0202";"LAUFEN";02.12.2020;"  25758691";"";"";"1390250069";"A";""
"202012";"55349";"0202";"Zehnder group";03.12.2020;"  24262200";"5917";"";"9021033177";"A";""
"202012";"55350";"0202";"Zehnder group";03.12.2020;"  24262200";"5917";"";"9021033175";"A";""
"202012";"55351";"0202";"Zehnder group";03.12.2020;"  24262200";"5917";"";"9021033176";"A";""
"202012";"60634";"0520";"Prodejna Hradec Králové";07.12.2020;"   8";"";"";"";"X";""
"202012";"60600";"0520";"Prodejna Teplice";07.12.2020;"   6";"";"";"";"X";""
"202012";"60620";"0520";"Prodejna Olomouc";03.12.2020;"   2";"";"";"";"X";""
"202012";"55361";"0202";"DC RAVAK MORAVA, a.s";07.12.2020;"  25853155";"";"";"1202006389";"A";""
"202012";"60629";"0520";"Stavba";07.12.2020;"  88";"";"";"";"X";""
"202012";"10650";"0502";"STAMI-Bystřice";03.12.2020;"  26849216";"   3";"40000531";"";"X";""
"202012";"10641";"0502";"PRO-DOMA - Znojmo";02.12.2020;"  24235920";" 001";"40000507";"";"X";""
"202012";"10653";"0502";"KOUPELNY FRÝDEK";07.12.2020;"  07011628";"   0";"40000523";"";"X";""
"202012";"60642";"0520";"Prodejna Ostrava";07.12.2020;"   4";"";"";"";"X";""
"202012";"55355";"0202";"Cersanit sanita";04.12.2020;"640001666";"";"";"H166783";"A";""
"202012";"10622";"0502";"LATOP spol. s r.o.";01.12.2020;"  45022747";"   0";"40000528";"";"X";""
"202012";"10656";"0502";"VIZNEROVA";07.12.2020;"  73744646";"   0";"40000534";"";"X";""
"202012";"55362";"0202";"Cersanit sanita";08.12.2020;"640001666";"";"";"H166934";"A";""
"202012";"55363";"0202";"Cersanit sanita";08.12.2020;"640001666";"";"";"H167084";"A";""
"202012";"55364";"0202";"Cersanit sanita";08.12.2020;"640001666";"";"";"H161317";"A";""
"202012";"55365";"0202";"Cersanit sanita";08.12.2020;"640001666";"";"";"H161313";"A";""
"202012";"60643";"0520";"Stavba";08.12.2020;"  88";"";"";"";"X";""
"202012";"60644";"0520";"Stavba";08.12.2020;"  88";"";"";"";"X";""
"202012";"55366";"0202";"Cersanit sanita";08.12.2020;"640001666";"";"";"H164879";"A";""
"202012";"10436";"0502";"PRO-DOMA - Znojmo";08.12.2020;"  24235920";" 001";"40000543";"";"X";""
"202012";"60622";"0520";"Prodejna Ostrava";03.12.2020;"   4";"";"";"";"X";""
"202012";"10663";"0502";"BABINEK JIŘÍ";08.12.2020;"  67606440";"   0";"40000536";"";"X";""
"202012";"10644";"0502";"RAJ KOUPELEN-KUDRNA";03.12.2020;"  10068953";"   0";"40000522";"";"X";""
"202012";"60645";"0521";"Velkoobchod Ostrava";08.12.2020;"   9";"";"";"";"X";""
"202012";"55367";"0202";"Zehnder group";08.12.2020;"  24262200";"5917";"";"9021035145";"A";""
"202012";"10662";"0502";"RKS - PŘÍBRAM";07.12.2020;"  25121049";"  46";"40000535";"";"X";""
"202012";"55368";"0202";"LAUFEN";09.12.2020;"  25758691";"";"";"1390251271";"A";""
"202012";"60623";"0520";"Prodejna Ostrava";03.12.2020;"   4";"";"";"";"X";""
"202012";"60632";"0520";"Prodejna Sumperk";10.12.2020;"   1";"";"";"";"X";""
"202012";"55369";"0202";"Cersanit sanita";10.12.2020;"640001666";"";"";"H167163";"A";""
"202012";"55370";"0202";"Cersanit sanita";10.12.2020;"640001666";"";"";"H167238";"A";""
"202012";"55371";"0202";"RAVAK MORAVA, a.s.";10.12.2020;"  25612492";"";"";"3201176585";"A";""
"202012";"55372";"0202";"DC RAVAK MORAVA, a.s";10.12.2020;"  25853155";"";"";"1202006456";"A";""
"202012";"55373";"0202";"DC RAVAK MORAVA, a.s";10.12.2020;"  25853155";"";"";"1202006477";"A";""
"202012";"10673";"0502";"KONRAD KERAMIKA";09.12.2020;"  02435942";"   0";"40000541";"";"X";""
"202012";"60621";"0520";"Prodejna Olomouc";03.12.2020;"   2";"";"";"";"X";""
"202012";"60648";"0521";"Velkoobchod Ostrava";10.12.2020;"   9";"";"";"";"X";""
"202012";"10660";"0502";"PRO-DOMA - Znojmo";08.12.2020;"  24235920";" 001";"40000543";"";"X";""
"202012";"10655";"0502";"MARES Stanislav";07.12.2020;"  11428660";"   0";"40000533";"";"X";""
"202012";"10666";"0502";"BENZL s.r.o.";08.12.2020;"  22796665";"   0";"40000538";"";"X";""
"202012";"10668";"0502";"ESMAT s.r.o.";08.12.2020;"  29312701";"   0";"40000540";"";"X";""
"202012";"10598";"0502";"KACHLÍK";07.12.2020;"  29451027";"   0";"40000527";"";"X";""
"202012";"60633";"0520";"Prodejna Prostějov";10.12.2020;"   5";"";"";"";"X";""
"202012";"10667";"0502";"KOUPELNY FRÝDEK";08.12.2020;"  07011628";"   0";"40000539";"";"X";""
"202012";"60636";"0520";"Prodejna Otrokovice";10.12.2020;"   3";"";"";"";"X";""
"202012";"10674";"0502";"KONRAD KERAMIKA";09.12.2020;"  02435942";"   0";"40000541";"";"X";""
"202012";"60649";"0520";"Prodejna Sumperk";11.12.2020;"   1";"";"";"";"X";""
"202012";"60654";"0521";"Velkoobchod Ostrava";10.12.2020;"   9";"";"";"";"X";""
"202012";"60655";"0220";"Prodejna Ostrava";10.12.2020;"   4";"";"";"4957";"A";""
"202012";"60656";"0220";"Prodejna Ostrava";10.12.2020;"   4";"";"";"4988";"A";""
"202012";"60657";"0220";"Prodejna Ostrava";10.12.2020;"   4";"";"";"4984";"A";""
"202012";"55377";"0202";"Cersanit sanita";10.12.2020;"640001666";"";"";"H157819";"A";""
"202012";"55376";"0202";"Cersanit sanita";10.12.2020;"640001666";"";"";"H158664";"A";""
"202012";"55378";"0202";"Cersanit sanita";10.12.2020;"640001666";"";"";"H162112";"A";""
"202012";"55380";"0202";"Cersanit sanita";10.12.2020;"640001666";"";"";"H160642";"A";""
"202012";"55381";"0202";"Cersanit sanita";10.12.2020;"640001666";"";"";"H161345";"A";""
"202012";"55382";"0202";"Cersanit sanita";10.12.2020;"640001666";"";"";"H166440";"A";""
"202012";"55383";"0202";"Cersanit sanita";10.12.2020;"640001666";"";"";"H157819_";"A";""
"202012";"10669";"0502";"BENZL s.r.o.";08.12.2020;"  22796665";"   0";"40000538";"";"X";""
"202012";"60658";"0521";"Velkoobchod Ostrava";10.12.2020;"   9";"";"";"";"X";""
"202012";"60639";"0520";"Prodejna Teplice";11.12.2020;"   6";"";"";"";"X";""
"202012";"10675";"0502";"KK stavoinvesta";09.12.2020;"  46966218";"   0";"40000542";"";"X";""
"202012";"60641";"0520";"Prodejna Hradec Králové";11.12.2020;"   8";"";"";"";"X";""
"202012";"55374";"0202";"Zehnder group";10.12.2020;"  24262200";"5917";"";"9021036586";"A";""
"202012";"55375";"0202";"Zehnder group";10.12.2020;"  24262200";"5917";"";"9021036587";"A";""
"202012";"55379";"0202";"Cersanit sanita";10.12.2020;"640001666";"";"";"H125963";"A";""
"202012";"60652";"0520";"Prodejna Olomouc";10.12.2020;"   2";"";"";"";"X";""
"202012";"10664";"0502";"HOLLESCH";08.12.2020;"  07761945";"   0";"40000544";"";"X";""
"202012";"10676";"0502";"HABAKUK s.r.o.";10.12.2020;"  05502471";"   0";"40000570";"";"X";""
"202012";"60640";"0520";"Prodejna Valašské Meziříčí";14.12.2020;"   7";"";"";"";"X";""
"202012";"10677";"0502";"KOUPELNY FRÝDEK";10.12.2020;"  07011628";"   0";"40000539";"";"X";""
"202012";"60663";"0521";"Velkoobchod Ostrava";11.12.2020;"   9";"";"";"";"X";""
"202012";"10679";"0502";"BAUMAT - PLUS";10.12.2020;"  25324187";"   0";"40000571";"";"X";""
"202012";"60664";"0220";"Prodejna Prostějov";14.12.2020;"   5";"";"";"5648";"A";""
"202012";"55384";"0202";"Cersanit sanita";14.12.2020;"640001666";"";"";"H161706";"A";""
"202012";"55385";"0202";"Cersanit sanita";14.12.2020;"640001666";"";"";"H160515";"A";""
"202012";"60650";"0520";"Prodejna Otrokovice";14.12.2020;"   3";"";"";"";"X";""
"202012";"60651";"0520";"Prodejna Prostějov";14.12.2020;"   5";"";"";"";"X";""
"202012";"55386";"0202";"Cersanit sanita";14.12.2020;"640001666";"";"";"H163706";"A";""
"202012";"60647";"0520";"Prodejna Ostrava";09.12.2020;"   4";"";"";"";"X";""
"202012";"60646";"0520";"Prodejna Olomouc";09.12.2020;"   2";"";"";"";"X";""
"202012";"10684";"0502";"BAU TRADE - Němčice";14.12.2020;"  29223300";"   0";"40000572";"";"X";""
"202012";"60668";"0220";"Prodejna Ostrava";14.12.2020;"   4";"";"";"4998";"A";""
"202012";"55387";"0202";"Drevojas";14.12.2020;"0042193940";"";"";"201041142";"A";""
"202012";"10687";"0502";"ESMAT s.r.o.";14.12.2020;"  29312701";"   0";"40000573";"";"X";""
"202012";"55388";"0202";"Drevojas";14.12.2020;"0042193940";"";"";"201041143";"A";""
"202012";"10649";"0502";"STAMI-Hranice";03.12.2020;"  26849216";"   1";"40000530";"";"X";""
"202012";"60653";"0520";"Prodejna Ostrava";10.12.2020;"   4";"";"";"";"X";""
"202012";"10689";"0502";"ALCAPLAST-Břeclav";14.12.2020;"  25655809";"   0";"40000575";"";"X";""
"202012";"10654";"0502";"BERNOLD s.r.o.";07.12.2020;"  26878496";"   0";"40000532";"";"X";""
"202012";"10665";"0502";"Petr Lipowski-KACH";08.12.2020;"  73966584";"   0";"40000537";"";"X";""
"202012";"10647";"0502";"STAMI-Přerov";03.12.2020;"  26849216";"   2";"40000529";"";"X";""
"202012";"10670";"0502";"PRO-DOMA - Znojmo";08.12.2020;"  24235920";" 001";"40000543";"";"X";""
"202012";"60674";"0220";"Prodejna Ostrava";15.12.2020;"   4";"";"";"4010";"A";""
"202012";"60670";"0520";"Prodejna Prostějov";15.12.2020;"   5";"";"";"";"X";""
"202012";"10688";"0502";"KOUPELNY FRÝDEK";14.12.2020;"  07011628";"   0";"40000574";"";"X";""
"202012";"55392";"0202";"Cersanit sanita";15.12.2020;"640001666";"";"";"H167364";"A";""
"202012";"10690";"0502";"BENZL s.r.o.";14.12.2020;"  22796665";"   0";"40000576";"";"X";""
"202012";"55391";"0202";"Cersanit sanita";15.12.2020;"640001666";"";"";"H167324";"A";""
"202012";"60659";"0520";"Prodejna Sumperk";15.12.2020;"   1";"";"";"";"X";""
"202012";"60669";"0520";"Prodejna Otrokovice";15.12.2020;"   3";"";"";"";"X";""
"202012";"60661";"0520";"Prodejna Hradec Králové";16.12.2020;"   8";"";"";"";"X";""
"202012";"60676";"0521";"Velkoobchod Ostrava";15.12.2020;"   9";"";"";"";"X";""
"202012";"60666";"0520";"Prodejna Olomouc";15.12.2020;"   2";"";"";"";"X";""
"202012";"60677";"0520";"Prodejna Sumperk";16.12.2020;"   1";"";"";"";"X";""
"202012";"60671";"0520";"Prodejna Olomouc";15.12.2020;"   2";"";"";"";"X";""
"202012";"60660";"0520";"Prodejna Teplice";16.12.2020;"   6";"";"";"";"X";""
"202012";"60672";"0520";"Prodejna Ostrava";15.12.2020;"   4";"";"";"";"X";""
"202012";"10678";"0502";"MARES Stanislav";10.12.2020;"  11428660";"   0";"40000545";"";"X";""
"202012";"55394";"0202";"Cersanit sanita";16.12.2020;"640001666";"";"";"H167492";"A";""
"202012";"55395";"0202";"Cersanit sanita";16.12.2020;"640001666";"";"";"H167479";"A";""
"202012";"55396";"0202";"Cersanit sanita";16.12.2020;"640001666";"";"";"H167504";"A";""
"202012";"60679";"0520";"Prodejna Prostějov";16.12.2020;"   5";"";"";"";"X";""
"202012";"55397";"0202";"Cersanit sanita";16.12.2020;"640001666";"";"";"H165648";"A";""
"202012";"55398";"0202";"Cersanit sanita";16.12.2020;"640001666";"";"";"H161316";"A";""
"202012";"55399";"0202";"Cersanit sanita";16.12.2020;"640001666";"";"";"H161315";"A";""
"202012";"60681";"0520";"Stavba";16.12.2020;"  88";"";"";"";"X";""
"202012";"60682";"0520";"Stavba";16.12.2020;"  88";"";"";"";"X";""
"202012";"60683";"0520";"Stavba";16.12.2020;"  88";"";"";"";"X";""
"202012";"60667";"0520";"Prodejna Ostrava";15.12.2020;"   4";"";"";"";"X";""
"202012";"55400";"0202";"Cersanit sanita";16.12.2020;"640001666";"";"";"H164910";"A";""
"202012";"55401";"0202";"Cersanit sanita";16.12.2020;"640001666";"";"";"H165843";"A";""
"202012";"55402";"0202";"Cersanit sanita";16.12.2020;"640001666";"";"";"H165649";"A";""
"202012";"60692";"0520";"Stavba";16.12.2020;"  88";"";"";"";"X";""
"202012";"60628";"0520";"Stavba";16.12.2020;"  88";"";"";"";"X";""
"202012";"55403";"0202";"Cersanit sanita";16.12.2020;"640001666";"";"";"H165644";"A";""
"202012";"60690";"0520";"Stavba";16.12.2020;"  88";"";"";"";"X";""
"202012";"55404";"0202";"Cersanit sanita";16.12.2020;"640001666";"";"";"H165646";"A";""
"202012";"60684";"0520";"Stavba";16.12.2020;"  88";"";"";"";"X";""
"202012";"60687";"0520";"Stavba";16.12.2020;"  88";"";"";"";"X";""
"202012";"55405";"0202";"Cersanit sanita";16.12.2020;"640001666";"";"";"H165647";"A";""
"202012";"55406";"0202";"Cersanit sanita";16.12.2020;"640001666";"";"";"H165645";"A";""
"202012";"60685";"0520";"Stavba";16.12.2020;"  88";"";"";"";"X";""
"202012";"60686";"0520";"Stavba";16.12.2020;"  88";"";"";"";"X";""
"202012";"55407";"0202";"Novaservis";16.12.2020;"  13691121";"";"";"04164938";"A";""
"202012";"60680";"0521";"Velkoobchod Ostrava";17.12.2020;"   9";"";"";"";"X";""
"202012";"55389";"0202";"Zehnder group";15.12.2020;"  24262200";"5917";"";"9021038061";"A";""
"202012";"55390";"0202";"Zehnder group";15.12.2020;"  24262200";"5917";"";"9021038062";"A";""
"202012";"55393";"0202";"LAUFEN";16.12.2020;"  25758691";"";"";"1390252673";"A";""
"202012";"10672";"0502";"E-VITAE ovoce zelen.";21.12.2020;"  05594251";"";"40000567";"";"X";""
"202012";"10698";"0502";"E-VITAE ovoce zelen.";21.12.2020;"  05594251";"";"40000568";"";"X";""
"202012";"80487";"0402";"PRO-DOMA - Znojmo";16.12.2020;"  24235920";" 001";"50000017";"";" ";"10487"
"202012";"55354";"0202";"TEiKO spol. s r.o.";04.12.2020;"  44004770";"";"";"720113728";"A";""
"202012";"55408";"0202";"Cersanit sanita";17.12.2020;"640001666";"";"";"H167537";"A";""
"202012";"55409";"0202";"Cersanit sanita";17.12.2020;"640001666";"";"";"H167435";"A";""
"202012";"10511";"0502";"MARES Stanislav";07.12.2020;"  11428660";"   0";"40000545";"";"X";""
"202012";"60696";"0520";"Prodejna Hradec Králové";17.12.2020;"   8";"";"";"";"X";""
"202012";"60694";"0520";"Prodejna Prostějov";17.12.2020;"   5";"";"";"";"X";""
"202012";"60695";"0520";"Prodejna Teplice";17.12.2020;"   6";"";"";"";"X";""
"202012";"10661";"0502";"HORAK - M.Budějovice";15.12.2020;"  63430851";"   0";"40000569";"";"X";""
"202012";"60665";"0520";"Prodejna Valašské Meziříčí";18.12.2020;"   7";"";"";"";"X";""
"202012";"60678";"0520";"Prodejna Otrokovice";17.12.2020;"   3";"";"";"";"X";""
"202012";"60688";"0520";"Prodejna Olomouc";16.12.2020;"   2";"";"";"";"X";""
"202012";"55410";"0202";"Drevojas";17.12.2020;"0042193940";"";"";"201041487";"A";""
"202012";"55411";"0202";"Drevojas";17.12.2020;"0042193940";"";"";"201041488";"A";""
"202012";"60705";"0220";"Prodejna Otrokovice";17.12.2020;"   3";"";"";"3512";"A";""
"202012";"55412";"0202";"Cersanit sanita";17.12.2020;"640001666";"";"";"H156756";"A";""
"202012";"55413";"0202";"Cersanit sanita";17.12.2020;"640001666";"";"";"H125963";"A";""
"202012";"70035";"0755";"atyp palety";03.12.2020;"";"";"";"";"X";""
"202012";"60706";"0220";"Prodejna Hradec Králové";17.12.2020;"   8";"";"";"8932";"A";""
"202012";"55414";"0202";"TEiKO spol. s r.o.";17.12.2020;"  44004770";"";"";"720113846";"A";""
"202012";"70036";"0835";"přesun ze vzorku";17.12.2020;"";"";"";"";" ";""
"202012";"70037";"0735";"";17.12.2020;"";"";"";"";" ";""
"202012";"10703";"0502";"ITH-Hons Tomáš Ing.";17.12.2020;"  63686112";"   2";"40000546";"";"X";""
"202012";"60699";"0520";"Prodejna Otrokovice";18.12.2020;"   3";"";"";"";"X";""
"202012";"60693";"0520";"Prodejna Sumperk";18.12.2020;"   1";"";"";"";"X";""
"202012";"90524";"0402";"KOUPELNY FRÝDEK";17.12.2020;"  07011628";"   0";"50000018";"";" ";"10524"
"202012";"60701";"0520";"Prodejna Olomouc";17.12.2020;"   2";"";"";"";"X";""
"202012";"10694";"0502";"TOP KOUPELNY";15.12.2020;"  27832074";"   0";"40000577";"";"X";""
"202012";"10699";"0502";"KP Revital s.r.o.";17.12.2020;"  02632195";"";"40000579";"";"X";""
"202012";"60703";"0520";"Prodejna Ostrava";17.12.2020;"   4";"";"";"";"X";""
"202012";"10680";"0502";"ONO Stavebniny s.r.o";15.12.2020;"  26823322";"   0";"40000547";"";"X";""
"202012";"60689";"0520";"Prodejna Ostrava";16.12.2020;"   4";"";"";"";"X";""
"202012";"60710";"0520";"Prodejna Ostrava";18.12.2020;"   4";"";"";"";"X";""
"202012";"60708";"0520";"Prodejna Otrokovice";21.12.2020;"   3";"";"";"";"X";""
"202012";"60702";"0520";"Prodejna Olomouc";17.12.2020;"   2";"";"";"";"X";""
"202012";"60707";"0520";"Prodejna Sumperk";21.12.2020;"   1";"";"";"";"X";""
"202012";"10581";"0502";"Absolon Karel";01.12.2020;"  16292243";" 001";"40000548";"";"X";""
"202012";"10612";"0502";"MAKA THERM-B.PROBRNO";08.12.2020;"  26025051";" 001";"40000549";"";"X";""
"202012";"10619";"0502";"Stavmont-Jan Beneš";01.12.2020;"  40282295";" 001";"40000550";"";"X";""
"202012";"10624";"0502";"KERAMA s.r.o.";01.12.2020;"  63486806";"   0";"40000551";"";"X";""
"202012";"10626";"0502";"Jurcaga 2";01.12.2020;"  29201241";" 001";"40000552";"";"X";""
"202012";"10627";"0502";"Zaviška Ivanč";01.12.2020;"  27666735";"   0";"40000553";"";"X";""
"202012";"10639";"0502";"Flamex s.r.o.";02.12.2020;"  26232456";" 002";"40000554";"";"X";""
"202012";"10640";"0502";"Jurcaga 2";02.12.2020;"  29201241";" 001";"40000555";"";"X";""
"202012";"10651";"0502";"Jurcaga 2";08.12.2020;"  29201241";" 001";"40000556";"";"X";""
"202012";"10657";"0502";"KERAMA s.r.o.";07.12.2020;"  63486806";"   0";"40000557";"";"X";""
"202012";"10658";"0502";"Stavmont-JB.stavba";08.12.2020;"  40282295";" 002";"40000558";"";"X";""
"202012";"10659";"0502";"KERAMA s.r.o.";08.12.2020;"  63486806";"   0";"40000559";"";"X";""
"202012";"10671";"0502";"Teko";08.12.2020;"  46982141";" 001";"40000560";"";"X";""
"202012";"10683";"0502";"Jurcaga 2";10.12.2020;"  29201241";" 001";"40000561";"";"X";""
"202012";"10685";"0502";"MAKA THERM-B.PROBRNO";14.12.2020;"  26025051";" 001";"40000562";"";"X";""
"202012";"10686";"0502";"PRO-DOMA - Znojmo";14.12.2020;"  24235920";" 001";"40000563";"";"X";""
"202012";"10695";"0502";"Stavmont-Jan Beneš";16.12.2020;"  40282295";" 001";"40000564";"";"X";""
"202012";"10696";"0502";"KERAMA s.r.o.";16.12.2020;"  63486806";"   0";"40000565";"";"X";""
"202012";"60712";"0520";"Prodejna Sumperk";21.12.2020;"   1";"";"";"";"X";""
"202012";"10682";"0502";"RKS - OSTRAVA";15.12.2020;"  25121049";"  24";"40000566";"";"X";""
"202012";"60715";"0520";"Prodejna Olomouc";21.12.2020;"   2";"";"";"";"X";""
"202012";"55415";"0202";"Cersanit sanita";21.12.2020;"640001666";"";"";"H161706";"A";""
"202012";"55419";"0202";"Cersanit sanita";21.12.2020;"640001666";"";"";"H166934";"A";""
"202012";"60718";"0220";"Prodejna Ostrava";21.12.2020;"   4";"";"";"4018";"A";""
"202012";"60713";"0520";"Prodejna Otrokovice";21.12.2020;"   3";"";"";"";"X";""
"202012";"55417";"0202";"Cersanit sanita";21.12.2020;"640001666";"";"";"H156472_";"A";""
"202012";"55418";"0202";"Cersanit sanita";21.12.2020;"640001666";"";"";"H163395";"A";""
"202012";"55416";"0202";"Cersanit sanita";21.12.2020;"640001666";"";"";"H156472";"A";""
"202012";"60714";"0520";"Prodejna Sumperk";21.12.2020;"   1";"";"";"";"X";""
"202012";"30015";"0301";"Příjem dávky  přecenění";21.12.2020;"";"";"";"";" ";""
"202012";"60691";"0520";"Prodejna Ostrava";16.12.2020;"   4";"";"";"";"X";""
"202012";"10705";"0502";"Petr Lipowski-KACH";17.12.2020;"  73966584";"   0";"40000578";"";"X";""
"202012";"55420";"0202";"LAUFEN";22.12.2020;"  25758691";"";"";"1390253497";"A";""
"202012";"55421";"0202";"Cersanit sanita";23.12.2020;"640001666";"";"";"H167643";"A";""
"202012";"55422";"0202";"Cersanit sanita";23.12.2020;"640001666";"";"";"H167544";"A";""
"202012";"60723";"0520";"Stavba";23.12.2020;"  88";"";"";"";"X";""
"202012";"10708";"0502";"Dominik Března";23.12.2020;"";"6073";"40000580";"";"X";""
"202012";"80053";"0402";"MAKA THERM-B.PROBRNO";23.12.2020;"  26025051";" 001";"50000019";"";" ";""
"202012";"80077";"0402";"KERAMA s.r.o.";23.12.2020;"  63486806";"   0";"50000020";"";" ";""
"202012";"60704";"0520";"Prodejna Ostrava";17.12.2020;"   4";"";"";"";"X";""
"202012";"60673";"0220";"Prodejna Olomouc";15.12.2020;"   2";"";"";"2821";"A";""
"202012";"60675";"0220";"Prodejna Ostrava";15.12.2020;"   4";"";"";"4003";"A";""
"202012";"55423";"0202";"Cersanit sanita";23.12.2020;"640001666";"";"";"H165465";"A";""
"202012";"55424";"0202";"Cersanit sanita";29.12.2020;"640001666";"";"";"H152569";"A";""
"202012";"10716";"0001";" Cenové rozdíly v NákC";31.12.2020;"";"";"";"";" ";""
"202012";"40002";"0001";" Cenové rozdíly v NákC";31.12.2020;"";"";"";"";" ";""
