"0502";"13759";"6003512";" ";2.860;1245.00;466.37;0.00;1. 12. 2023;21
"0502";"13857";"6400014";" ";1.000;3990.00;1855.00;0.00;1. 12. 2023;21
"0502";"13861";"5100743";" ";1.000;990.00;513.19;297.00;1. 12. 2023;21
"0502";"13900";"3154348";" ";28.800;299.00;143.01;0.00;1. 12. 2023;21
"0502";"13900";"1502849";" ";1.000;5821.00;2790.38;1746.30;1. 12. 2023;21
"0502";"13900";"1500334";" ";1.000;177.00;84.68;35.40;1. 12. 2023;21
"0502";"13900";"5100426";" ";1.000;390.00;199.83;117.00;1. 12. 2023;21
"0502";"13900";"1304158";" ";1.000;2899.00;1437.60;869.70;1. 12. 2023;21
"0502";"13900";"1304257";" ";1.000;7498.00;3718.20;2249.40;1. 12. 2023;21
"0502";"13922";"1008931";" ";3.200;149.00;90.69;0.00;1. 12. 2023;21
"0221";" 1465";"4990239";" ";2.000;6790.00;2913.50;0.00;4. 12. 2023;21
"0221";" 1465";"4990336";" ";1.000;4490.00;1971.56;0.00;4. 12. 2023;21
"0221";" 1465";"4990276";" ";1.000;3050.00;1310.74;0.00;4. 12. 2023;21
"0502";"13861";"5102202";" ";1.000;11290.00;5296.43;3387.00;1. 12. 2023;21
"0502";"13861";"5100758";" ";1.000;990.00;507.27;297.00;1. 12. 2023;21
"0502";"13861";"5101777";" ";1.000;6990.00;3376.69;2097.00;1. 12. 2023;21
"0502";"13861";"5101660";" ";1.000;2290.00;1173.39;687.00;1. 12. 2023;21
"0502";"13861";"5100984";" ";1.000;5690.00;2573.55;1707.00;1. 12. 2023;21
"0502";"13900";"5102007";" ";1.000;15990.00;7225.62;4797.00;1. 12. 2023;21
"0502";"13900";"5100976";" ";1.000;6290.00;3222.98;1887.00;1. 12. 2023;21
"0221";" 1465";"4301015";" ";1.000;5890.00;3824.79;0.00;4. 12. 2023;21
"0221";" 1465";"4990317";" ";1.000;12290.00;5278.43;0.00;4. 12. 2023;21
"0221";" 1465";"4990319";" ";1.000;5990.00;3029.75;0.00;4. 12. 2023;21
"0221";" 1465";"4990285";" ";1.000;3050.00;1310.74;0.00;4. 12. 2023;21
"0221";" 1465";"4990123";" ";1.000;2190.00;1095.87;0.00;4. 12. 2023;21
"0221";" 1465";"4990082";" ";1.000;729.00;365.29;0.00;4. 12. 2023;21
"0221";" 1465";"4301112";" ";1.000;6850.00;2943.80;0.00;4. 12. 2023;21
"0221";" 1465";"4990281";" ";1.000;2850.00;1224.79;0.00;4. 12. 2023;21
"0221";" 1465";"4990542";" ";1.000;8350.00;3261.78;0.00;4. 12. 2023;21
"0221";" 1465";"9995929";" ";1.000;9990.00;4966.12;0.00;4. 12. 2023;21
"0221";" 1465";"5900578";" ";1.000;3988.00;1923.76;0.00;4. 12. 2023;21
"0221";" 1465";"5900626";" ";1.000;1649.00;816.30;0.00;4. 12. 2023;21
"0221";" 1465";"5900593";" ";1.000;220.00;109.78;0.00;4. 12. 2023;21
"0221";" 1465";"9995930";" ";1.000;9990.00;5042.98;0.00;4. 12. 2023;21
"0221";" 1465";"4990465";" ";1.000;2550.00;1267.77;0.00;4. 12. 2023;21
"0502";"13900";"4990542";" ";1.000;8350.00;3261.78;2505.00;1. 12. 2023;21
"0502";"13900";"9995929";" ";1.000;9990.00;4966.12;2997.00;1. 12. 2023;21
"0502";"13900";"5900578";" ";1.000;3988.00;1923.76;1196.40;1. 12. 2023;21
"0502";"13900";"5900626";" ";1.000;1649.00;816.30;494.70;1. 12. 2023;21
"0502";"13900";"5900593";" ";1.000;220.00;109.78;66.00;1. 12. 2023;21
"0502";"13900";"1502838";" ";1.000;1788.00;945.92;357.60;1. 12. 2023;21
"0502";"13861";"5100337";" ";1.000;4590.00;1839.50;1377.00;1. 12. 2023;21
"0502";"13861";"5100338";" ";1.000;2500.00;1793.38;750.00;1. 12. 2023;21
"0506";"13928";"7213504";" ";1.000;204.00;84.09;0.00;1. 12. 2023;21
"0506";"13928";"7202600";" ";2.000;269.00;115.42;0.00;1. 12. 2023;21
"0506";"13928";"7202100";" ";1.000;269.00;115.08;0.00;1. 12. 2023;21
"0202";"90273";"5102007";" ";1.000;15990.00;8193.22;0.00;1. 12. 2023;21
"0202";"90273";"5102202";" ";1.000;11290.00;5784.95;0.00;1. 12. 2023;21
"0202";"90273";"5100758";" ";1.000;990.00;507.27;0.00;1. 12. 2023;21
"0202";"90273";"5101777";" ";1.000;6990.00;3581.65;0.00;1. 12. 2023;21
"0202";"90273";"5101660";" ";1.000;2290.00;1173.38;0.00;1. 12. 2023;21
"0202";"90273";"5100441";" ";1.000;9190.00;4708.92;0.00;1. 12. 2023;21
"0202";"90273";"5100976";" ";1.000;6290.00;3222.97;0.00;1. 12. 2023;21
"0202";"90273";"5100984";" ";1.000;5690.00;2915.53;0.00;1. 12. 2023;21
"0502";"13929";"5100441";" ";1.000;9190.00;4708.92;1378.50;1. 12. 2023;21
"0502";"13930";"6005688";" ";7.150;499.00;253.76;535.19;1. 12. 2023;21
"0506";"13931";"4002360";"2";11.000;555.00;185.97;0.00;1. 12. 2023;21
"0506";"13931";"7218004";" ";1.000;270.00;111.24;0.00;1. 12. 2023;21
"0506";"13931";"7909987";" ";1.000;314.00;134.82;0.00;1. 12. 2023;21
"0501";"13932";"7772625";" ";1.000;335.00;194.81;32.80;1. 12. 2023;21
"0501";"13933";"1002755";"<";6.540;431.00;198.90;0.00;1. 12. 2023;21
"0502";"13934";"6003727";"2";20.160;499.00;202.31;1508.97;1. 12. 2023;21
"0504";"13935";"1010203";" ";1.180;395.00;134.58;0.00;1. 12. 2023;21
"0504";"13935";"7213502";" ";1.000;126.00;48.58;0.00;1. 12. 2023;21
"0504";"13935";"7202100";" ";1.000;269.00;115.08;0.00;1. 12. 2023;21
"0504";"13935";"7202600";" ";1.000;269.00;115.42;0.00;1. 12. 2023;21
"0504";"13936";"1010203";"1";1.180;395.00;157.50;0.00;1. 12. 2023;21
"0506";"13937";"4002688";" ";1.600;399.00;179.00;0.00;1. 12. 2023;21
"0502";"13938";"1008056";" ";1.210;149.00;154.00;0.00;1. 12. 2023;21
"0502";"13938";"1008930";" ";4.800;149.00;75.30;0.00;1. 12. 2023;21
"0502";"13938";"5000187";"4";5.400;835.00;228.84;901.80;1. 12. 2023;21
"0501";"13939";"7201000";" ";4.000;269.00;115.16;269.00;1. 12. 2023;21
"0501";"13939";"7217404";" ";2.000;270.00;111.25;135.00;1. 12. 2023;21
"0501";"13939";"7217402";" ";1.000;167.00;56.32;41.80;1. 12. 2023;21
"0506";"13940";"1010204";"1";10.620;395.00;157.50;0.00;1. 12. 2023;21
"0506";"13940";"7218904";" ";1.000;270.00;111.25;0.00;1. 12. 2023;21
"0506";"13941";"5302084";" ";16.000;399.00;169.86;0.00;1. 12. 2023;21
"0506";"13941";"6002674";" ";24.300;399.00;172.85;1454.40;1. 12. 2023;21
"0504";"13942";"6003727";"2";7.840;499.00;202.31;0.00;2. 12. 2023;21
"0504";"13942";"7217402";" ";1.000;167.00;56.32;0.00;2. 12. 2023;21
"0504";"13942";"7201000";" ";1.000;269.00;115.16;0.00;2. 12. 2023;21
"0506";"13943";"7218002";" ";1.000;167.00;56.31;0.00;2. 12. 2023;21
"0502";"13944";"7213504";" ";2.000;204.00;84.09;102.00;2. 12. 2023;21
"0502";"13945";"7217102";" ";2.000;167.00;56.31;83.50;2. 12. 2023;21
"0502";"13945";"7218604";" ";1.000;270.00;111.24;67.50;2. 12. 2023;21
"0502";"13945";"7218304";" ";1.000;270.00;110.53;67.50;2. 12. 2023;21
"0502";"13945";"7909989";" ";1.000;314.00;134.87;78.50;2. 12. 2023;21
"0502";"13945";"7200600";" ";1.000;314.00;134.80;78.50;2. 12. 2023;21
"0502";"13945";"7205200";" ";1.000;314.00;124.17;78.50;2. 12. 2023;21
"0502";"13946";"5700037";" ";1.000;81.00;49.69;0.00;2. 12. 2023;21
"0502";"13946";"5700039";" ";1.000;131.00;81.00;0.00;2. 12. 2023;21
"0502";"13946";"5700042";" ";1.000;223.00;137.46;0.00;2. 12. 2023;21
"0501";"13947";"2004467";" ";11.000;299.00;180.00;0.00;2. 12. 2023;21
"0501";"13947";"7772625";" ";2.000;335.00;194.81;65.70;2. 12. 2023;21
"0506";"13948";"7200600";" ";2.000;314.00;134.80;0.00;2. 12. 2023;21
"0506";"13948";"6000263";" ";4.000;457.00;238.33;0.00;2. 12. 2023;21
"0506";"13949";"5301446";"2";5.000;605.00;136.30;0.00;2. 12. 2023;21
"0502";"13950";"5302044";" ";1.080;729.00;183.60;118.10;4. 12. 2023;21
"0502";"13950";"7202600";" ";2.000;269.00;115.42;134.50;4. 12. 2023;21
"0506";"13951";"6000153";" ";1.000;122.00;54.86;0.00;4. 12. 2023;21
"0502";"13952";"7202100";" ";1.000;269.00;115.08;80.70;4. 12. 2023;21
"0502";"13953";"4990773";" ";1.000;10150.00;4361.98;3045.00;4. 12. 2023;21
"0502";"13953";"     24";" ";1.000;-1500.00;0.00;0.00;4. 12. 2023;21
"0501";"13954";"7213504";" ";3.000;204.00;84.09;153.00;4. 12. 2023;21
"0501";"13954";"7202600";" ";2.000;269.00;115.42;134.50;4. 12. 2023;21
"0502";"13955";"6002675";"1";2.700;399.00;173.72;161.60;4. 12. 2023;21
"0504";"13956";"7772625";" ";2.000;335.00;194.81;0.00;4. 12. 2023;21
"0504";"13956";"7210104";" ";1.000;216.00;88.23;0.00;4. 12. 2023;21
"0501";"13957";"1303848";" ";1.000;359.00;202.00;71.80;4. 12. 2023;21
"0301";"   43";"5200048";" ";0.000;-512.00;10250.00;0.00;4. 12. 2023;21
"0301";"   43";"5200049";" ";0.000;-472.00;9457.00;0.00;4. 12. 2023;21
"0301";"   43";"5200050";" ";0.000;-512.00;10250.00;0.00;4. 12. 2023;21
"0301";"   43";"5200051";" ";0.000;-493.00;9852.00;0.00;4. 12. 2023;21
"0301";"   43";"5200052";" ";0.000;-565.00;11318.00;0.00;4. 12. 2023;21
"0301";"   43";"5200053";" ";0.000;-551.00;11053.00;0.00;4. 12. 2023;21
"0301";"   43";"5200054";" ";0.000;-565.00;11318.00;0.00;4. 12. 2023;21
"0301";"   43";"5200055";" ";0.000;-578.00;11581.00;0.00;4. 12. 2023;21
"0301";"   43";"5200056";" ";0.000;-511.00;10221.00;0.00;4. 12. 2023;21
"0301";"   43";"5200083";" ";0.000;-753.00;7544.00;0.00;4. 12. 2023;21
"0301";"   43";"5200085";" ";0.000;-791.00;7903.00;0.00;4. 12. 2023;21
"0301";"   43";"5200087";" ";0.000;-883.00;8841.00;0.00;4. 12. 2023;21
"0301";"   43";"5200088";" ";0.000;-956.00;9559.00;0.00;4. 12. 2023;21
"0301";"   43";"5200192";" ";0.000;1.00;16800.00;0.00;4. 12. 2023;21
"0301";"   43";"5200195";" ";0.000;-1.00;16798.00;0.00;4. 12. 2023;21
"0301";"   43";"5200197";" ";0.000;-1.00;19644.00;0.00;4. 12. 2023;21
"0301";"   43";"5200200";" ";0.000;-1.00;11883.00;0.00;4. 12. 2023;21
"0301";"   43";"5200204";" ";0.000;-1.00;19644.00;0.00;4. 12. 2023;21
"0301";"   43";"5200217";" ";0.000;1.00;32305.00;0.00;4. 12. 2023;21
"0301";"   43";"5200333";" ";0.000;-89.00;894.00;0.00;4. 12. 2023;21
"0301";"   43";"5200334";" ";0.000;-104.00;1042.00;0.00;4. 12. 2023;21
"0301";"   43";"5200335";" ";0.000;-149.00;1491.00;0.00;4. 12. 2023;21
"0301";"   43";"5200336";" ";0.000;-149.00;1491.00;0.00;4. 12. 2023;21
"0301";"   43";"5200337";" ";0.000;-163.00;1637.00;0.00;4. 12. 2023;21
"0301";"   43";"5200338";" ";0.000;-265.00;2646.00;0.00;4. 12. 2023;21
"0301";"   43";"5200339";" ";0.000;-305.00;3054.00;0.00;4. 12. 2023;21
"0301";"   43";"5200340";" ";0.000;-299.00;2984.00;0.00;4. 12. 2023;21
"0301";"   43";"5200341";" ";0.000;-298.00;2983.00;0.00;4. 12. 2023;21
"0301";"   43";"5200342";" ";0.000;-350.00;3492.00;0.00;4. 12. 2023;21
"0301";"   43";"5200343";" ";0.000;-317.00;3174.00;0.00;4. 12. 2023;21
"0301";"   43";"5200344";" ";0.000;-371.00;3718.00;0.00;4. 12. 2023;21
"0301";"   43";"5200345";" ";0.000;-404.00;4044.00;0.00;4. 12. 2023;21
"0301";"   43";"5200346";" ";0.000;-650.00;6499.00;0.00;4. 12. 2023;21
"0301";"   43";"5200347";" ";0.000;-200.00;2007.00;0.00;4. 12. 2023;21
"0301";"   43";"5200348";" ";0.000;-231.00;2317.00;0.00;4. 12. 2023;21
"0301";"   43";"5200349";" ";0.000;-201.00;2005.00;0.00;4. 12. 2023;21
"0301";"   43";"5200364";" ";0.000;-934.00;9342.00;0.00;4. 12. 2023;21
"0301";"   43";"5200365";" ";0.000;-934.00;9342.00;0.00;4. 12. 2023;21
"0301";"   43";"5200366";" ";0.000;-112.00;1111.00;0.00;4. 12. 2023;21
"0301";"   43";"5200374";" ";0.000;-124.00;1251.00;0.00;4. 12. 2023;21
"0301";"   43";"5200375";" ";0.000;-531.00;5314.00;0.00;4. 12. 2023;21
"0301";"   43";"5200376";" ";0.000;-388.00;3885.00;0.00;4. 12. 2023;21
"0301";"   43";"5200377";" ";0.000;-319.00;3179.00;0.00;4. 12. 2023;21
"0301";"   43";"5200379";" ";0.000;-713.00;7133.00;0.00;4. 12. 2023;21
"0301";"   43";"5200380";" ";0.000;-551.00;5507.00;0.00;4. 12. 2023;21
"0301";"   43";"5200382";" ";0.000;-260.00;2598.00;0.00;4. 12. 2023;21
"0301";"   43";"5200387";" ";0.000;-194.00;1934.00;0.00;4. 12. 2023;21
"0301";"   43";"5200389";" ";0.000;-810.00;8108.00;0.00;4. 12. 2023;21
"0301";"   43";"5200390";" ";0.000;-697.00;6967.00;0.00;4. 12. 2023;21
"0301";"   43";"5200391";" ";0.000;-1786.00;17863.00;0.00;4. 12. 2023;21
"0301";"   43";"5200398";" ";0.000;-104.00;1042.00;0.00;4. 12. 2023;21
"0301";"   43";"5200399";" ";0.000;-333.00;3323.00;0.00;4. 12. 2023;21
"0301";"   43";"5200400";" ";0.000;-356.00;3559.00;0.00;4. 12. 2023;21
"0301";"   43";"5200401";" ";0.000;-282.00;2819.00;0.00;4. 12. 2023;21
"0301";"   43";"5200403";" ";0.000;-649.00;6481.00;0.00;4. 12. 2023;21
"0301";"   43";"5200404";" ";0.000;-486.00;4855.00;0.00;4. 12. 2023;21
"0301";"   43";"5200405";" ";0.000;-1459.00;14595.00;0.00;4. 12. 2023;21
"0301";"   43";"5200407";" ";0.000;-201.00;2009.00;0.00;4. 12. 2023;21
"0301";"   43";"5200414";" ";0.000;-177.00;1763.00;0.00;4. 12. 2023;21
"0301";"   43";"5200416";" ";0.000;-649.00;6482.00;0.00;4. 12. 2023;21
"0301";"   43";"5200417";" ";0.000;-535.00;5345.00;0.00;4. 12. 2023;21
"0301";"   43";"5200418";" ";0.000;-1461.00;14605.00;0.00;4. 12. 2023;21
"0301";"   43";"5200419";" ";0.000;-654.00;6547.00;0.00;4. 12. 2023;21
"0301";"   43";"5200424";" ";0.000;-111.00;1118.00;0.00;4. 12. 2023;21
"0301";"   43";"5200425";" ";0.000;-342.00;3424.00;0.00;4. 12. 2023;21
"0301";"   43";"5200427";" ";0.000;-404.00;4041.00;0.00;4. 12. 2023;21
"0301";"   43";"5200428";" ";0.000;-231.00;2315.00;0.00;4. 12. 2023;21
"0301";"   43";"5200441";" ";0.000;-114.00;1133.00;0.00;4. 12. 2023;21
"0301";"   43";"5200442";" ";0.000;-114.00;1133.00;0.00;4. 12. 2023;21
"0301";"   43";"5200443";" ";0.000;-274.00;2745.00;0.00;4. 12. 2023;21
"0301";"   43";"5200445";" ";0.000;-52.00;523.00;0.00;4. 12. 2023;21
"0301";"   43";"5200446";" ";0.000;-216.00;2159.00;0.00;4. 12. 2023;21
"0301";"   43";"5200448";" ";0.000;-231.00;2317.00;0.00;4. 12. 2023;21
"0301";"   43";"5200458";" ";0.000;-207.00;2072.00;0.00;4. 12. 2023;21
"0301";"   43";"5200473";" ";0.000;-62.00;408.00;0.00;4. 12. 2023;21
"0301";"   43";"5200474";" ";0.000;-77.00;519.00;0.00;4. 12. 2023;21
"0301";"   43";"5200475";" ";0.000;-64.00;431.00;0.00;4. 12. 2023;21
"0301";"   43";"5200476";" ";0.000;-101.00;668.00;0.00;4. 12. 2023;21
"0301";"   43";"5200477";" ";0.000;-184.00;1223.00;0.00;4. 12. 2023;21
"0301";"   43";"5200478";" ";0.000;-184.00;1223.00;0.00;4. 12. 2023;21
"0301";"   43";"5200483";" ";0.000;-56.00;567.00;0.00;4. 12. 2023;21
"0301";"   43";"5200486";" ";0.000;-62.00;408.00;0.00;4. 12. 2023;21
"0301";"   43";"5200487";" ";0.000;-104.00;693.00;0.00;4. 12. 2023;21
"0301";"   43";"5200488";" ";0.000;-136.00;912.00;0.00;4. 12. 2023;21
"0301";"   43";"5200490";" ";0.000;-65.00;652.00;0.00;4. 12. 2023;21
"0301";"   43";"5200493";" ";0.000;-101.00;667.00;0.00;4. 12. 2023;21
"0301";"   43";"5200494";" ";0.000;-207.00;1377.00;0.00;4. 12. 2023;21
"0301";"   43";"5200497";" ";0.000;-228.00;1528.00;0.00;4. 12. 2023;21
"0301";"   43";"5200498";" ";0.000;-68.00;450.00;0.00;4. 12. 2023;21
"0301";"   43";"5200502";" ";0.000;-67.00;676.00;0.00;4. 12. 2023;21
"0301";"   43";"5200503";" ";0.000;-199.00;1323.00;0.00;4. 12. 2023;21
"0301";"   43";"5200504";" ";0.000;-136.00;1352.00;0.00;4. 12. 2023;21
"0301";"   43";"5200505";" ";0.000;-287.00;1913.00;0.00;4. 12. 2023;21
"0301";"   43";"5200506";" ";0.000;-369.00;2459.00;0.00;4. 12. 2023;21
"0301";"   43";"5200507";" ";0.000;-369.00;2459.00;0.00;4. 12. 2023;21
"0301";"   43";"5200508";" ";0.000;-507.00;3383.00;0.00;4. 12. 2023;21
"0301";"   43";"5200509";" ";0.000;-507.00;3383.00;0.00;4. 12. 2023;21
"0301";"   43";"5200512";" ";0.000;-90.00;607.00;0.00;4. 12. 2023;21
"0301";"   43";"5200513";" ";0.000;-184.00;1223.00;0.00;4. 12. 2023;21
"0301";"   43";"5200514";" ";0.000;-228.00;1528.00;0.00;4. 12. 2023;21
"0301";"   43";"5200515";" ";0.000;-299.00;1992.00;0.00;4. 12. 2023;21
"0301";"   43";"5200516";" ";0.000;-461.00;3072.00;0.00;4. 12. 2023;21
"0301";"   43";"5200517";" ";0.000;-89.00;880.00;0.00;4. 12. 2023;21
"0301";"   43";"5200519";" ";0.000;-71.00;474.00;0.00;4. 12. 2023;21
"0301";"   43";"5200520";" ";0.000;-77.00;519.00;0.00;4. 12. 2023;21
"0301";"   43";"5200521";" ";0.000;-101.00;668.00;0.00;4. 12. 2023;21
"0301";"   43";"5200522";" ";0.000;-924.00;6158.00;0.00;4. 12. 2023;21
"0301";"   43";"5200523";" ";0.000;-855.00;5697.00;0.00;4. 12. 2023;21
"0301";"   43";"5200526";" ";0.000;-205.00;2058.00;0.00;4. 12. 2023;21
"0301";"   43";"5200527";" ";0.000;-266.00;2664.00;0.00;4. 12. 2023;21
"0301";"   43";"5200530";" ";0.000;-128.00;1279.00;0.00;4. 12. 2023;21
"0301";"   43";"5200531";" ";0.000;-182.00;1823.00;0.00;4. 12. 2023;21
"0301";"   43";"5200532";" ";0.000;-41.00;272.00;0.00;4. 12. 2023;21
"0301";"   43";"5200533";" ";0.000;-91.00;603.00;0.00;4. 12. 2023;21
"0301";"   43";"5200534";" ";0.000;-70.00;699.00;0.00;4. 12. 2023;21
"0301";"   43";"5200539";" ";0.000;-162.00;1621.00;0.00;4. 12. 2023;21
"0301";"   43";"5200540";" ";0.000;-218.00;2177.00;0.00;4. 12. 2023;21
"0301";"   43";"5200695";" ";0.000;-45.00;443.00;0.00;4. 12. 2023;21
"0301";"   43";"5200698";" ";0.000;-80.00;799.00;0.00;4. 12. 2023;21
"0301";"   43";"5200703";" ";0.000;-37.00;370.00;0.00;4. 12. 2023;21
"0301";"   43";"5200704";" ";0.000;-55.00;554.00;0.00;4. 12. 2023;21
"0301";"   43";"5200705";" ";0.000;-18.00;186.00;0.00;4. 12. 2023;21
"0301";"   43";"5200706";" ";0.000;-40.00;396.00;0.00;4. 12. 2023;21
"0301";"   43";"5200707";" ";0.000;-51.00;507.00;0.00;4. 12. 2023;21
"0301";"   43";"5200708";" ";0.000;-18.00;178.00;0.00;4. 12. 2023;21
"0301";"   43";"5200962";" ";0.000;4127.00;4990.00;0.00;4. 12. 2023;21
"0301";"   43";"5201305";" ";0.000;-39.00;384.00;0.00;4. 12. 2023;21
"0301";"   43";"5201306";" ";0.000;-75.00;754.00;0.00;4. 12. 2023;21
"0301";"   43";"5201338";" ";0.000;-1465.00;9766.00;0.00;4. 12. 2023;21
"0301";"   43";"5201340";" ";0.000;-1466.00;11586.00;0.00;4. 12. 2023;21
"0301";"   43";"5201362";" ";0.000;-137.00;2742.00;0.00;4. 12. 2023;21
"0301";"   43";"5201363";" ";0.000;-137.00;4562.00;0.00;4. 12. 2023;21
"0301";"   43";"5201364";" ";0.000;-152.00;3049.00;0.00;4. 12. 2023;21
"0301";"   43";"5201365";" ";0.000;-152.00;4869.00;0.00;4. 12. 2023;21
"0301";"   43";"5201367";" ";0.000;-152.00;3049.00;0.00;4. 12. 2023;21
"0301";"   43";"5201368";" ";0.000;-152.00;4869.00;0.00;4. 12. 2023;21
"0301";"   43";"5201438";" ";0.000;259.00;2995.00;0.00;4. 12. 2023;21
"0301";"   43";"5201439";" ";0.000;259.00;2995.00;0.00;4. 12. 2023;21
"0301";"   43";"5201442";" ";0.000;259.00;4815.00;0.00;4. 12. 2023;21
"0301";"   43";"5201594";" ";0.000;-297.00;2981.00;0.00;4. 12. 2023;21
"0301";"   43";"5201855";" ";0.000;-505.00;2347.00;0.00;4. 12. 2023;21
"0301";"   43";"5201856";" ";0.000;-1102.00;3470.00;0.00;4. 12. 2023;21
"0301";"   43";"5201867";" ";1.000;-113.00;2251.00;0.00;4. 12. 2023;21
"0301";"   43";"5201871";" ";0.000;-51.00;1009.00;0.00;4. 12. 2023;21
"0301";"   43";"5201872";" ";0.000;-25.00;488.00;0.00;4. 12. 2023;21
"0301";"   43";"5201873";" ";0.000;-1.00;35.00;0.00;4. 12. 2023;21
"0301";"   43";"5201874";" ";0.000;-27.00;541.00;0.00;4. 12. 2023;21
"0301";"   43";"5201875";" ";1.000;123.00;399.00;0.00;4. 12. 2023;21
"0301";"   43";"5201876";" ";0.000;-9.00;178.00;0.00;4. 12. 2023;21
"0301";"   43";"5201877";" ";0.000;-45.00;900.00;0.00;4. 12. 2023;21
"0301";"   43";"5201878";" ";0.000;-82.00;1637.00;0.00;4. 12. 2023;21
"0301";"   43";"5201879";" ";0.000;-74.00;1481.00;0.00;4. 12. 2023;21
"0301";"   43";"5201880";" ";0.000;-75.00;1500.00;0.00;4. 12. 2023;21
"0301";"   43";"5201883";" ";0.000;-41.00;814.00;0.00;4. 12. 2023;21
"0301";"   43";"5201884";" ";0.000;-45.00;900.00;0.00;4. 12. 2023;21
"0301";"   43";"5201885";" ";0.000;-163.00;3256.00;0.00;4. 12. 2023;21
"0301";"   43";"5201887";" ";0.000;364.00;859.00;0.00;4. 12. 2023;21
"0301";"   43";"5201889";" ";0.000;-51.00;1009.00;0.00;4. 12. 2023;21
"0301";"   43";"5201890";" ";0.000;-102.00;2027.00;0.00;4. 12. 2023;21
"0301";"   43";"5201891";" ";0.000;-37.00;750.00;0.00;4. 12. 2023;21
"0301";"   43";"5201892";" ";0.000;-52.00;1051.00;0.00;4. 12. 2023;21
"0301";"   43";"5201893";" ";0.000;-102.00;2027.00;0.00;4. 12. 2023;21
"0301";"   43";"5201895";" ";1.000;-37.00;750.00;0.00;4. 12. 2023;21
"0301";"   43";"5201896";" ";0.000;-99.00;1977.00;0.00;4. 12. 2023;21
"0301";"   43";"5201897";" ";0.000;-141.00;2837.00;0.00;4. 12. 2023;21
"0301";"   43";"5201899";" ";0.000;307.00;592.00;0.00;4. 12. 2023;21
"0301";"   43";"5201900";" ";0.000;-34.00;668.00;0.00;4. 12. 2023;21
"0301";"   43";"5201901";" ";0.000;34.00;80.00;0.00;4. 12. 2023;21
"0301";"   43";"5201902";" ";0.000;126.00;900.00;0.00;4. 12. 2023;21
"0301";"   43";"5201903";" ";0.000;19.00;77.00;0.00;4. 12. 2023;21
"0301";"   43";"5201904";" ";0.000;62.00;144.00;0.00;4. 12. 2023;21
"0301";"   43";"5201905";" ";0.000;89.00;211.00;0.00;4. 12. 2023;21
"0301";"   43";"5201906";" ";0.000;-12.00;252.00;0.00;4. 12. 2023;21
"0301";"   43";"5201907";" ";0.000;293.00;688.00;0.00;4. 12. 2023;21
"0301";"   43";"5201908";" ";0.000;-421.00;8419.00;0.00;4. 12. 2023;21
"0301";"   43";"5201909";" ";0.000;-79.00;1566.00;0.00;4. 12. 2023;21
"0301";"   43";"5201911";" ";0.000;-325.00;2456.00;0.00;4. 12. 2023;21
"0301";"   43";"5201913";" ";0.000;-839.00;3496.00;0.00;4. 12. 2023;21
"0301";"   43";"5201914";" ";0.000;-180.00;3615.00;0.00;4. 12. 2023;21
"0301";"   43";"5201915";" ";0.000;1420.00;6040.00;0.00;4. 12. 2023;21
"0301";"   43";"5201916";" ";0.000;-52.00;1047.00;0.00;4. 12. 2023;21
"0301";"   43";"5201917";" ";0.000;-90.00;1805.00;0.00;4. 12. 2023;21
"0301";"   43";"5201918";" ";0.000;-90.00;1805.00;0.00;4. 12. 2023;21
"0301";"   43";"5201919";" ";0.000;-81.00;1624.00;0.00;4. 12. 2023;21
"0301";"   43";"5201923";" ";0.000;-52.00;1047.00;0.00;4. 12. 2023;21
"0301";"   43";"5201924";" ";0.000;-90.00;1805.00;0.00;4. 12. 2023;21
"0301";"   43";"5201925";" ";0.000;-90.00;1805.00;0.00;4. 12. 2023;21
"0301";"   43";"5201926";" ";0.000;-52.00;1047.00;0.00;4. 12. 2023;21
"0301";"   43";"5201927";" ";0.000;-90.00;1805.00;0.00;4. 12. 2023;21
"0301";"   43";"5201928";" ";0.000;-90.00;1805.00;0.00;4. 12. 2023;21
"0301";"   43";"5201929";" ";0.000;-159.00;3180.00;0.00;4. 12. 2023;21
"0301";"   43";"5201931";" ";0.000;-73.00;1465.00;0.00;4. 12. 2023;21
"0301";"   43";"5201932";" ";0.000;-52.00;1047.00;0.00;4. 12. 2023;21
"0301";"   43";"5201933";" ";0.000;-90.00;1805.00;0.00;4. 12. 2023;21
"0301";"   43";"5201934";" ";0.000;-90.00;1805.00;0.00;4. 12. 2023;21
"0301";"   43";"5201935";" ";0.000;-72.00;1454.00;0.00;4. 12. 2023;21
"0301";"   43";"5201936";" ";0.000;-35.00;704.00;0.00;4. 12. 2023;21
"0301";"   43";"5201937";" ";0.000;-21.00;420.00;0.00;4. 12. 2023;21
"0301";"   43";"5201939";" ";0.000;-80.00;1596.00;0.00;4. 12. 2023;21
"0301";"   43";"5201940";" ";0.000;-80.00;1596.00;0.00;4. 12. 2023;21
"0301";"   43";"5201941";" ";0.000;-359.00;7191.00;0.00;4. 12. 2023;21
"0301";"   43";"5201942";" ";0.000;-669.00;13392.00;0.00;4. 12. 2023;21
"0301";"   43";"5201943";" ";0.000;-30.00;613.00;0.00;4. 12. 2023;21
"0301";"   43";"5201944";" ";0.000;-44.00;874.00;0.00;4. 12. 2023;21
"0301";"   43";"5201947";" ";0.000;-39.00;767.00;0.00;4. 12. 2023;21
"0301";"   43";"5201949";" ";0.000;-52.00;1051.00;0.00;4. 12. 2023;21
"0301";"   43";"5201950";" ";0.000;-11.00;217.00;0.00;4. 12. 2023;21
"0301";"   43";"5201951";" ";0.000;-17.00;344.00;0.00;4. 12. 2023;21
"0301";"   43";"5201952";" ";0.000;-17.00;344.00;0.00;4. 12. 2023;21
"0301";"   43";"5201953";" ";0.000;-8.00;174.00;0.00;4. 12. 2023;21
"0301";"   43";"5201954";" ";0.000;-221.00;4412.00;0.00;4. 12. 2023;21
"0301";"   43";"5201955";" ";0.000;-14.00;5839.00;0.00;4. 12. 2023;21
"0301";"   43";"5201956";" ";0.000;-19.00;7675.00;0.00;4. 12. 2023;21
"0301";"   43";"5201959";" ";0.000;-499.00;3323.00;0.00;4. 12. 2023;21
"0301";"   43";"5201960";" ";0.000;-18.00;120.00;0.00;4. 12. 2023;21
"0301";"   43";"5201961";" ";0.000;-49.00;330.00;0.00;4. 12. 2023;21
"0301";"   43";"5201962";" ";0.000;-650.00;4333.00;0.00;4. 12. 2023;21
"0301";"   43";"5201963";" ";0.000;-37.00;246.00;0.00;4. 12. 2023;21
"0301";"   43";"5201965";" ";0.000;-61.00;403.00;0.00;4. 12. 2023;21
"0301";"   43";"5201966";" ";0.000;-36.00;242.00;0.00;4. 12. 2023;21
"0301";"   43";"5201968";" ";0.000;-6.00;42.00;0.00;4. 12. 2023;21
"0301";"   43";"5201969";" ";0.000;-68.00;450.00;0.00;4. 12. 2023;21
"0301";"   43";"5201970";" ";0.000;-33.00;217.00;0.00;4. 12. 2023;21
"0301";"   43";"5201971";" ";0.000;-1801.00;12015.00;0.00;4. 12. 2023;21
"0301";"   43";"5201972";" ";0.000;-1351.00;9013.00;0.00;4. 12. 2023;21
"0301";"   43";"5201973";" ";0.000;-67.00;443.00;0.00;4. 12. 2023;21
"0301";"   43";"5201974";" ";0.000;-382.00;2552.00;0.00;4. 12. 2023;21
"0301";"   43";"5201975";" ";0.000;-473.00;3153.00;0.00;4. 12. 2023;21
"0301";"   43";"5201976";" ";0.000;-2115.00;14099.00;0.00;4. 12. 2023;21
"0301";"   43";"5201977";" ";0.000;-1860.00;12399.00;0.00;4. 12. 2023;21
"0301";"   43";"5201978";" ";0.000;-149.00;995.00;0.00;4. 12. 2023;21
"0301";"   43";"5201979";" ";0.000;-542.00;3613.00;0.00;4. 12. 2023;21
"0301";"   43";"5201980";" ";0.000;-1048.00;5239.00;0.00;4. 12. 2023;21
"0301";"   43";"5201981";" ";0.000;-1301.00;6503.00;0.00;4. 12. 2023;21
"0301";"   43";"5202016";" ";0.000;-1332.00;8879.00;0.00;4. 12. 2023;21
"0301";"   43";"5202039";" ";0.000;-211.00;2122.00;0.00;4. 12. 2023;21
"0301";"   43";"5202040";" ";0.000;-208.00;2079.00;0.00;4. 12. 2023;21
"0301";"   43";"5202041";" ";0.000;-286.00;2865.00;0.00;4. 12. 2023;21
"0301";"   43";"5202042";" ";0.000;-126.00;840.00;0.00;4. 12. 2023;21
"0301";"   43";"5202043";" ";0.000;-33.00;327.00;0.00;4. 12. 2023;21
"0301";"   43";"5202045";" ";0.000;-2146.00;14307.00;0.00;4. 12. 2023;21
"0301";"   43";"5202048";" ";0.000;-2253.00;15023.00;0.00;4. 12. 2023;21
"0301";"   43";"5202051";" ";0.000;-2384.00;15891.00;0.00;4. 12. 2023;21
"0301";"   43";"5202060";" ";0.000;-2692.00;17949.00;0.00;4. 12. 2023;21
"0301";"   43";"5202063";" ";0.000;-4218.00;28117.00;0.00;4. 12. 2023;21
"0301";"   43";"5202075";" ";0.000;-1332.00;10699.00;0.00;4. 12. 2023;21
"0301";"   43";"5202147";" ";0.000;-528.00;3528.00;0.00;4. 12. 2023;21
"0301";"   43";"5202148";" ";0.000;-384.00;7673.00;0.00;4. 12. 2023;21
"0301";"   43";"5202149";" ";0.000;-1755.00;17555.00;0.00;4. 12. 2023;21
"0301";"   43";"5202150";" ";0.000;-1506.00;15068.00;0.00;4. 12. 2023;21
"0301";"   43";"5202155";" ";0.000;-1146.00;11465.00;0.00;4. 12. 2023;21
"0301";"   43";"5202156";" ";0.000;-1146.00;11465.00;0.00;4. 12. 2023;21
"0301";"   43";"5202158";" ";0.000;-1016.00;10164.00;0.00;4. 12. 2023;21
"0301";"   43";"5202173";" ";0.000;-411.00;4120.00;0.00;4. 12. 2023;21
"0301";"   43";"5202174";" ";0.000;-327.00;3262.00;0.00;4. 12. 2023;21
"0301";"   43";"5202175";" ";0.000;-411.00;4120.00;0.00;4. 12. 2023;21
"0301";"   43";"5202176";" ";0.000;-465.00;4644.00;0.00;4. 12. 2023;21
"0301";"   43";"5202177";" ";0.000;-429.00;4293.00;0.00;4. 12. 2023;21
"0301";"   43";"5202178";" ";0.000;-377.00;3775.00;0.00;4. 12. 2023;21
"0301";"   43";"5202179";" ";0.000;-308.00;3090.00;0.00;4. 12. 2023;21
"0301";"   43";"5202180";" ";0.000;-377.00;3776.00;0.00;4. 12. 2023;21
"0301";"   43";"5202182";" ";0.000;-77.00;1550.00;0.00;4. 12. 2023;21
"0301";"   43";"5202199";" ";0.000;-350.00;2333.00;0.00;4. 12. 2023;21
"0301";"   43";"5202216";" ";0.000;-352.00;3521.00;0.00;4. 12. 2023;21
"0301";"   43";"5202217";" ";0.000;-426.00;4262.00;0.00;4. 12. 2023;21
"0301";"   43";"5202218";" ";0.000;-426.00;4262.00;0.00;4. 12. 2023;21
"0301";"   43";"5202219";" ";0.000;-596.00;5971.00;0.00;4. 12. 2023;21
"0301";"   43";"5202220";" ";0.000;-332.00;3311.00;0.00;4. 12. 2023;21
"0301";"   43";"5202226";" ";0.000;-1086.00;10860.00;0.00;4. 12. 2023;21
"0301";"   43";"5202227";" ";0.000;-1151.00;11513.00;0.00;4. 12. 2023;21
"0301";"   43";"5202228";" ";0.000;-1123.00;11225.00;0.00;4. 12. 2023;21
"0301";"   43";"5202229";" ";0.000;-1193.00;11933.00;0.00;4. 12. 2023;21
"0301";"   43";"5202230";" ";0.000;-1185.00;11850.00;0.00;4. 12. 2023;21
"0301";"   43";"5202231";" ";0.000;-1264.00;12648.00;0.00;4. 12. 2023;21
"0301";"   43";"5202232";" ";0.000;-1205.00;12053.00;0.00;4. 12. 2023;21
"0301";"   43";"5202233";" ";0.000;-1288.00;12871.00;0.00;4. 12. 2023;21
"0301";"   43";"5202234";" ";0.000;-2056.00;20553.00;0.00;4. 12. 2023;21
"0301";"   43";"5202235";" ";0.000;-2164.00;21644.00;0.00;4. 12. 2023;21
"0301";"   43";"5202238";" ";0.000;-714.00;7143.00;0.00;4. 12. 2023;21
"0301";"   43";"5202239";" ";0.000;-786.00;7858.00;0.00;4. 12. 2023;21
"0301";"   43";"5202240";" ";0.000;-926.00;9259.00;0.00;4. 12. 2023;21
"0301";"   43";"5202241";" ";0.000;-1019.00;10185.00;0.00;4. 12. 2023;21
"0301";"   43";"5202242";" ";0.000;-667.00;6666.00;0.00;4. 12. 2023;21
"0301";"   43";"5202243";" ";0.000;-733.00;7331.00;0.00;4. 12. 2023;21
"0301";"   43";"5202247";" ";0.000;-320.00;3205.00;0.00;4. 12. 2023;21
"0301";"   43";"5202248";" ";0.000;-321.00;5025.00;0.00;4. 12. 2023;21
"0301";"   43";"5202249";" ";0.000;-332.00;3332.00;0.00;4. 12. 2023;21
"0301";"   43";"5202250";" ";0.000;-333.00;5152.00;0.00;4. 12. 2023;21
"0301";"   43";"5202251";" ";0.000;-396.00;3972.00;0.00;4. 12. 2023;21
"0301";"   43";"5202252";" ";0.000;-397.00;5792.00;0.00;4. 12. 2023;21
"0301";"   43";"5202253";" ";0.000;-1989.00;9944.00;0.00;4. 12. 2023;21
"0301";"   43";"5202254";" ";0.000;-1990.00;11764.00;0.00;4. 12. 2023;21
"0301";"   43";"5202255";" ";0.000;-1562.00;15621.00;0.00;4. 12. 2023;21
"0301";"   43";"5202256";" ";0.000;-1562.00;17441.00;0.00;4. 12. 2023;21
"0301";"   43";"5202261";" ";0.000;-599.00;3989.00;0.00;4. 12. 2023;21
"0301";"   43";"5202269";" ";0.000;-373.00;2488.00;0.00;4. 12. 2023;21
"0301";"   43";"5202270";" ";0.000;-373.00;2488.00;0.00;4. 12. 2023;21
"0301";"   43";"5202271";" ";0.000;-397.00;2645.00;0.00;4. 12. 2023;21
"0301";"   43";"5202272";" ";0.000;-444.00;2958.00;0.00;4. 12. 2023;21
"0301";"   43";"5202273";" ";0.000;-400.00;4006.00;0.00;4. 12. 2023;21
"0301";"   43";"5202274";" ";0.000;-283.00;2177.00;0.00;4. 12. 2023;21
"0301";"   43";"5202275";" ";0.000;-424.00;2488.00;0.00;4. 12. 2023;21
"0301";"   43";"5202276";" ";0.000;-436.00;2177.00;0.00;4. 12. 2023;21
"0301";"   43";"5202277";" ";0.000;-341.00;2271.00;0.00;4. 12. 2023;21
"0301";"   43";"5202278";" ";0.000;-341.00;2271.00;0.00;4. 12. 2023;21
"0301";"   43";"5202279";" ";0.000;-350.00;2333.00;0.00;4. 12. 2023;21
"0301";"   43";"5202280";" ";0.000;-288.00;1861.00;0.00;4. 12. 2023;21
"0301";"   43";"5202281";" ";0.000;-422.00;2177.00;0.00;4. 12. 2023;21
"0301";"   43";"5202282";" ";0.000;-280.00;1861.00;0.00;4. 12. 2023;21
"0301";"   43";"5202283";" ";0.000;-336.00;2018.00;0.00;4. 12. 2023;21
"0301";"   43";"5202284";" ";0.000;-218.00;1706.00;0.00;4. 12. 2023;21
"0301";"   43";"5202285";" ";0.000;-373.00;1861.00;0.00;4. 12. 2023;21
"0301";"   43";"5202286";" ";0.000;-312.00;1861.00;0.00;4. 12. 2023;21
"0301";"   43";"5202287";" ";0.000;-373.00;2488.00;0.00;4. 12. 2023;21
"0301";"   43";"5202288";" ";0.000;-373.00;2488.00;0.00;4. 12. 2023;21
"0301";"   43";"5202289";" ";0.000;-491.00;3272.00;0.00;4. 12. 2023;21
"0301";"   43";"5202290";" ";0.000;-444.00;2958.00;0.00;4. 12. 2023;21
"0301";"   43";"5202291";" ";0.000;-295.00;2958.00;0.00;4. 12. 2023;21
"0301";"   43";"5202292";" ";0.000;-560.00;2801.00;0.00;4. 12. 2023;21
"0301";"   43";"5202293";" ";0.000;-248.00;2488.00;0.00;4. 12. 2023;21
"0301";"   43";"5202294";" ";0.000;-316.00;1550.00;0.00;4. 12. 2023;21
"0301";"   43";"5202295";" ";0.000;-444.00;2958.00;0.00;4. 12. 2023;21
"0301";"   43";"5202296";" ";0.000;-491.00;3272.00;0.00;4. 12. 2023;21
"0301";"   43";"5202297";" ";0.000;-350.00;2333.00;0.00;4. 12. 2023;21
"0301";"   43";"5202298";" ";0.000;-397.00;2645.00;0.00;4. 12. 2023;21
"0301";"   43";"5202299";" ";0.000;-218.00;2177.00;0.00;4. 12. 2023;21
"0301";"   43";"5202300";" ";0.000;-218.00;2177.00;0.00;4. 12. 2023;21
"0301";"   43";"5202301";" ";0.000;-219.00;1235.00;0.00;4. 12. 2023;21
"0301";"   43";"5202302";" ";0.000;-350.00;2333.00;0.00;4. 12. 2023;21
"0301";"   43";"5202303";" ";0.000;-458.00;3053.00;0.00;4. 12. 2023;21
"0301";"   43";"5202304";" ";0.000;-397.00;2645.00;0.00;4. 12. 2023;21
"0301";"   43";"5202305";" ";0.000;-374.00;2488.00;0.00;4. 12. 2023;21
"0301";"   43";"5202306";" ";0.000;-436.00;2177.00;0.00;4. 12. 2023;21
"0301";"   43";"5202307";" ";0.000;-397.00;2645.00;0.00;4. 12. 2023;21
"0301";"   43";"5202308";" ";0.000;-373.00;2488.00;0.00;4. 12. 2023;21
"0301";"   43";"5202309";" ";0.000;-255.00;1706.00;0.00;4. 12. 2023;21
"0301";"   43";"5202310";" ";0.000;-255.00;1706.00;0.00;4. 12. 2023;21
"0301";"   43";"5202311";" ";0.000;-281.00;1394.00;0.00;4. 12. 2023;21
"0301";"   43";"5202312";" ";0.000;-281.00;1394.00;0.00;4. 12. 2023;21
"0301";"   43";"5202313";" ";0.000;-468.00;3115.00;0.00;4. 12. 2023;21
"0301";"   43";"5202314";" ";0.000;-530.00;5299.00;0.00;4. 12. 2023;21
"0301";"   43";"5202315";" ";0.000;-567.00;5676.00;0.00;4. 12. 2023;21
"0301";"   43";"5202318";" ";0.000;-288.00;2877.00;0.00;4. 12. 2023;21
"0301";"   43";"5202319";" ";0.000;-288.00;4697.00;0.00;4. 12. 2023;21
"0301";"   43";"5202320";" ";0.000;-610.00;4879.00;0.00;4. 12. 2023;21
"0301";"   43";"5202333";" ";0.000;-69.00;1377.00;0.00;4. 12. 2023;21
"0301";"   43";"5202376";" ";0.000;-404.00;4044.00;0.00;4. 12. 2023;21
"0301";"   43";"5202383";" ";0.000;-1164.00;11640.00;0.00;4. 12. 2023;21
"0301";"   43";"5202384";" ";0.000;-1242.00;12424.00;0.00;4. 12. 2023;21
"0301";"   43";"5202385";" ";0.000;-1184.00;11840.00;0.00;4. 12. 2023;21
"0301";"   43";"5202386";" ";0.000;-1265.00;12640.00;0.00;4. 12. 2023;21
"0301";"   43";"5202391";" ";0.000;-319.00;3200.00;0.00;4. 12. 2023;21
"0301";"   43";"5202392";" ";0.000;-296.00;2954.00;0.00;4. 12. 2023;21
"0301";"   43";"5202393";" ";0.000;-418.00;4176.00;0.00;4. 12. 2023;21
"0301";"   43";"5202394";" ";0.000;-393.00;3929.00;0.00;4. 12. 2023;21
"0301";"   43";"5202395";" ";0.000;-367.00;3663.00;0.00;4. 12. 2023;21
"0301";"   43";"5202396";" ";0.000;-337.00;3370.00;0.00;4. 12. 2023;21
"0301";"   43";"5202397";" ";0.000;-437.00;4374.00;0.00;4. 12. 2023;21
"0301";"   43";"5202398";" ";0.000;-418.00;4170.00;0.00;4. 12. 2023;21
"0301";"   43";"5202408";" ";0.000;-2.00;48.00;0.00;4. 12. 2023;21
"0301";"   43";"5202409";" ";0.000;-156.00;3113.00;0.00;4. 12. 2023;21
"0301";"   43";"5202410";" ";0.000;-360.00;3602.00;0.00;4. 12. 2023;21
"0301";"   43";"5202424";" ";0.000;-1799.00;17991.00;0.00;4. 12. 2023;21
"0301";"   43";"5202425";" ";0.000;-231.00;4171.00;0.00;4. 12. 2023;21
"0301";"   43";"5202430";" ";0.000;-1177.00;22331.00;0.00;4. 12. 2023;21
"0301";"   43";"5202431";" ";0.000;-348.00;3488.00;0.00;4. 12. 2023;21
"0301";"   43";"5202432";" ";0.000;-1460.00;27742.00;0.00;4. 12. 2023;21
"0301";"   43";"5202437";" ";0.000;-1096.00;7307.00;0.00;4. 12. 2023;21
"0301";"   43";"5202439";" ";0.000;-1790.00;17910.00;0.00;4. 12. 2023;21
"0301";"   43";"5202442";" ";0.000;-19.00;393.00;0.00;4. 12. 2023;21
"0301";"   43";"5202443";" ";0.000;-98.00;655.00;0.00;4. 12. 2023;21
"0301";"   43";"6300002";" ";0.000;-68.00;2851.00;0.00;4. 12. 2023;21
"0301";"   43";"6300005";" ";0.000;-159.00;3169.00;0.00;4. 12. 2023;21
"0301";"   43";"6300009";" ";0.000;-71.00;3556.00;0.00;4. 12. 2023;21
"0301";"   43";"6300010";" ";0.000;-1692.00;16925.00;0.00;4. 12. 2023;21
"0301";"   43";"6300012";" ";0.000;-184.00;3680.00;0.00;4. 12. 2023;21
"0301";"   43";"6300013";" ";0.000;-2192.00;21920.00;0.00;4. 12. 2023;21
"0301";"   43";"6300014";" ";0.000;-1719.00;17180.00;0.00;4. 12. 2023;21
"0301";"   43";"6300016";" ";0.000;-1506.00;15068.00;0.00;4. 12. 2023;21
"0301";"   43";"6300032";" ";0.000;-428.00;4273.00;0.00;4. 12. 2023;21
"0301";"   43";"6300033";" ";0.000;-2246.00;22468.00;0.00;4. 12. 2023;21
"0301";"   43";"6300034";" ";0.000;-1789.00;17898.00;0.00;4. 12. 2023;21
"0301";"   43";"6300035";" ";0.000;-809.00;8088.00;0.00;4. 12. 2023;21
"0301";"   43";"6300036";" ";0.000;-809.00;8088.00;0.00;4. 12. 2023;21
"0301";"   43";"6300040";" ";0.000;-1750.00;11666.00;0.00;4. 12. 2023;21
"0301";"   43";"6300041";" ";0.000;-1939.00;19381.00;0.00;4. 12. 2023;21
"0301";"   43";"6300042";" ";0.000;-2467.00;24669.00;0.00;4. 12. 2023;21
"0301";"   43";"6300048";" ";0.000;-2289.00;22892.00;0.00;4. 12. 2023;21
"0301";"   43";"6300049";" ";0.000;-2772.00;27716.00;0.00;4. 12. 2023;21
"0301";"   43";"6300050";" ";0.000;-2445.00;24454.00;0.00;4. 12. 2023;21
"0301";"   43";"6300051";" ";0.000;-2956.00;29563.00;0.00;4. 12. 2023;21
"0301";"   43";"6300055";" ";0.000;-957.00;6379.00;0.00;4. 12. 2023;21
"0301";"   43";"6300056";" ";0.000;-246.00;2468.00;0.00;4. 12. 2023;21
"0301";"   43";"6300057";" ";0.000;-315.00;3152.00;0.00;4. 12. 2023;21
"0301";"   43";"6300058";" ";0.000;-315.00;3152.00;0.00;4. 12. 2023;21
"0301";"   43";"6300059";" ";0.000;-139.00;2777.00;0.00;4. 12. 2023;21
"0301";"   43";"6300060";" ";0.000;-144.00;2876.00;0.00;4. 12. 2023;21
"0301";"   43";"6300063";" ";0.000;-1388.00;9255.00;0.00;4. 12. 2023;21
"0301";"   43";"6300064";" ";0.000;-1388.00;9255.00;0.00;4. 12. 2023;21
"0301";"   43";"6300065";" ";0.000;-439.00;5814.00;0.00;4. 12. 2023;21
"0301";"   43";"6300066";" ";0.000;-97.00;1936.00;0.00;4. 12. 2023;21
"0301";"   43";"6300068";" ";0.000;-1269.00;8460.00;0.00;4. 12. 2023;21
"0301";"   43";"6300071";" ";0.000;-837.00;5579.00;0.00;4. 12. 2023;21
"0301";"   43";"6300072";" ";0.000;-837.00;5579.00;0.00;4. 12. 2023;21
"0301";"   43";"6300084";" ";0.000;-1719.00;17180.00;0.00;4. 12. 2023;21
"0301";"   43";"6300090";" ";0.000;-1939.00;19381.00;0.00;4. 12. 2023;21
"0301";"   43";"6300099";" ";0.000;-2289.00;22892.00;0.00;4. 12. 2023;21
"0301";"   43";"6300100";" ";0.000;-2445.00;24454.00;0.00;4. 12. 2023;21
"0501";"13958";"6003508";" ";1.070;875.00;255.98;0.00;4. 12. 2023;21
"0501";"13958";"6003509";"1";1.070;875.00;319.12;0.00;4. 12. 2023;21
"0502";"13959";"7217102";" ";2.000;167.00;56.31;100.20;4. 12. 2023;21
"0502";"13959";"7205200";" ";2.000;314.00;124.17;314.00;4. 12. 2023;21
"0502";"13959";"7220102";" ";1.000;167.00;56.31;50.10;4. 12. 2023;21
"0502";"13960";"5800024";" ";20.000;254.00;152.60;812.80;4. 12. 2023;21
"0502";"13961";"4301015";" ";1.000;5890.00;3824.79;1767.00;4. 12. 2023;21
"0502";"13962";"4990317";" ";1.000;12290.00;5278.43;3072.50;4. 12. 2023;21
"0502";"13962";"4990319";" ";1.000;5990.00;3029.75;1497.50;4. 12. 2023;21
"0502";"13963";"1500635";" ";1.000;906.00;465.60;181.20;4. 12. 2023;21
"0502";"13963";"4990239";" ";1.000;6790.00;2913.50;2037.00;4. 12. 2023;21
"0502";"13963";"9992309";" ";1.000;1380.00;707.11;372.60;4. 12. 2023;21
"0502";"13963";"4990123";" ";1.000;2190.00;1095.87;657.00;4. 12. 2023;21
"0502";"13963";"4990082";" ";1.000;729.00;365.29;218.70;4. 12. 2023;21
"0502";"13963";"4301112";" ";1.000;6850.00;2943.80;2055.00;4. 12. 2023;21
"0502";"13963";"4990281";" ";1.000;2850.00;1224.79;855.00;4. 12. 2023;21
"0502";"13964";"9995930";" ";1.000;9990.00;5042.98;1498.50;4. 12. 2023;21
"0502";"13965";"4990285";" ";1.000;3050.00;1310.74;762.50;4. 12. 2023;21
"0504";"13966";"     49";" ";1.000;290.00;0.00;0.00;4. 12. 2023;21
"0504";"13966";"     70";" ";1.000;-290.00;0.00;0.00;4. 12. 2023;21
"0502";"13967";"6005417";" ";1.790;499.00;226.76;0.00;5. 12. 2023;21
"0501";"13968";"6002674";" ";5.400;399.00;172.85;0.00;5. 12. 2023;21
"0501";"13968";"6002675";"1";1.350;399.00;173.72;0.00;5. 12. 2023;21
"0502";"13969";"5800024";" ";64.000;254.00;152.60;2601.00;5. 12. 2023;21
"0502";"13970";"5301992";"1";2.000;699.00;215.36;209.70;5. 12. 2023;21
"0506";"13972";"6000161";" ";6.000;126.00;56.49;181.40;5. 12. 2023;21
"0502";"13973";"2003774";" ";13.750;699.00;245.81;1441.70;5. 12. 2023;21
"0502";"13973";"2003775";" ";6.250;749.00;262.76;702.20;5. 12. 2023;21
"0502";"13973";"4002358";"1";4.000;529.00;247.52;317.40;5. 12. 2023;21
"0221";" 1466";"7772625";" ";288.000;335.00;198.96;0.00;5. 12. 2023;21
"0221";" 1466";"7654321";" ";240.000;156.00;90.48;0.00;5. 12. 2023;21
"0221";" 1466";"7776525";" ";96.000;356.00;166.97;0.00;5. 12. 2023;21
"0221";" 1466";"7901625";" ";42.000;379.00;227.28;0.00;5. 12. 2023;21
"0502";"13975";"7772625";" ";7.000;335.00;197.97;229.81;5. 12. 2023;21
"0502";"13964";"4990465";" ";1.000;2550.00;1267.77;765.00;4. 12. 2023;21
"0506";"13976";"6000041";" ";3.000;67.00;36.79;0.00;5. 12. 2023;21
"0501";"13977";"5302060";" ";14.040;699.00;190.41;1472.10;5. 12. 2023;21
"0501";"13977";"5302059";" ";6.480;699.00;191.69;679.40;5. 12. 2023;21
"0501";"13977";"7772625";" ";4.000;335.00;197.97;131.30;5. 12. 2023;21
"0502";"13962";"     49";" ";1.000;290.00;0.00;0.00;4. 12. 2023;21
"0502";"13962";"     70";" ";1.000;-290.00;0.00;0.00;4. 12. 2023;21
"0502";"13978";"     29";" ";1.000;2300.00;0.00;0.00;5. 12. 2023;21
"0504";"13979";"7218604";" ";1.000;270.00;111.24;0.00;5. 12. 2023;21
"0506";"13980";"6004929";" ";3.580;939.00;335.41;0.00;5. 12. 2023;21
"0506";"13980";"7776525";" ";2.000;356.00;180.32;0.00;5. 12. 2023;21
"0501";"13981";"4002690";"4";30.400;399.00;179.00;1819.40;6. 12. 2023;21
"0501";"13981";"4002691";"2";25.600;399.00;179.00;1532.20;6. 12. 2023;21
"0504";"13982";"7772625";" ";2.000;335.00;197.97;0.00;6. 12. 2023;21
"0506";"13983";"6002674";" ";4.050;399.00;172.85;0.00;6. 12. 2023;21
"0502";"13984";"     22";" ";1.000;1500.00;0.00;0.00;6. 12. 2023;21
"0502";"13974";"4990333";" ";1.000;4690.00;2009.09;1407.00;5. 12. 2023;21
"0502";"13974";"4002357";"1";7.000;529.00;225.45;555.50;5. 12. 2023;21
"0502";"13974";"1500211";" ";1.000;114.00;36.96;22.80;5. 12. 2023;21
"0502";"13974";"6002993";" ";9.630;875.00;230.51;1263.90;5. 12. 2023;21
"0506";"13985";"     22";" ";1.000;1500.00;0.00;0.00;6. 12. 2023;21
"0506";"13986";"1010204";"1";20.060;395.00;157.50;0.00;6. 12. 2023;21
"0502";"13987";"1304071";" ";1.000;3199.00;1586.40;959.70;6. 12. 2023;21
"0502";"13987";"5100426";" ";1.000;390.00;199.83;117.00;6. 12. 2023;21
"0202";"90274";"7909987";" ";6.000;314.00;134.87;0.00;6. 12. 2023;21
"0202";"90274";"7909989";" ";6.000;314.00;134.87;0.00;6. 12. 2023;21
"0202";"90274";"7909990";" ";12.000;314.00;134.87;0.00;6. 12. 2023;21
"0202";"90274";"7201400";" ";6.000;314.00;134.87;0.00;6. 12. 2023;21
"0202";"90274";"7200500";" ";12.000;314.00;134.87;0.00;6. 12. 2023;21
"0202";"90274";"7202100";" ";12.000;269.00;115.41;0.00;6. 12. 2023;21
"0202";"90274";"7200600";" ";6.000;314.00;134.87;0.00;6. 12. 2023;21
"0504";"13988";"4000807";" ";1.440;299.00;130.42;0.00;6. 12. 2023;21
"0502";"13989";"7772625";" ";2.000;335.00;197.97;65.66;6. 12. 2023;21
"0202";"90274";"7205200";" ";6.000;314.00;134.87;0.00;6. 12. 2023;21
"0202";"90274";"7203500";" ";12.000;269.00;115.41;0.00;6. 12. 2023;21
"0202";"90274";"7201700";" ";6.000;314.00;134.87;0.00;6. 12. 2023;21
"0202";"90274";"7902214";" ";3.000;2316.00;881.93;0.00;6. 12. 2023;21
"0202";"90274";"7218302";" ";4.000;167.00;56.31;0.00;6. 12. 2023;21
"0502";"13989";"     49";" ";1.000;290.00;0.00;0.00;6. 12. 2023;21
"0502";"13989";"     70";" ";1.000;-290.00;0.00;0.00;6. 12. 2023;21
"0202";"90274";"7502625";" ";5.000;602.00;258.83;0.00;6. 12. 2023;21
"0202";"90274";"7909968";" ";5.000;958.00;411.84;0.00;6. 12. 2023;21
"0202";"90274";"7202600";" ";12.000;269.00;115.41;0.00;6. 12. 2023;21
"0202";"90274";"7202800";" ";12.000;269.00;115.41;0.00;6. 12. 2023;21
"0202";"90274";"7218302";" ";4.000;167.00;56.31;0.00;6. 12. 2023;21
"0202";"90274";"7217102";" ";4.000;167.00;56.31;0.00;6. 12. 2023;21
"0202";"90274";"7202801";" ";1.000;494.00;212.40;0.00;6. 12. 2023;21
"0202";"90274";"3100000";"5";1.000;726.00;600.00;0.00;6. 12. 2023;21
"0501";"13990";"7502625";" ";5.000;602.00;258.83;903.00;7. 12. 2023;21
"0504";"13991";"7218004";" ";1.000;270.00;111.24;0.00;6. 12. 2023;21
"0506";"13992";"5700025";" ";1.000;1646.00;816.00;0.00;6. 12. 2023;21
"0506";"13993";"5302084";" ";2.000;399.00;169.86;0.00;6. 12. 2023;21
"0506";"13993";"7211104";" ";1.000;270.00;111.25;0.00;6. 12. 2023;21
"0506";"13994";"7216502";" ";1.000;167.00;56.33;0.00;6. 12. 2023;21
"0506";"13994";"7216504";" ";1.000;270.00;111.24;0.00;6. 12. 2023;21
"0506";"13994";"7200200";" ";1.000;269.00;115.39;0.00;6. 12. 2023;21
"0502";"13995";"7772625";" ";6.000;335.00;197.97;196.98;7. 12. 2023;21
"0502";"13995";"5800010";" ";1.000;145.00;73.57;0.00;7. 12. 2023;21
"0502";"13996";"6000157";" ";5.000;126.00;56.49;0.00;7. 12. 2023;21
"0501";"13997";"6002670";" ";2.660;469.00;199.17;187.10;7. 12. 2023;21
"0501";"13997";"6002674";" ";24.300;399.00;172.85;1454.40;7. 12. 2023;21
"0301";"   44";"3000009";" ";0.000;2147.00;18.00;0.00;7. 12. 2023;21
"0301";"   44";"3000023";" ";0.000;1990.00;69.00;0.00;7. 12. 2023;21
"0301";"   44";"3000153";" ";31.680;20.00;499.00;0.00;7. 12. 2023;21
"0301";"   44";"3000153";"1";0.000;20.00;499.00;0.00;7. 12. 2023;21
"0301";"   44";"3000153";"2";10.080;20.00;499.00;0.00;7. 12. 2023;21
"0301";"   44";"3000154";" ";0.000;20.00;499.00;0.00;7. 12. 2023;21
"0301";"   44";"3000154";"1";61.920;20.00;499.00;0.00;7. 12. 2023;21
"0301";"   44";"3000154";"2";0.000;20.00;499.00;0.00;7. 12. 2023;21
"0301";"   44";"3001787";" ";0.000;10.00;875.00;0.00;7. 12. 2023;21
"0301";"   44";"3001923";" ";0.000;10.00;875.00;0.00;7. 12. 2023;21
"0301";"   44";"3007208";" ";0.000;10.00;325.00;0.00;7. 12. 2023;21
"0301";"   44";"3007772";" ";0.000;46.00;829.00;0.00;7. 12. 2023;21
"0301";"   44";"3007796";" ";0.000;46.00;829.00;0.00;7. 12. 2023;21
"0301";"   44";"3007826";" ";0.000;46.00;829.00;0.00;7. 12. 2023;21
"0301";"   44";"3007833";" ";0.000;16.00;299.00;0.00;7. 12. 2023;21
"0301";"   44";"3007857";" ";0.000;16.00;299.00;0.00;7. 12. 2023;21
"0301";"   44";"3007864";" ";0.000;16.00;299.00;0.00;7. 12. 2023;21
"0301";"   44";"3007888";" ";0.000;16.00;299.00;0.00;7. 12. 2023;21
"0301";"   44";"3007895";" ";0.000;16.00;299.00;0.00;7. 12. 2023;21
"0301";"   44";"3007901";" ";0.000;16.00;299.00;0.00;7. 12. 2023;21
"0301";"   44";"3007918";" ";0.000;16.00;299.00;0.00;7. 12. 2023;21
"0301";"   44";"3007949";" ";0.000;16.00;299.00;0.00;7. 12. 2023;21
"0301";"   44";"3012019";" ";0.000;336.00;229.00;0.00;7. 12. 2023;21
"0301";"   44";"3013728";" ";0.000;36.00;599.00;0.00;7. 12. 2023;21
"0301";"   44";"3017313";" ";0.000;431.00;18.00;0.00;7. 12. 2023;21
"0301";"   44";"3017313";" ";0.000;0.00;449.00;0.00;7. 12. 2023;21
"0301";"   44";"3017670";" ";0.000;10.00;455.00;0.00;7. 12. 2023;21
"0301";"   44";"3017816";" ";0.000;10.00;755.00;0.00;7. 12. 2023;21
"0301";"   44";"3017830";" ";0.000;10.00;455.00;0.00;7. 12. 2023;21
"0301";"   44";"3017892";" ";0.000;10.00;755.00;0.00;7. 12. 2023;21
"0301";"   44";"3017915";" ";0.000;10.00;455.00;0.00;7. 12. 2023;21
"0301";"   44";"3018110";" ";0.000;10.00;455.00;0.00;7. 12. 2023;21
"0301";"   44";"3020069";" ";0.000;6.00;549.00;0.00;7. 12. 2023;21
"0301";"   44";"3020069";"1";0.000;6.00;549.00;0.00;7. 12. 2023;21
"0301";"   44";"3020069";"2";0.000;6.00;549.00;0.00;7. 12. 2023;21
"0301";"   44";"3020106";" ";0.000;10.00;835.00;0.00;7. 12. 2023;21
"0301";"   44";"3020168";" ";0.000;6.00;549.00;0.00;7. 12. 2023;21
"0301";"   44";"3020205";" ";0.000;10.00;835.00;0.00;7. 12. 2023;21
"0301";"   44";"3020328";" ";0.000;4.00;55.00;0.00;7. 12. 2023;21
"0301";"   44";"3020335";" ";0.000;4.00;55.00;0.00;7. 12. 2023;21
"0301";"   44";"3021943";" ";0.000;10.00;655.00;0.00;7. 12. 2023;21
"0301";"   44";"3022025";" ";0.000;6.00;549.00;0.00;7. 12. 2023;21
"0301";"   44";"3022063";" ";0.000;4.00;55.00;0.00;7. 12. 2023;21
"0301";"   44";"3022148";" ";0.000;10.00;835.00;0.00;7. 12. 2023;21
"0301";"   44";"3024517";" ";0.000;10.00;835.00;0.00;7. 12. 2023;21
"0301";"   44";"3024586";" ";0.000;4.00;55.00;0.00;7. 12. 2023;21
"0301";"   44";"3024616";" ";0.000;10.00;655.00;0.00;7. 12. 2023;21
"0301";"   44";"3025125";" ";0.000;-284.00;1219.00;0.00;7. 12. 2023;21
"0301";"   44";"3026674";" ";0.000;10.00;135.00;0.00;7. 12. 2023;21
"0301";"   44";"3026940";" ";0.000;10.00;135.00;0.00;7. 12. 2023;21
"0301";"   44";"3026948";" ";0.000;10.00;65.00;0.00;7. 12. 2023;21
"0301";"   44";"3026957";" ";0.000;10.00;135.00;0.00;7. 12. 2023;21
"0301";"   44";"3029758";" ";0.000;10.00;655.00;0.00;7. 12. 2023;21
"0301";"   44";"3029789";" ";0.000;10.00;655.00;0.00;7. 12. 2023;21
"0301";"   44";"3029819";" ";0.000;10.00;655.00;0.00;7. 12. 2023;21
"0301";"   44";"3029840";" ";0.000;10.00;655.00;0.00;7. 12. 2023;21
"0301";"   44";"3029871";" ";0.000;10.00;655.00;0.00;7. 12. 2023;21
"0301";"   44";"3029901";" ";0.000;10.00;655.00;0.00;7. 12. 2023;21
"0301";"   44";"3029932";" ";0.000;10.00;655.00;0.00;7. 12. 2023;21
"0301";"   44";"3030589";" ";0.000;4.00;65.00;0.00;7. 12. 2023;21
"0301";"   44";"3054158";" ";0.000;-350.00;1045.00;0.00;7. 12. 2023;21
"0301";"   44";"3056640";" ";0.000;10.00;135.00;0.00;7. 12. 2023;21
"0301";"   44";"3056657";" ";0.000;10.00;135.00;0.00;7. 12. 2023;21
"0301";"   44";"3061811";" ";0.000;10.00;125.00;0.00;7. 12. 2023;21
"0301";"   44";"3063549";" ";0.000;10.00;865.00;0.00;7. 12. 2023;21
"0301";"   44";"3063556";" ";0.000;10.00;865.00;0.00;7. 12. 2023;21
"0301";"   44";"3064997";" ";0.000;10.00;865.00;0.00;7. 12. 2023;21
"0301";"   44";"3065017";" ";0.000;10.00;65.00;0.00;7. 12. 2023;21
"0301";"   44";"3065024";" ";0.000;10.00;65.00;0.00;7. 12. 2023;21
"0301";"   44";"3065192";" ";0.000;10.00;865.00;0.00;7. 12. 2023;21
"0301";"   44";"3065857";" ";0.000;10.00;715.00;0.00;7. 12. 2023;21
"0301";"   44";"3065932";" ";0.000;10.00;65.00;0.00;7. 12. 2023;21
"0301";"   44";"3065949";" ";0.000;10.00;65.00;0.00;7. 12. 2023;21
"0301";"   44";"3065994";" ";0.000;10.00;65.00;0.00;7. 12. 2023;21
"0301";"   44";"3066076";" ";0.000;10.00;65.00;0.00;7. 12. 2023;21
"0301";"   44";"3069916";" ";0.000;10.00;125.00;0.00;7. 12. 2023;21
"0301";"   44";"3071894";" ";0.000;10.00;1165.00;0.00;7. 12. 2023;21
"0301";"   44";"3071993";" ";0.000;10.00;1165.00;0.00;7. 12. 2023;21
"0301";"   44";"3072051";" ";0.000;16.00;1599.00;0.00;7. 12. 2023;21
"0301";"   44";"3072112";" ";0.000;16.00;1599.00;0.00;7. 12. 2023;21
"0301";"   44";"3072143";" ";0.000;10.00;1165.00;0.00;7. 12. 2023;21
"0301";"   44";"3072174";" ";0.000;16.00;1599.00;0.00;7. 12. 2023;21
"0301";"   44";"3072204";" ";0.000;10.00;1165.00;0.00;7. 12. 2023;21
"0301";"   44";"3072235";" ";0.000;16.00;1599.00;0.00;7. 12. 2023;21
"0301";"   44";"3072266";" ";0.000;10.00;1165.00;0.00;7. 12. 2023;21
"0301";"   44";"3072327";" ";0.000;16.00;1599.00;0.00;7. 12. 2023;21
"0301";"   44";"3072389";" ";0.000;10.00;1165.00;0.00;7. 12. 2023;21
"0301";"   44";"3072440";" ";0.000;16.00;1599.00;0.00;7. 12. 2023;21
"0301";"   44";"3072596";" ";0.000;4.00;145.00;0.00;7. 12. 2023;21
"0301";"   44";"3072626";" ";0.000;4.00;145.00;0.00;7. 12. 2023;21
"0301";"   44";"3072969";" ";0.000;10.00;1165.00;0.00;7. 12. 2023;21
"0301";"   44";"3073027";" ";0.000;16.00;1599.00;0.00;7. 12. 2023;21
"0301";"   44";"3073058";" ";0.000;10.00;1165.00;0.00;7. 12. 2023;21
"0301";"   44";"3073089";" ";0.000;16.00;1599.00;0.00;7. 12. 2023;21
"0301";"   44";"3073418";" ";0.000;10.00;125.00;0.00;7. 12. 2023;21
"0301";"   44";"3075090";" ";0.000;10.00;765.00;0.00;7. 12. 2023;21
"0301";"   44";"3075120";" ";0.000;10.00;765.00;0.00;7. 12. 2023;21
"0301";"   44";"3079700";" ";0.000;10.00;865.00;0.00;7. 12. 2023;21
"0301";"   44";"3083431";" ";0.000;10.00;165.00;0.00;7. 12. 2023;21
"0301";"   44";"3083455";" ";0.000;10.00;165.00;0.00;7. 12. 2023;21
"0301";"   44";"3083486";" ";0.000;10.00;185.00;0.00;7. 12. 2023;21
"0301";"   44";"3083509";" ";0.000;10.00;185.00;0.00;7. 12. 2023;21
"0301";"   44";"3083653";" ";0.000;-10.00;159.00;0.00;7. 12. 2023;21
"0301";"   44";"3083660";" ";0.000;-10.00;159.00;0.00;7. 12. 2023;21
"0301";"   44";"3083677";" ";0.000;-10.00;159.00;0.00;7. 12. 2023;21
"0301";"   44";"3083684";" ";0.000;-10.00;159.00;0.00;7. 12. 2023;21
"0301";"   44";"3083714";" ";0.000;-10.00;159.00;0.00;7. 12. 2023;21
"0301";"   44";"3083721";" ";0.000;-10.00;159.00;0.00;7. 12. 2023;21
"0301";"   44";"3083738";" ";0.000;-10.00;159.00;0.00;7. 12. 2023;21
"0301";"   44";"3083745";" ";0.000;-10.00;159.00;0.00;7. 12. 2023;21
"0301";"   44";"3083752";" ";0.000;-10.00;159.00;0.00;7. 12. 2023;21
"0301";"   44";"3083769";" ";0.000;-10.00;159.00;0.00;7. 12. 2023;21
"0301";"   44";"3083776";" ";0.000;-10.00;159.00;0.00;7. 12. 2023;21
"0301";"   44";"3083783";" ";0.000;-10.00;159.00;0.00;7. 12. 2023;21
"0301";"   44";"3083790";" ";0.000;-10.00;159.00;0.00;7. 12. 2023;21
"0301";"   44";"3083806";" ";0.000;-10.00;159.00;0.00;7. 12. 2023;21
"0301";"   44";"3083813";" ";0.000;-10.00;159.00;0.00;7. 12. 2023;21
"0301";"   44";"3083820";" ";0.000;-16.00;255.00;0.00;7. 12. 2023;21
"0301";"   44";"3083837";" ";0.000;-16.00;255.00;0.00;7. 12. 2023;21
"0301";"   44";"3083844";" ";0.000;-16.00;255.00;0.00;7. 12. 2023;21
"0301";"   44";"3083851";" ";0.000;-16.00;255.00;0.00;7. 12. 2023;21
"0301";"   44";"3083868";" ";0.000;-16.00;255.00;0.00;7. 12. 2023;21
"0301";"   44";"3083875";" ";0.000;-16.00;255.00;0.00;7. 12. 2023;21
"0301";"   44";"3083882";" ";0.000;-16.00;255.00;0.00;7. 12. 2023;21
"0301";"   44";"3083899";" ";0.000;-16.00;255.00;0.00;7. 12. 2023;21
"0301";"   44";"3083905";" ";0.000;-16.00;255.00;0.00;7. 12. 2023;21
"0301";"   44";"3083912";" ";0.000;-10.00;175.00;0.00;7. 12. 2023;21
"0301";"   44";"3083929";" ";0.000;-10.00;175.00;0.00;7. 12. 2023;21
"0301";"   44";"3083936";" ";0.000;-10.00;175.00;0.00;7. 12. 2023;21
"0301";"   44";"3083943";" ";0.000;-10.00;175.00;0.00;7. 12. 2023;21
"0301";"   44";"3083967";" ";0.000;-10.00;175.00;0.00;7. 12. 2023;21
"0301";"   44";"3083974";" ";0.000;-10.00;175.00;0.00;7. 12. 2023;21
"0301";"   44";"3083981";" ";0.000;-10.00;175.00;0.00;7. 12. 2023;21
"0301";"   44";"3083998";" ";0.000;-10.00;175.00;0.00;7. 12. 2023;21
"0301";"   44";"3084001";" ";0.000;-10.00;175.00;0.00;7. 12. 2023;21
"0301";"   44";"3084018";" ";0.000;-10.00;175.00;0.00;7. 12. 2023;21
"0301";"   44";"3084025";" ";0.000;-10.00;175.00;0.00;7. 12. 2023;21
"0301";"   44";"3084032";" ";0.000;-10.00;175.00;0.00;7. 12. 2023;21
"0301";"   44";"3084049";" ";0.000;-10.00;175.00;0.00;7. 12. 2023;21
"0301";"   44";"3084056";" ";0.000;-10.00;175.00;0.00;7. 12. 2023;21
"0301";"   44";"3084063";" ";0.000;-10.00;175.00;0.00;7. 12. 2023;21
"0301";"   44";"3084070";" ";0.000;-16.00;255.00;0.00;7. 12. 2023;21
"0301";"   44";"3084087";" ";0.000;-16.00;255.00;0.00;7. 12. 2023;21
"0301";"   44";"3084094";" ";0.000;-16.00;255.00;0.00;7. 12. 2023;21
"0301";"   44";"3084100";" ";0.000;-16.00;255.00;0.00;7. 12. 2023;21
"0301";"   44";"3084117";" ";0.000;-16.00;255.00;0.00;7. 12. 2023;21
"0301";"   44";"3084124";" ";0.000;-16.00;255.00;0.00;7. 12. 2023;21
"0301";"   44";"3084131";" ";0.000;-16.00;255.00;0.00;7. 12. 2023;21
"0301";"   44";"3084148";" ";0.000;-16.00;255.00;0.00;7. 12. 2023;21
"0301";"   44";"3084155";" ";0.000;-16.00;255.00;0.00;7. 12. 2023;21
"0301";"   44";"3084162";" ";0.000;-16.00;255.00;0.00;7. 12. 2023;21
"0301";"   44";"3084179";" ";0.000;-4.00;119.00;0.00;7. 12. 2023;21
"0301";"   44";"3084186";" ";0.000;-4.00;119.00;0.00;7. 12. 2023;21
"0301";"   44";"3084193";" ";0.000;-4.00;119.00;0.00;7. 12. 2023;21
"0301";"   44";"3084209";" ";0.000;-4.00;119.00;0.00;7. 12. 2023;21
"0301";"   44";"3084223";" ";0.000;-4.00;119.00;0.00;7. 12. 2023;21
"0301";"   44";"3084230";" ";0.000;-4.00;119.00;0.00;7. 12. 2023;21
"0301";"   44";"3084247";" ";0.000;-4.00;119.00;0.00;7. 12. 2023;21
"0301";"   44";"3084254";" ";0.000;-4.00;119.00;0.00;7. 12. 2023;21
"0301";"   44";"3084261";" ";0.000;-4.00;119.00;0.00;7. 12. 2023;21
"0301";"   44";"3084278";" ";0.000;-4.00;119.00;0.00;7. 12. 2023;21
"0301";"   44";"3084285";" ";0.000;-4.00;119.00;0.00;7. 12. 2023;21
"0301";"   44";"3084292";" ";0.000;-4.00;119.00;0.00;7. 12. 2023;21
"0301";"   44";"3084308";" ";0.000;-4.00;119.00;0.00;7. 12. 2023;21
"0301";"   44";"3084315";" ";0.000;-4.00;119.00;0.00;7. 12. 2023;21
"0301";"   44";"3084322";" ";0.000;-4.00;119.00;0.00;7. 12. 2023;21
"0301";"   44";"3086326";" ";0.000;10.00;865.00;0.00;7. 12. 2023;21
"0301";"   44";"3091755";" ";0.000;-136.00;835.00;0.00;7. 12. 2023;21
"0301";"   44";"3091786";" ";0.000;-154.00;889.00;0.00;7. 12. 2023;21
"0301";"   44";"3091816";" ";0.000;-154.00;889.00;0.00;7. 12. 2023;21
"0301";"   44";"3091847";" ";0.000;-154.00;889.00;0.00;7. 12. 2023;21
"0301";"   44";"3091878";" ";0.000;-136.00;835.00;0.00;7. 12. 2023;21
"0301";"   44";"3091908";" ";0.000;-154.00;889.00;0.00;7. 12. 2023;21
"0301";"   44";"3091939";" ";0.000;-154.00;889.00;0.00;7. 12. 2023;21
"0301";"   44";"3091960";" ";0.000;-154.00;889.00;0.00;7. 12. 2023;21
"0301";"   44";"3093218";" ";0.000;30.00;425.00;0.00;7. 12. 2023;21
"0301";"   44";"3093416";" ";0.000;-130.00;795.00;0.00;7. 12. 2023;21
"0301";"   44";"3093447";" ";0.000;-130.00;795.00;0.00;7. 12. 2023;21
"0301";"   44";"3095555";" ";0.000;-136.00;835.00;0.00;7. 12. 2023;21
"0301";"   44";"3095586";" ";0.000;-154.00;889.00;0.00;7. 12. 2023;21
"0301";"   44";"3095616";" ";0.000;-164.00;899.00;0.00;7. 12. 2023;21
"0301";"   44";"3095647";" ";0.000;-136.00;835.00;0.00;7. 12. 2023;21
"0301";"   44";"3095678";" ";0.000;-154.00;889.00;0.00;7. 12. 2023;21
"0301";"   44";"3095708";" ";0.000;-136.00;835.00;0.00;7. 12. 2023;21
"0301";"   44";"3095739";" ";0.000;-154.00;889.00;0.00;7. 12. 2023;21
"0301";"   44";"3095760";" ";0.000;-136.00;835.00;0.00;7. 12. 2023;21
"0301";"   44";"3095791";" ";0.000;-154.00;889.00;0.00;7. 12. 2023;21
"0301";"   44";"3095821";" ";0.000;-164.00;899.00;0.00;7. 12. 2023;21
"0301";"   44";"3098800";" ";0.000;-20.00;189.00;0.00;7. 12. 2023;21
"0301";"   44";"3098817";" ";0.000;-20.00;189.00;0.00;7. 12. 2023;21
"0301";"   44";"3098846";" ";0.000;-136.00;835.00;0.00;7. 12. 2023;21
"0301";"   44";"3098862";" ";0.000;4.00;595.00;0.00;7. 12. 2023;21
"0301";"   44";"3098877";" ";0.000;-136.00;835.00;0.00;7. 12. 2023;21
"0301";"   44";"3125249";" ";0.000;70.00;1455.00;0.00;7. 12. 2023;21
"0301";"   44";"3125263";" ";0.000;70.00;1455.00;0.00;7. 12. 2023;21
"0301";"   44";"3128752";" ";0.000;-74.00;739.00;0.00;7. 12. 2023;21
"0301";"   44";"3128783";" ";0.000;-74.00;739.00;0.00;7. 12. 2023;21
"0301";"   44";"3131745";" ";0.000;-74.00;739.00;0.00;7. 12. 2023;21
"0301";"   44";"3137327";" ";0.000;-284.00;1219.00;0.00;7. 12. 2023;21
"0301";"   44";"3138164";" ";0.000;-210.00;1145.00;0.00;7. 12. 2023;21
"0301";"   44";"3138225";" ";0.000;-210.00;1145.00;0.00;7. 12. 2023;21
"0301";"   44";"3138614";" ";0.000;-154.00;1249.00;0.00;7. 12. 2023;21
"0301";"   44";"3138676";" ";0.000;-154.00;1249.00;0.00;7. 12. 2023;21
"0301";"   44";"3140839";" ";0.000;-680.00;1699.00;0.00;7. 12. 2023;21
"0301";"   44";"3140945";" ";0.000;-350.00;1285.00;0.00;7. 12. 2023;21
"0301";"   44";"3141508";" ";0.000;-580.00;1599.00;0.00;7. 12. 2023;21
"0301";"   44";"3141652";" ";0.000;-280.00;1215.00;0.00;7. 12. 2023;21
"0301";"   44";"3142505";" ";0.000;-1006.00;2335.00;0.00;7. 12. 2023;21
"0301";"   44";"3144271";" ";0.000;-194.00;969.00;0.00;7. 12. 2023;21
"0301";"   44";"3144424";" ";0.000;-670.00;969.00;0.00;7. 12. 2023;21
"0301";"   44";"3144455";" ";0.000;-670.00;969.00;0.00;7. 12. 2023;21
"0301";"   44";"3144578";" ";0.000;-106.00;1075.00;0.00;7. 12. 2023;21
"0301";"   44";"3144615";" ";0.000;-106.00;1075.00;0.00;7. 12. 2023;21
"0301";"   44";"3144646";" ";0.000;-106.00;1075.00;0.00;7. 12. 2023;21
"0301";"   44";"3144677";" ";0.000;-194.00;969.00;0.00;7. 12. 2023;21
"0301";"   44";"3144769";" ";0.000;-300.00;1075.00;0.00;7. 12. 2023;21
"0301";"   44";"3144790";" ";0.000;-300.00;1075.00;0.00;7. 12. 2023;21
"0301";"   44";"3144820";" ";0.000;-300.00;1075.00;0.00;7. 12. 2023;21
"0301";"   44";"3145353";" ";0.000;-670.00;969.00;0.00;7. 12. 2023;21
"0301";"   44";"3145650";" ";0.000;-104.00;1099.00;0.00;7. 12. 2023;21
"0301";"   44";"3146435";" ";0.000;-324.00;1579.00;0.00;7. 12. 2023;21
"0301";"   44";"3146466";" ";0.000;-324.00;1579.00;0.00;7. 12. 2023;21
"0301";"   44";"3146527";" ";0.000;-370.00;1389.00;0.00;7. 12. 2023;21
"0301";"   44";"3146558";" ";0.000;-370.00;1389.00;0.00;7. 12. 2023;21
"0301";"   44";"3146619";" ";0.000;-106.00;1075.00;0.00;7. 12. 2023;21
"0301";"   44";"3147463";" ";0.000;-634.00;1889.00;0.00;7. 12. 2023;21
"0301";"   44";"3147487";" ";0.000;-634.00;1889.00;0.00;7. 12. 2023;21
"0301";"   44";"3147500";" ";0.000;-634.00;1889.00;0.00;7. 12. 2023;21
"0301";"   44";"3147524";" ";0.000;-634.00;1889.00;0.00;7. 12. 2023;21
"0301";"   44";"3147548";" ";0.000;-634.00;1889.00;0.00;7. 12. 2023;21
"0301";"   44";"3148125";" ";0.000;1066.00;199.00;0.00;7. 12. 2023;21
"0301";"   44";"3148156";" ";0.000;-956.00;2285.00;0.00;7. 12. 2023;21
"0301";"   44";"3148187";" ";0.000;-104.00;2059.00;0.00;7. 12. 2023;21
"0301";"   44";"3148217";" ";0.000;-104.00;2059.00;0.00;7. 12. 2023;21
"0301";"   44";"3148248";" ";0.000;600.00;619.00;0.00;7. 12. 2023;21
"0301";"   44";"3148361";" ";0.000;-104.00;1099.00;0.00;7. 12. 2023;21
"0301";"   44";"3148392";" ";0.000;-104.00;1099.00;0.00;7. 12. 2023;21
"0301";"   44";"3148873";" ";0.000;10.00;925.00;0.00;7. 12. 2023;21
"0301";"   44";"3148903";" ";0.000;10.00;925.00;0.00;7. 12. 2023;21
"0301";"   44";"3148934";" ";0.000;-284.00;1219.00;0.00;7. 12. 2023;21
"0301";"   44";"3148965";" ";0.000;-284.00;1219.00;0.00;7. 12. 2023;21
"0301";"   44";"3148996";" ";0.000;-284.00;1219.00;0.00;7. 12. 2023;21
"0301";"   44";"3149177";" ";0.000;-284.00;1219.00;0.00;7. 12. 2023;21
"0301";"   44";"3149207";" ";0.000;-284.00;1219.00;0.00;7. 12. 2023;21
"0301";"   44";"3149238";" ";0.000;-284.00;1219.00;0.00;7. 12. 2023;21
"0301";"   44";"3149511";" ";0.000;-104.00;2059.00;0.00;7. 12. 2023;21
"0301";"   44";"3149542";" ";0.000;-104.00;2059.00;0.00;7. 12. 2023;21
"0301";"   44";"3149665";" ";0.000;-450.00;1469.00;0.00;7. 12. 2023;21
"0301";"   44";"3149696";" ";0.000;-450.00;1469.00;0.00;7. 12. 2023;21
"0301";"   44";"3149726";" ";0.000;-450.00;1469.00;0.00;7. 12. 2023;21
"0301";"   44";"3149849";" ";0.000;-106.00;1075.00;0.00;7. 12. 2023;21
"0301";"   44";"3149870";" ";0.000;-106.00;1075.00;0.00;7. 12. 2023;21
"0301";"   44";"3149900";" ";0.000;-106.00;1075.00;0.00;7. 12. 2023;21
"0301";"   44";"3150487";" ";0.000;-284.00;1219.00;0.00;7. 12. 2023;21
"0301";"   44";"3150517";" ";0.000;-284.00;1219.00;0.00;7. 12. 2023;21
"0301";"   44";"3152283";" ";0.000;-1114.00;2369.00;0.00;7. 12. 2023;21
"0301";"   44";"3152481";" ";0.000;-300.00;1075.00;0.00;7. 12. 2023;21
"0301";"   44";"3153532";" ";0.000;556.00;369.00;0.00;7. 12. 2023;21
"0301";"   44";"3153563";" ";0.000;556.00;369.00;0.00;7. 12. 2023;21
"0301";"   44";"3153624";" ";0.000;370.00;369.00;0.00;7. 12. 2023;21
"0301";"   44";"3154348";" ";28.800;626.00;299.00;0.00;7. 12. 2023;21
"0301";"   44";"3507427";" ";0.000;4.00;1245.00;0.00;7. 12. 2023;21
"0301";"   44";"3508714";" ";0.000;4.00;1245.00;0.00;7. 12. 2023;21
"0301";"   44";"3508745";" ";0.000;4.00;1245.00;0.00;7. 12. 2023;21
"0301";"   44";"3508806";" ";0.000;4.00;1245.00;0.00;7. 12. 2023;21
"0301";"   44";"3508837";" ";0.000;4.00;1245.00;0.00;7. 12. 2023;21
"0301";"   44";"3508936";" ";0.000;130.00;569.00;0.00;7. 12. 2023;21
"0301";"   44";"3508967";" ";1.430;130.00;569.00;0.00;7. 12. 2023;21
"0301";"   44";"3508967";"1";0.000;130.00;569.00;0.00;7. 12. 2023;21
"0301";"   44";"3510137";" ";0.000;-226.00;925.00;0.00;7. 12. 2023;21
"0301";"   44";"3510168";" ";0.000;-250.00;985.00;0.00;7. 12. 2023;21
"0301";"   44";"3510199";" ";0.000;-286.00;985.00;0.00;7. 12. 2023;21
"0301";"   44";"3510281";" ";0.000;-226.00;925.00;0.00;7. 12. 2023;21
"0301";"   44";"3510311";" ";0.000;-250.00;985.00;0.00;7. 12. 2023;21
"0301";"   44";"3510342";" ";0.000;-250.00;985.00;0.00;7. 12. 2023;21
"0301";"   44";"3510373";" ";0.000;-226.00;925.00;0.00;7. 12. 2023;21
"0301";"   44";"3510403";" ";0.000;-250.00;985.00;0.00;7. 12. 2023;21
"0301";"   44";"3510434";" ";0.000;-226.00;925.00;0.00;7. 12. 2023;21
"0301";"   44";"3510465";" ";0.000;-250.00;985.00;0.00;7. 12. 2023;21
"0301";"   44";"3510496";" ";0.000;-250.00;985.00;0.00;7. 12. 2023;21
"0301";"   44";"3510526";" ";0.000;-250.00;985.00;0.00;7. 12. 2023;21
"0301";"   44";"3510557";" ";0.000;-226.00;925.00;0.00;7. 12. 2023;21
"0301";"   44";"3510588";" ";0.000;-250.00;985.00;0.00;7. 12. 2023;21
"0301";"   44";"3510618";" ";0.000;-226.00;925.00;0.00;7. 12. 2023;21
"0301";"   44";"3510649";" ";0.000;-250.00;985.00;0.00;7. 12. 2023;21
"0301";"   44";"3510670";" ";0.000;-250.00;985.00;0.00;7. 12. 2023;21
"0301";"   44";"3510700";" ";0.000;-286.00;985.00;0.00;7. 12. 2023;21
"0301";"   44";"3510731";" ";0.000;-226.00;925.00;0.00;7. 12. 2023;21
"0301";"   44";"3510762";" ";0.000;-250.00;985.00;0.00;7. 12. 2023;21
"0301";"   44";"3510793";" ";0.000;-226.00;925.00;0.00;7. 12. 2023;21
"0301";"   44";"3510823";" ";0.000;-250.00;985.00;0.00;7. 12. 2023;21
"0301";"   44";"3510854";" ";0.000;-226.00;925.00;0.00;7. 12. 2023;21
"0301";"   44";"3510885";" ";0.000;-250.00;985.00;0.00;7. 12. 2023;21
"0301";"   44";"3510915";" ";0.000;-286.00;985.00;0.00;7. 12. 2023;21
"0301";"   44";"3510946";" ";0.000;-226.00;925.00;0.00;7. 12. 2023;21
"0301";"   44";"3510977";" ";0.000;-226.00;925.00;0.00;7. 12. 2023;21
"0301";"   44";"3511004";" ";0.000;-250.00;985.00;0.00;7. 12. 2023;21
"0301";"   44";"3511035";" ";0.000;-226.00;925.00;0.00;7. 12. 2023;21
"0301";"   44";"3511066";" ";0.000;-250.00;985.00;0.00;7. 12. 2023;21
"0301";"   44";"3511097";" ";0.000;-226.00;925.00;0.00;7. 12. 2023;21
"0301";"   44";"3511127";" ";0.000;-226.00;925.00;0.00;7. 12. 2023;21
"0301";"   44";"3511493";" ";0.000;10.00;1255.00;0.00;7. 12. 2023;21
"0301";"   44";"3512926";" ";0.000;10.00;715.00;0.00;7. 12. 2023;21
"0301";"   44";"3512957";" ";0.000;10.00;715.00;0.00;7. 12. 2023;21
"0301";"   44";"3512988";" ";0.000;10.00;715.00;0.00;7. 12. 2023;21
"0301";"   44";"3513015";" ";0.000;10.00;715.00;0.00;7. 12. 2023;21
"0301";"   44";"3513046";" ";0.000;-156.00;1555.00;0.00;7. 12. 2023;21
"0301";"   44";"3513077";" ";0.000;-156.00;1555.00;0.00;7. 12. 2023;21
"0301";"   44";"3513107";" ";0.000;-156.00;1555.00;0.00;7. 12. 2023;21
"0301";"   44";"3513190";" ";0.000;-226.00;925.00;0.00;7. 12. 2023;21
"0301";"   44";"3513220";" ";0.000;-250.00;985.00;0.00;7. 12. 2023;21
"0301";"   44";"3513374";" ";0.000;10.00;1255.00;0.00;7. 12. 2023;21
"0301";"   44";"3513527";" ";0.000;-226.00;925.00;0.00;7. 12. 2023;21
"0301";"   44";"3513558";" ";0.000;-250.00;985.00;0.00;7. 12. 2023;21
"0301";"   44";"3513589";" ";0.000;-226.00;925.00;0.00;7. 12. 2023;21
"0301";"   44";"3513619";" ";0.000;-250.00;985.00;0.00;7. 12. 2023;21
"0301";"   44";"3513640";" ";0.000;-226.00;925.00;0.00;7. 12. 2023;21
"0301";"   44";"3513671";" ";0.000;-250.00;985.00;0.00;7. 12. 2023;21
"0301";"   44";"3513701";" ";0.000;-226.00;925.00;0.00;7. 12. 2023;21
"0301";"   44";"3513732";" ";0.000;-226.00;925.00;0.00;7. 12. 2023;21
"0301";"   44";"3513794";" ";0.000;-226.00;925.00;0.00;7. 12. 2023;21
"0301";"   44";"3513824";" ";0.000;-250.00;985.00;0.00;7. 12. 2023;21
"0301";"   44";"3513855";" ";0.000;-226.00;925.00;0.00;7. 12. 2023;21
"0301";"   44";"3513886";" ";0.000;-286.00;985.00;0.00;7. 12. 2023;21
"0301";"   44";"3513916";" ";0.000;-226.00;925.00;0.00;7. 12. 2023;21
"0301";"   44";"3513947";" ";0.000;-286.00;985.00;0.00;7. 12. 2023;21
"0301";"   44";"3514005";" ";0.000;10.00;1255.00;0.00;7. 12. 2023;21
"0301";"   44";"3515989";" ";0.000;304.00;835.00;0.00;7. 12. 2023;21
"0301";"   44";"3516016";" ";0.000;304.00;835.00;0.00;7. 12. 2023;21
"0301";"   44";"3516047";" ";0.000;304.00;835.00;0.00;7. 12. 2023;21
"0301";"   44";"3516528";" ";0.000;10.00;1255.00;0.00;7. 12. 2023;21
"0301";"   44";"3516559";" ";0.000;10.00;1255.00;0.00;7. 12. 2023;21
"0301";"   44";"3516580";" ";0.000;10.00;1255.00;0.00;7. 12. 2023;21
"0301";"   44";"3516672";" ";0.000;-136.00;835.00;0.00;7. 12. 2023;21
"0301";"   44";"3516702";" ";0.000;-136.00;835.00;0.00;7. 12. 2023;21
"0301";"   44";"3516733";" ";0.000;-136.00;835.00;0.00;7. 12. 2023;21
"0301";"   44";"3516764";" ";0.000;-136.00;835.00;0.00;7. 12. 2023;21
"0301";"   44";"3516795";" ";0.000;10.00;1255.00;0.00;7. 12. 2023;21
"0301";"   44";"3516825";" ";0.000;10.00;1255.00;0.00;7. 12. 2023;21
"0301";"   44";"3516856";" ";0.000;10.00;1255.00;0.00;7. 12. 2023;21
"0301";"   44";"3516887";" ";0.000;10.00;1255.00;0.00;7. 12. 2023;21
"0301";"   44";"3516979";" ";0.000;10.00;1255.00;0.00;7. 12. 2023;21
"0301";"   44";"3517006";" ";0.000;10.00;1255.00;0.00;7. 12. 2023;21
"0301";"   44";"3517068";" ";0.000;10.00;1255.00;0.00;7. 12. 2023;21
"0301";"   44";"3517129";" ";0.000;10.00;1255.00;0.00;7. 12. 2023;21
"0301";"   44";"3517815";" ";0.000;-136.00;835.00;0.00;7. 12. 2023;21
"0301";"   44";"3518034";" ";0.000;10.00;1255.00;0.00;7. 12. 2023;21
"0301";"   44";"3518065";" ";0.000;10.00;1255.00;0.00;7. 12. 2023;21
"0301";"   44";"3518522";" ";0.000;10.00;1865.00;0.00;7. 12. 2023;21
"0301";"   44";"3518652";" ";0.000;10.00;1865.00;0.00;7. 12. 2023;21
"0301";"   44";"3518683";" ";0.000;10.00;1865.00;0.00;7. 12. 2023;21
"0301";"   44";"3518713";" ";0.000;10.00;1865.00;0.00;7. 12. 2023;21
"0301";"   44";"3518744";" ";0.000;10.00;1865.00;0.00;7. 12. 2023;21
"0301";"   44";"3518812";" ";0.000;10.00;1865.00;0.00;7. 12. 2023;21
"0301";"   44";"3518904";" ";0.000;10.00;1865.00;0.00;7. 12. 2023;21
"0301";"   44";"3518966";" ";0.000;10.00;1865.00;0.00;7. 12. 2023;21
"0301";"   44";"3519635";" ";0.000;-136.00;835.00;0.00;7. 12. 2023;21
"0301";"   44";"3520266";" ";0.000;-226.00;925.00;0.00;7. 12. 2023;21
"0301";"   44";"3520297";" ";0.000;-286.00;985.00;0.00;7. 12. 2023;21
"0301";"   44";"3520327";" ";0.000;-226.00;925.00;0.00;7. 12. 2023;21
"0301";"   44";"3520358";" ";0.000;-250.00;985.00;0.00;7. 12. 2023;21
"0301";"   44";"3520402";" ";0.000;-226.00;925.00;0.00;7. 12. 2023;21
"0301";"   44";"3520433";" ";0.000;-250.00;985.00;0.00;7. 12. 2023;21
"0301";"   44";"3520488";" ";0.000;-226.00;925.00;0.00;7. 12. 2023;21
"0301";"   44";"3520518";" ";0.000;-226.00;925.00;0.00;7. 12. 2023;21
"0301";"   44";"3520549";" ";0.000;-250.00;985.00;0.00;7. 12. 2023;21
"0301";"   44";"3520587";" ";0.000;-226.00;925.00;0.00;7. 12. 2023;21
"0301";"   44";"3520617";" ";0.000;-250.00;985.00;0.00;7. 12. 2023;21
"0301";"   44";"3520662";" ";0.000;-226.00;925.00;0.00;7. 12. 2023;21
"0301";"   44";"3520693";" ";0.000;-226.00;925.00;0.00;7. 12. 2023;21
"0301";"   44";"3520723";" ";0.000;-286.00;985.00;0.00;7. 12. 2023;21
"0301";"   44";"3520754";" ";0.000;-250.00;985.00;0.00;7. 12. 2023;21
"0301";"   44";"3521058";" ";0.000;-226.00;925.00;0.00;7. 12. 2023;21
"0301";"   44";"3521089";" ";0.000;-250.00;985.00;0.00;7. 12. 2023;21
"0301";"   44";"3521119";" ";0.000;-226.00;925.00;0.00;7. 12. 2023;21
"0301";"   44";"3521140";" ";0.000;-250.00;985.00;0.00;7. 12. 2023;21
"0301";"   44";"3521171";" ";0.000;-226.00;925.00;0.00;7. 12. 2023;21
"0301";"   44";"3521201";" ";0.000;-250.00;985.00;0.00;7. 12. 2023;21
"0301";"   44";"3521232";" ";0.000;-250.00;985.00;0.00;7. 12. 2023;21
"0301";"   44";"3521263";" ";0.000;-286.00;985.00;0.00;7. 12. 2023;21
"0301";"   44";"3521294";" ";0.000;-286.00;985.00;0.00;7. 12. 2023;21
"0301";"   44";"3521324";" ";0.000;-250.00;985.00;0.00;7. 12. 2023;21
"0301";"   44";"3521355";" ";0.000;-250.00;985.00;0.00;7. 12. 2023;21
"0301";"   44";"3521386";" ";0.000;-226.00;925.00;0.00;7. 12. 2023;21
"0301";"   44";"3540769";" ";0.000;680.00;935.00;0.00;7. 12. 2023;21
"0301";"   44";"3540790";" ";0.000;16.00;1599.00;0.00;7. 12. 2023;21
"0301";"   44";"3540974";" ";0.000;16.00;1599.00;0.00;7. 12. 2023;21
"0301";"   44";"3541001";" ";0.000;16.00;1599.00;0.00;7. 12. 2023;21
"0301";"   44";"3541155";" ";0.000;16.00;1599.00;0.00;7. 12. 2023;21
"0301";"   44";"3541186";" ";0.000;16.00;1599.00;0.00;7. 12. 2023;21
"0301";"   44";"3541360";" ";0.000;16.00;1599.00;0.00;7. 12. 2023;21
"0301";"   44";"3541391";" ";0.000;16.00;1599.00;0.00;7. 12. 2023;21
"0301";"   44";"3541872";" ";0.000;16.00;1599.00;0.00;7. 12. 2023;21
"0301";"   44";"3541902";" ";0.000;16.00;1599.00;0.00;7. 12. 2023;21
"0301";"   44";"3542350";" ";0.000;16.00;1599.00;0.00;7. 12. 2023;21
"0301";"   44";"3542381";" ";0.000;16.00;1599.00;0.00;7. 12. 2023;21
"0301";"   44";"3542657";" ";0.000;16.00;1599.00;0.00;7. 12. 2023;21
"0301";"   44";"3542688";" ";0.000;16.00;1599.00;0.00;7. 12. 2023;21
"0301";"   44";"3542862";" ";0.000;16.00;1599.00;0.00;7. 12. 2023;21
"0301";"   44";"3542893";" ";0.000;16.00;1599.00;0.00;7. 12. 2023;21
"0301";"   44";"3543791";" ";0.000;-204.00;1459.00;0.00;7. 12. 2023;21
"0301";"   44";"3545108";" ";0.000;-204.00;1459.00;0.00;7. 12. 2023;21
"0301";"   44";"3545139";" ";0.000;-204.00;1459.00;0.00;7. 12. 2023;21
"0301";"   44";"3545160";" ";0.000;-204.00;1459.00;0.00;7. 12. 2023;21
"0301";"   44";"3545191";" ";0.000;-204.00;1459.00;0.00;7. 12. 2023;21
"0301";"   44";"3549649";" ";0.000;10.00;835.00;0.00;7. 12. 2023;21
"0301";"   44";"3550331";" ";0.000;-6.00;405.00;0.00;7. 12. 2023;21
"0301";"   44";"3550751";" ";0.000;-816.00;1835.00;0.00;7. 12. 2023;21
"0301";"   44";"3550775";" ";0.000;-1244.00;2499.00;0.00;7. 12. 2023;21
"0301";"   44";"3550799";" ";0.000;-1890.00;4119.00;0.00;7. 12. 2023;21
"0301";"   44";"3550812";" ";0.000;-1016.00;2345.00;0.00;7. 12. 2023;21
"0301";"   44";"3550836";" ";0.000;-1494.00;2979.00;0.00;7. 12. 2023;21
"0301";"   44";"3550850";" ";0.000;-1500.00;4119.00;0.00;7. 12. 2023;21
"0301";"   44";"3550874";" ";0.000;-1016.00;2345.00;0.00;7. 12. 2023;21
"0301";"   44";"3550898";" ";0.000;-1494.00;2979.00;0.00;7. 12. 2023;21
"0301";"   44";"3550911";" ";0.000;-1500.00;4119.00;0.00;7. 12. 2023;21
"0301";"   44";"3550935";" ";0.000;-1016.00;2345.00;0.00;7. 12. 2023;21
"0301";"   44";"3550959";" ";0.000;-1494.00;2979.00;0.00;7. 12. 2023;21
"0301";"   44";"3550973";" ";0.000;-1500.00;4119.00;0.00;7. 12. 2023;21
"0301";"   44";"3550997";" ";0.000;-816.00;1835.00;0.00;7. 12. 2023;21
"0301";"   44";"3551017";" ";0.000;-1244.00;2499.00;0.00;7. 12. 2023;21
"0301";"   44";"3551031";" ";0.000;-1890.00;4119.00;0.00;7. 12. 2023;21
"0301";"   44";"3551055";" ";0.000;-816.00;1835.00;0.00;7. 12. 2023;21
"0301";"   44";"3551079";" ";0.000;-1244.00;2499.00;0.00;7. 12. 2023;21
"0301";"   44";"3551093";" ";0.000;-1890.00;4119.00;0.00;7. 12. 2023;21
"0301";"   44";"3551116";" ";0.000;-1016.00;2345.00;0.00;7. 12. 2023;21
"0301";"   44";"3551130";" ";0.000;-1494.00;2979.00;0.00;7. 12. 2023;21
"0301";"   44";"3551154";" ";0.000;-1500.00;4119.00;0.00;7. 12. 2023;21
"0301";"   44";"3551178";" ";0.000;-1016.00;2345.00;0.00;7. 12. 2023;21
"0301";"   44";"3551192";" ";0.000;-1494.00;2979.00;0.00;7. 12. 2023;21
"0301";"   44";"3551215";" ";0.000;-1500.00;4119.00;0.00;7. 12. 2023;21
"0301";"   44";"3551239";" ";0.000;-816.00;1835.00;0.00;7. 12. 2023;21
"0301";"   44";"3551253";" ";0.000;-1244.00;2499.00;0.00;7. 12. 2023;21
"0301";"   44";"3551277";" ";0.000;-1186.00;3415.00;0.00;7. 12. 2023;21
"0301";"   44";"3551291";" ";0.000;-816.00;1835.00;0.00;7. 12. 2023;21
"0301";"   44";"3551314";" ";0.000;-1244.00;2499.00;0.00;7. 12. 2023;21
"0301";"   44";"3551338";" ";0.000;-1186.00;3415.00;0.00;7. 12. 2023;21
"0301";"   44";"3552120";" ";0.000;40.00;855.00;0.00;7. 12. 2023;21
"0301";"   44";"3552229";" ";0.000;66.00;1249.00;0.00;7. 12. 2023;21
"0301";"   44";"3552236";" ";0.000;66.00;1249.00;0.00;7. 12. 2023;21
"0301";"   44";"3553288";" ";0.000;10.00;1545.00;0.00;7. 12. 2023;21
"0301";"   44";"3553301";" ";0.000;10.00;1545.00;0.00;7. 12. 2023;21
"0301";"   44";"3553325";" ";0.000;10.00;1545.00;0.00;7. 12. 2023;21
"0301";"   44";"3553349";" ";0.000;10.00;1545.00;0.00;7. 12. 2023;21
"0301";"   44";"3553363";" ";0.000;10.00;1545.00;0.00;7. 12. 2023;21
"0301";"   44";"3553387";" ";0.000;10.00;1545.00;0.00;7. 12. 2023;21
"0301";"   44";"3553400";" ";0.000;10.00;1545.00;0.00;7. 12. 2023;21
"0301";"   44";"3553493";" ";0.000;10.00;235.00;0.00;7. 12. 2023;21
"0301";"   44";"3553509";" ";0.000;10.00;235.00;0.00;7. 12. 2023;21
"0301";"   44";"3553745";" ";0.000;-50.00;845.00;0.00;7. 12. 2023;21
"0301";"   44";"3553752";" ";0.000;-50.00;845.00;0.00;7. 12. 2023;21
"0301";"   44";"3554117";" ";0.000;56.00;999.00;0.00;7. 12. 2023;21
"0301";"   44";"3554155";" ";0.000;170.00;3529.00;0.00;7. 12. 2023;21
"0301";"   44";"3571718";" ";0.000;-60.00;655.00;0.00;7. 12. 2023;21
"0301";"   44";"3571749";" ";0.000;-60.00;655.00;0.00;7. 12. 2023;21
"0301";"   44";"3571770";" ";0.000;-64.00;699.00;0.00;7. 12. 2023;21
"0301";"   44";"3571800";" ";0.000;-64.00;699.00;0.00;7. 12. 2023;21
"0301";"   44";"3571954";" ";0.000;-76.00;755.00;0.00;7. 12. 2023;21
"0301";"   44";"3571985";" ";0.000;-76.00;755.00;0.00;7. 12. 2023;21
"0301";"   44";"3572012";" ";0.000;-100.00;985.00;0.00;7. 12. 2023;21
"0301";"   44";"3572043";" ";0.000;-100.00;985.00;0.00;7. 12. 2023;21
"0301";"   44";"3572678";" ";0.000;-76.00;755.00;0.00;7. 12. 2023;21
"0301";"   44";"3572708";" ";0.000;-76.00;755.00;0.00;7. 12. 2023;21
"0301";"   44";"3572739";" ";0.000;-100.00;985.00;0.00;7. 12. 2023;21
"0301";"   44";"3572760";" ";0.000;-100.00;985.00;0.00;7. 12. 2023;21
"0301";"   44";"3573903";" ";0.000;146.00;899.00;0.00;7. 12. 2023;21
"0301";"   44";"3575174";" ";0.000;-996.00;2445.00;0.00;7. 12. 2023;21
"0301";"   44";"3575198";" ";0.000;-996.00;2445.00;0.00;7. 12. 2023;21
"0301";"   44";"3575211";" ";0.000;-996.00;2445.00;0.00;7. 12. 2023;21
"0301";"   44";"3575235";" ";0.000;480.00;899.00;0.00;7. 12. 2023;21
"0301";"   44";"3575259";" ";0.000;-996.00;2445.00;0.00;7. 12. 2023;21
"0301";"   44";"3575273";" ";0.000;-996.00;2445.00;0.00;7. 12. 2023;21
"0301";"   44";"3575297";" ";0.000;-996.00;2445.00;0.00;7. 12. 2023;21
"0301";"   44";"3575310";" ";0.000;-996.00;2445.00;0.00;7. 12. 2023;21
"0301";"   44";"3576362";" ";0.000;710.00;759.00;0.00;7. 12. 2023;21
"0301";"   44";"3576461";" ";0.000;-704.00;2029.00;0.00;7. 12. 2023;21
"0301";"   44";"3577116";" ";0.000;-350.00;1285.00;0.00;7. 12. 2023;21
"0301";"   44";"3577642";" ";0.000;-704.00;2029.00;0.00;7. 12. 2023;21
"0301";"   44";"3577666";" ";0.000;-704.00;2029.00;0.00;7. 12. 2023;21
"0301";"   44";"3577673";" ";0.000;-704.00;2029.00;0.00;7. 12. 2023;21
"0301";"   44";"3577680";" ";0.000;-704.00;2029.00;0.00;7. 12. 2023;21
"0301";"   44";"3577734";" ";0.000;-920.00;2445.00;0.00;7. 12. 2023;21
"0301";"   44";"3577772";" ";0.000;-920.00;2445.00;0.00;7. 12. 2023;21
"0301";"   44";"3577796";" ";0.000;-920.00;2445.00;0.00;7. 12. 2023;21
"0301";"   44";"3577819";" ";0.000;-920.00;2445.00;0.00;7. 12. 2023;21
"0301";"   44";"3577833";" ";0.000;-920.00;2445.00;0.00;7. 12. 2023;21
"0301";"   44";"3577857";" ";0.000;-920.00;2445.00;0.00;7. 12. 2023;21
"0301";"   44";"3577871";" ";0.000;-920.00;2445.00;0.00;7. 12. 2023;21
"0301";"   44";"3577895";" ";0.000;-920.00;2445.00;0.00;7. 12. 2023;21
"0301";"   44";"3577918";" ";0.000;-920.00;2445.00;0.00;7. 12. 2023;21
"0301";"   44";"3577932";" ";0.000;-920.00;2445.00;0.00;7. 12. 2023;21
"0301";"   44";"3578038";" ";0.000;-704.00;2029.00;0.00;7. 12. 2023;21
"0301";"   44";"3578052";" ";0.000;-704.00;2029.00;0.00;7. 12. 2023;21
"0301";"   44";"3578076";" ";0.000;-704.00;2029.00;0.00;7. 12. 2023;21
"0301";"   44";"3578113";" ";0.000;-704.00;2029.00;0.00;7. 12. 2023;21
"0301";"   44";"3578137";" ";0.000;-704.00;2029.00;0.00;7. 12. 2023;21
"0301";"   44";"3578861";" ";0.000;-920.00;2445.00;0.00;7. 12. 2023;21
"0301";"   44";"3578885";" ";0.000;-920.00;2445.00;0.00;7. 12. 2023;21
"0301";"   44";"3578908";" ";0.000;-920.00;2445.00;0.00;7. 12. 2023;21
"0301";"   44";"3579004";" ";0.000;-996.00;2445.00;0.00;7. 12. 2023;21
"0301";"   44";"3579189";" ";0.000;4.00;895.00;0.00;7. 12. 2023;21
"0301";"   44";"3579202";" ";0.000;4.00;895.00;0.00;7. 12. 2023;21
"0301";"   44";"3579226";" ";0.000;4.00;895.00;0.00;7. 12. 2023;21
"0301";"   44";"3579240";" ";0.000;4.00;895.00;0.00;7. 12. 2023;21
"0301";"   44";"3579684";" ";0.000;-264.00;1019.00;0.00;7. 12. 2023;21
"0301";"   44";"3579707";" ";0.000;-264.00;1019.00;0.00;7. 12. 2023;21
"0301";"   44";"3579806";" ";0.000;-264.00;1019.00;0.00;7. 12. 2023;21
"0301";"   44";"3579820";" ";0.000;-264.00;1019.00;0.00;7. 12. 2023;21
"0301";"   44";"3580048";" ";0.000;-996.00;2445.00;0.00;7. 12. 2023;21
"0301";"   44";"3580130";" ";0.000;10.00;1245.00;0.00;7. 12. 2023;21
"0301";"   44";"3580154";" ";0.000;10.00;1245.00;0.00;7. 12. 2023;21
"0301";"   44";"3580277";" ";0.000;10.00;925.00;0.00;7. 12. 2023;21
"0301";"   44";"3580291";" ";0.000;10.00;925.00;0.00;7. 12. 2023;21
"0301";"   44";"3580314";" ";0.000;10.00;925.00;0.00;7. 12. 2023;21
"0301";"   44";"3580451";" ";0.000;-264.00;1019.00;0.00;7. 12. 2023;21
"0301";"   44";"3580475";" ";0.000;-264.00;1019.00;0.00;7. 12. 2023;21
"0301";"   44";"3580499";" ";0.000;-264.00;1019.00;0.00;7. 12. 2023;21
"0301";"   44";"3580512";" ";0.000;-264.00;1019.00;0.00;7. 12. 2023;21
"0301";"   44";"3580840";" ";0.000;10.00;925.00;0.00;7. 12. 2023;21
"0301";"   44";"3580963";" ";0.000;-420.00;1675.00;0.00;7. 12. 2023;21
"0301";"   44";"3580987";" ";0.000;-420.00;1675.00;0.00;7. 12. 2023;21
"0301";"   44";"3581007";" ";0.000;-220.00;1315.00;0.00;7. 12. 2023;21
"0301";"   44";"3581021";" ";0.000;-220.00;1315.00;0.00;7. 12. 2023;21
"0301";"   44";"3581045";" ";0.000;10.00;925.00;0.00;7. 12. 2023;21
"0301";"   44";"3581069";" ";0.000;10.00;925.00;0.00;7. 12. 2023;21
"0301";"   44";"3581083";" ";0.000;10.00;925.00;0.00;7. 12. 2023;21
"0301";"   44";"3581229";" ";0.000;10.00;1245.00;0.00;7. 12. 2023;21
"0301";"   44";"3581243";" ";0.000;10.00;1245.00;0.00;7. 12. 2023;21
"0301";"   44";"3581267";" ";0.000;10.00;1245.00;0.00;7. 12. 2023;21
"0301";"   44";"3581342";" ";0.000;-284.00;1069.00;0.00;7. 12. 2023;21
"0301";"   44";"3581366";" ";0.000;-284.00;1069.00;0.00;7. 12. 2023;21
"0301";"   44";"3581380";" ";0.000;-284.00;1069.00;0.00;7. 12. 2023;21
"0301";"   44";"3581489";" ";0.000;4.00;1095.00;0.00;7. 12. 2023;21
"0301";"   44";"3582561";" ";0.000;4.00;1095.00;0.00;7. 12. 2023;21
"0301";"   44";"3582585";" ";0.000;4.00;1095.00;0.00;7. 12. 2023;21
"0301";"   44";"3582608";" ";0.000;4.00;1095.00;0.00;7. 12. 2023;21
"0301";"   44";"3582622";" ";0.000;4.00;1095.00;0.00;7. 12. 2023;21
"0301";"   44";"3582929";" ";0.000;-220.00;1675.00;0.00;7. 12. 2023;21
"0301";"   44";"3582929";" ";0.000;0.00;1455.00;0.00;7. 12. 2023;21
"0301";"   44";"3585203";" ";0.000;10.00;1025.00;0.00;7. 12. 2023;21
"0301";"   44";"3585227";" ";0.000;10.00;1025.00;0.00;7. 12. 2023;21
"0301";"   44";"3585241";" ";0.000;10.00;1025.00;0.00;7. 12. 2023;21
"0301";"   44";"3585289";" ";0.000;10.00;1025.00;0.00;7. 12. 2023;21
"0301";"   44";"3585302";" ";0.000;10.00;1025.00;0.00;7. 12. 2023;21
"0301";"   44";"3585470";" ";0.000;4.00;75.00;0.00;7. 12. 2023;21
"0301";"   44";"3585471";" ";0.000;4.00;75.00;0.00;7. 12. 2023;21
"0301";"   44";"3585472";" ";0.000;4.00;75.00;0.00;7. 12. 2023;21
"0301";"   44";"3585791";" ";0.000;84.00;1385.00;0.00;7. 12. 2023;21
"0301";"   44";"3585814";" ";0.000;210.00;1565.00;0.00;7. 12. 2023;21
"0301";"   44";"3585838";" ";0.000;64.00;1315.00;0.00;7. 12. 2023;21
"0301";"   44";"3591501";" ";0.000;50.00;1045.00;0.00;7. 12. 2023;21
"0301";"   44";"3591525";" ";0.000;50.00;1045.00;0.00;7. 12. 2023;21
"0501";"13998";"6000153";" ";4.000;122.00;54.86;117.10;7. 12. 2023;21
"0501";"13998";"6002674";" ";1.350;399.00;172.85;80.80;7. 12. 2023;21
"0501";"13998";"     51";" ";1.000;590.00;0.00;0.00;7. 12. 2023;21
"0501";"13998";"     71";" ";1.000;-590.00;0.00;0.00;7. 12. 2023;21
"0501";"13999";"7219804";" ";1.000;270.00;111.25;67.50;7. 12. 2023;21
"0501";"13999";"7204800";" ";2.000;314.00;134.53;157.00;7. 12. 2023;21
"0501";"13999";"5700042";" ";1.000;223.00;137.46;0.00;7. 12. 2023;21
"0502";"14000";"5302057";" ";39.960;699.00;190.92;9776.20;7. 12. 2023;21
"0220";" 1467";"6002989";"1";19.260;875.00;286.61;0.00;7. 12. 2023;21
"0502";"13974";"6002989";"1";19.260;875.00;286.61;2527.90;5. 12. 2023;21
"0502";"14001";"6003220";" ";3.000;615.00;126.87;276.80;7. 12. 2023;21
"0502";"14002";"2003987";" ";1.290;1065.00;273.86;0.00;7. 12. 2023;21
"0502";"14002";"4002434";" ";12.600;929.00;334.81;0.00;7. 12. 2023;21
"0502";"14002";"2003774";" ";5.000;699.00;245.81;0.00;7. 12. 2023;21
"0221";" 1468";"6005123";" ";10.620;1299.00;440.64;0.00;7. 12. 2023;21
"0221";" 1468";"1010231";" ";8.640;279.00;162.00;0.00;7. 12. 2023;21
"0221";" 1468";"1005074";" ";2.000;557.00;279.92;0.00;7. 12. 2023;21
"0221";" 1468";"6004237";" ";2.240;655.00;221.84;0.00;7. 12. 2023;21
"0221";" 1468";"4002348";" ";6.000;689.00;241.57;0.00;7. 12. 2023;21
"0221";" 1468";"6005122";" ";5.370;1059.00;356.69;0.00;7. 12. 2023;21
"0221";" 1468";"6005124";" ";5.310;1299.00;442.24;0.00;7. 12. 2023;21
"0221";" 1468";"6004697";" ";1.070;875.00;284.74;0.00;7. 12. 2023;21
"0221";" 1468";"1008930";" ";1.600;149.00;75.30;0.00;7. 12. 2023;21
"0221";" 1468";"2003775";" ";20.000;749.00;262.76;0.00;7. 12. 2023;21
"0221";" 1468";"6001589";" ";3.000;439.00;158.41;0.00;7. 12. 2023;21
"0221";" 1468";"6005688";" ";45.760;499.00;253.76;0.00;7. 12. 2023;21
"0221";" 1468";"6002670";" ";63.840;469.00;205.53;0.00;7. 12. 2023;21
"0221";" 1468";"5800024";" ";42.000;254.00;152.60;0.00;7. 12. 2023;21
"0221";" 1468";"5800024";" ";42.000;254.00;152.60;0.00;7. 12. 2023;21
"0221";" 1468";"5800024";" ";42.000;254.00;152.60;0.00;7. 12. 2023;21
"0221";" 1468";"6003727";"1";44.800;499.00;210.14;0.00;7. 12. 2023;21
"0221";" 1468";"6003727";"1";44.800;499.00;210.14;0.00;7. 12. 2023;21
"0221";" 1468";"6002675";" ";72.900;399.00;187.99;0.00;7. 12. 2023;21
"0502";"13969";"     51";" ";1.000;590.00;0.00;0.00;5. 12. 2023;21
"0502";"13969";"     71";" ";1.000;-590.00;0.00;0.00;5. 12. 2023;21
"0502";"13953";"6005123";" ";10.620;1299.00;440.64;2069.31;4. 12. 2023;21
"0502";"14003";"1005074";" ";2.000;557.00;279.92;445.60;7. 12. 2023;21
"0502";"14004";"7216504";" ";2.000;270.00;111.24;135.00;7. 12. 2023;21
"0502";"14004";"7217402";" ";1.000;167.00;56.32;41.80;7. 12. 2023;21
"0502";"14004";"4002348";" ";6.000;689.00;241.57;620.10;7. 12. 2023;21
"0502";"13953";"6005122";" ";5.370;1059.00;356.69;853.02;4. 12. 2023;21
"0502";"13953";"6005124";" ";5.310;1299.00;442.24;1034.66;4. 12. 2023;21
"0502";"14005";"1008930";" ";1.600;149.00;75.30;0.00;7. 12. 2023;21
"0502";"14006";"1010231";" ";8.640;279.00;162.00;361.59;7. 12. 2023;21
"0502";"14007";"     22";" ";1.000;1500.00;0.00;0.00;7. 12. 2023;21
"0502";"14008";"     22";" ";1.000;1500.00;0.00;0.00;7. 12. 2023;21
"0502";"14009";"     22";" ";1.000;1500.00;0.00;0.00;7. 12. 2023;21
"0502";"14010";"7900750";" ";1.000;3369.00;1447.68;842.25;7. 12. 2023;21
"0502";"14010";"7202100";" ";1.000;269.00;115.18;67.25;7. 12. 2023;21
"0502";"14005";"7218002";" ";1.000;167.00;56.31;41.75;7. 12. 2023;21
"0502";"14005";"7217402";" ";1.000;167.00;56.32;41.75;7. 12. 2023;21
"0502";"14005";"7201000";" ";2.000;269.00;115.16;134.50;7. 12. 2023;21
"0506";"14011";"1010080";" ";6.480;1026.00;390.58;0.00;7. 12. 2023;21
"0506";"14011";"2004001";" ";1.290;1065.00;313.04;0.00;7. 12. 2023;21
"0404";"14011";"     21";" ";1.000;997.00;0.00;0.00;7. 12. 2023;21
"0502";"14012";"4002432";"1";8.400;755.00;321.76;951.30;7. 12. 2023;21
"0502";"14012";"7772625";" ";30.000;335.00;197.97;984.90;7. 12. 2023;21
"0506";"14013";"6004697";" ";1.070;875.00;284.74;0.00;7. 12. 2023;21
"0506";"14014";"5300598";"1";14.000;555.00;121.76;0.00;7. 12. 2023;21
"0202";"90275";"1500143";" ";2.000;4606.00;1713.15;0.00;7. 12. 2023;21
"0202";"90275";"1501803";" ";2.000;8045.00;2992.05;0.00;7. 12. 2023;21
"0202";"90275";"1502838";" ";1.000;1788.00;945.92;0.00;7. 12. 2023;21
"0202";"90275";"1500041";" ";2.000;1537.00;571.50;0.00;7. 12. 2023;21
"0502";"14015";"1501803";" ";2.000;8045.00;2992.05;7240.50;7. 12. 2023;21
"0502";"14015";"1500143";" ";2.000;4606.00;1713.15;4145.40;7. 12. 2023;21
"0201";"90276";"6000187";" ";5.000;175.00;87.20;0.00;7. 12. 2023;21
"0201";"90276";"6000261";" ";25.000;363.00;189.15;0.00;7. 12. 2023;21
"0201";"90276";"6000263";" ";5.000;457.00;238.33;0.00;7. 12. 2023;21
"0201";"90276";"6000269";" ";10.000;351.00;182.85;0.00;7. 12. 2023;21
"0502";"14016";"5302059";" ";39.960;699.00;191.69;4189.80;8. 12. 2023;21
"0502";"14016";"5302057";" ";28.080;699.00;190.92;2944.19;8. 12. 2023;21
"0506";"14017";"5700023";" ";1.000;916.00;454.20;0.00;8. 12. 2023;21
"0506";"14017";"5700019";" ";1.000;624.00;309.60;0.00;8. 12. 2023;21
"0502";"14018";"2003357";" ";43.200;399.00;185.00;2585.52;8. 12. 2023;21
"0502";"14018";"4002688";" ";4.800;399.00;179.00;287.28;8. 12. 2023;21
"0502";"14018";"4002690";"3";16.000;399.00;179.00;957.60;8. 12. 2023;21
"0502";"14019";"7218004";" ";5.000;270.00;111.24;0.00;8. 12. 2023;21
"0502";"14019";"7909987";" ";4.000;314.00;134.85;0.00;8. 12. 2023;21
"0502";"14019";"7200200";" ";1.000;269.00;115.39;0.00;8. 12. 2023;21
"0202";"90277";"5100337";" ";1.000;4590.00;2351.90;0.00;8. 12. 2023;21
"0202";"90277";"5101495";" ";1.000;5790.00;2966.77;0.00;8. 12. 2023;21
"0202";"90277";"5101924";" ";1.000;15290.00;7834.54;0.00;8. 12. 2023;21
"0202";"90277";"5100712";" ";1.000;1040.00;532.89;0.00;8. 12. 2023;21
"0202";"90277";"5100338";" ";1.000;2500.00;1280.99;0.00;8. 12. 2023;21
"0202";"90277";"5100449";" ";1.000;490.00;251.07;0.00;8. 12. 2023;21
"0202";"90277";"5103042";" ";1.000;294.00;150.59;0.00;8. 12. 2023;21
"0202";"90277";"5100434";" ";1.000;5590.00;2864.28;0.00;8. 12. 2023;21
"0202";"90277";"5100423";" ";1.000;8490.00;4350.24;0.00;8. 12. 2023;21
"0202";"90277";"5100981";" ";1.000;8690.00;4452.72;0.00;8. 12. 2023;21
"0502";"14020";"5101924";" ";1.000;15290.00;7834.54;4587.00;8. 12. 2023;21
"0502";"14020";"5100712";" ";1.000;1040.00;532.89;312.00;8. 12. 2023;21
"0502";"13987";"5101495";" ";1.000;5790.00;2966.77;1737.00;6. 12. 2023;21
"0502";"13987";"5100449";" ";1.000;490.00;251.07;147.00;6. 12. 2023;21
"0502";"13987";"5100423";" ";1.000;8490.00;4350.24;2547.00;6. 12. 2023;21
"0501";"14021";"5100434";" ";1.000;5590.00;2864.28;1677.00;13. 12. 2023;21
"0502";"14001";"7210104";" ";8.000;216.00;88.23;432.00;7. 12. 2023;21
"0502";"14001";"5700082";" ";1.000;2045.00;1267.50;0.00;7. 12. 2023;21
"0201";"90278";"6000290";" ";30.000;160.00;88.35;0.00;8. 12. 2023;21
"0502";"14022";"6000290";" ";30.000;160.00;88.35;1152.00;8. 12. 2023;21
"0502";"14023";"7202800";" ";1.000;269.00;115.41;67.30;8. 12. 2023;21
"0504";"14024";"7216504";" ";1.000;270.00;111.24;0.00;8. 12. 2023;21
"0504";"14024";"7220404";" ";3.000;334.00;137.82;0.00;8. 12. 2023;21
"0221";" 1469";"9995658";" ";1.000;11990.00;5357.65;0.00;8. 12. 2023;21
"0221";" 1469";"4990252";" ";1.000;3990.00;1719.01;0.00;8. 12. 2023;21
"0221";" 1469";"4990275";" ";1.000;2090.00;902.48;0.00;8. 12. 2023;21
"0221";" 1469";"4990692";" ";1.000;1390.00;601.65;0.00;8. 12. 2023;21
"0221";" 1469";"4990668";" ";1.000;2150.00;923.97;0.00;8. 12. 2023;21
"0221";" 1469";"4990733";" ";1.000;5950.00;2557.03;0.00;8. 12. 2023;21
"0221";" 1469";"4990647";" ";1.000;1250.00;537.19;0.00;8. 12. 2023;21
"0221";" 1469";"4990779";" ";1.000;7150.00;3072.73;0.00;8. 12. 2023;21
"0221";" 1469";"4990199";" ";2.000;4990.00;2015.92;0.00;8. 12. 2023;21
"0221";" 1469";"4990035";" ";2.000;1890.00;771.98;0.00;8. 12. 2023;21
"0221";" 1469";"4990334";" ";3.000;4690.00;2009.12;0.00;8. 12. 2023;21
"0221";" 1469";"4990337";" ";3.000;6250.00;2488.73;0.00;8. 12. 2023;21
"0221";" 1470";"6100042";" ";1.000;7990.00;3183.32;0.00;8. 12. 2023;21
"0221";" 1470";"9995706";" ";1.000;5560.00;2679.44;0.00;8. 12. 2023;21
"0221";" 1470";"9991775";" ";1.000;3000.00;1411.22;0.00;8. 12. 2023;21
"0221";" 1470";"6100059";" ";1.000;7690.00;3243.81;0.00;8. 12. 2023;21
"0221";" 1470";"6100056";" ";1.000;3050.00;1364.08;0.00;8. 12. 2023;21
"0221";" 1470";"4990313";" ";1.000;12850.00;6318.09;0.00;8. 12. 2023;21
"0221";" 1470";"4990310";" ";1.000;6290.00;3173.82;0.00;8. 12. 2023;21
"0221";" 1470";"5900578";" ";1.000;3988.00;1923.76;0.00;8. 12. 2023;21
"0221";" 1470";"5900626";" ";1.000;1649.00;816.30;0.00;8. 12. 2023;21
"0221";" 1470";"5900593";" ";1.000;220.00;109.78;0.00;8. 12. 2023;21
"0221";" 1470";"5900602";" ";1.000;6425.00;3178.88;0.00;8. 12. 2023;21
"0221";" 1470";"4990209";" ";1.000;449.00;193.39;0.00;8. 12. 2023;21
"0221";" 1470";"1502846";" ";1.000;5675.00;2718.50;0.00;8. 12. 2023;21
"0504";"14025";"5100981";" ";1.000;8690.00;4452.72;1303.50;8. 12. 2023;21
"0504";"14025";"1500330";" ";1.000;543.00;287.36;0.00;8. 12. 2023;21
"0502";"14026";"4990334";" ";3.000;4690.00;2009.22;3517.50;8. 12. 2023;21
"0502";"14026";"4990337";" ";3.000;6250.00;2488.73;4687.50;8. 12. 2023;21
"0502";"14027";"9995658";" ";1.000;11990.00;5357.65;0.00;8. 12. 2023;21
"0502";"14027";"4990252";" ";1.000;3990.00;1719.01;997.50;8. 12. 2023;21
"0502";"14027";"4990275";" ";1.000;2090.00;902.48;522.50;8. 12. 2023;21
"0502";"13953";"4990692";" ";1.000;1390.00;601.65;417.00;4. 12. 2023;21
"0502";"13953";"4990668";" ";1.000;2150.00;923.97;645.00;4. 12. 2023;21
"0502";"13953";"4990733";" ";1.000;5950.00;2557.03;1785.00;4. 12. 2023;21
"0502";"13953";"4990647";" ";1.000;1250.00;537.19;375.00;4. 12. 2023;21
"0502";"13953";"4990779";" ";1.000;7150.00;3072.73;2145.00;4. 12. 2023;21
"0502";"13974";"4990035";" ";1.000;1890.00;771.98;567.00;5. 12. 2023;21
"0502";"13974";"4990199";" ";1.000;4990.00;2015.92;1497.00;5. 12. 2023;21
"0502";"13987";"6100042";" ";1.000;7990.00;3183.32;1198.50;6. 12. 2023;21
"0502";"13987";"9995706";" ";1.000;5560.00;2679.44;1501.20;6. 12. 2023;21
"0502";"13987";"9991775";" ";1.000;3000.00;1411.22;810.00;6. 12. 2023;21
"0502";"13987";"6100059";" ";1.000;7690.00;3243.81;1153.50;6. 12. 2023;21
"0502";"13987";"6100056";" ";1.000;3050.00;1364.08;457.50;6. 12. 2023;21
"0502";"13987";"4990313";" ";1.000;12850.00;6318.09;3855.00;6. 12. 2023;21
"0502";"13987";"4990310";" ";1.000;6290.00;3173.82;1887.00;6. 12. 2023;21
"0502";"13987";"5900578";" ";1.000;3988.00;1923.76;1196.40;6. 12. 2023;21
"0502";"13987";"5900626";" ";1.000;1649.00;816.30;494.70;6. 12. 2023;21
"0502";"13987";"5900593";" ";1.000;220.00;109.78;66.00;6. 12. 2023;21
"0502";"13987";"5900602";" ";1.000;6425.00;3178.88;1927.50;6. 12. 2023;21
"0502";"13987";"4990209";" ";1.000;449.00;193.39;134.70;6. 12. 2023;21
"0502";"13987";"1502846";" ";1.000;5675.00;2718.50;1702.50;6. 12. 2023;21
"0506";"14028";"6000153";" ";1.000;122.00;54.86;0.00;8. 12. 2023;21
"0506";"14029";"7200200";" ";1.000;269.00;115.39;0.00;9. 12. 2023;21
"0506";"14030";"7772625";" ";3.000;335.00;197.97;0.00;9. 12. 2023;21
"0504";"14031";"7217402";" ";1.000;167.00;56.32;0.00;9. 12. 2023;21
"0502";"14032";"5301995";"1";7.000;699.00;229.21;1712.60;9. 12. 2023;21
"0502";"14032";"5301995";" ";56.000;699.00;197.61;13700.40;9. 12. 2023;21
"0502";"14033";"7213504";" ";4.000;204.00;84.09;204.00;9. 12. 2023;21
"0502";"14034";"7909969";" ";1.000;1804.00;775.32;541.20;11. 12. 2023;21
"0502";"14035";"4002688";"1";8.000;399.00;179.00;478.80;11. 12. 2023;21
"0504";"14036";"7200600";" ";1.000;314.00;134.84;0.00;11. 12. 2023;21
"0502";"14037";"1010203";"1";36.580;395.00;157.50;0.00;11. 12. 2023;21
"0502";"14038";"7211104";" ";5.000;270.00;111.25;0.00;11. 12. 2023;21
"0502";"14039";"2004468";" ";15.000;299.00;180.00;0.00;11. 12. 2023;21
"0502";"13974";"     49";" ";1.000;290.00;0.00;0.00;5. 12. 2023;21
"0502";"13974";"     70";" ";1.000;-290.00;0.00;0.00;5. 12. 2023;21
"0502";"14040";"5301529";"1";9.450;859.00;201.91;1217.64;11. 12. 2023;21
"0502";"14041";"7211104";" ";1.000;270.00;111.25;81.00;11. 12. 2023;21
"0506";"14042";"4000837";" ";2.880;299.00;130.22;0.00;11. 12. 2023;21
"0202";"90279";"1303927";" ";1.000;5499.00;2499.90;0.00;11. 12. 2023;21
"0502";"14043";"1303927";" ";1.000;5499.00;2499.90;1099.80;11. 12. 2023;21
"0506";"14044";"6001589";" ";3.000;439.00;158.41;0.00;11. 12. 2023;21
"0202";"90279";"1303574";" ";1.000;1999.00;991.20;0.00;11. 12. 2023;21
"0502";"14045";"1303574";" ";1.000;1999.00;991.20;599.70;11. 12. 2023;21
"0202";"90279";"1301010";" ";1.000;3099.00;1536.60;0.00;11. 12. 2023;21
"0202";"90279";"1304030";" ";1.000;3199.00;1586.40;0.00;11. 12. 2023;21
"0202";"90279";"1304211";" ";1.000;8499.00;3999.90;0.00;11. 12. 2023;21
"0202";"90279";"1304101";" ";2.000;6499.00;3222.60;0.00;11. 12. 2023;21
"0504";"14047";"4002689";" ";1.600;399.00;179.00;0.00;11. 12. 2023;21
"0502";"13987";"1304211";" ";1.000;8499.00;3999.90;1699.80;6. 12. 2023;21
"0502";"13987";"1304030";" ";1.000;3199.00;1586.40;959.70;6. 12. 2023;21
"0502";"14048";"7772625";" ";2.000;335.00;197.97;65.66;11. 12. 2023;21
"0221";" 1471";"5300022";" ";4.200;915.00;225.24;0.00;11. 12. 2023;21
"0221";" 1471";"4002654";" ";6.000;595.00;207.66;0.00;11. 12. 2023;21
"0221";" 1471";"4002656";" ";1.200;595.00;103.27;0.00;11. 12. 2023;21
"0221";" 1471";"4002657";" ";2.640;675.00;119.22;0.00;11. 12. 2023;21
"0221";" 1471";"1008896";" ";1.080;1408.00;435.50;0.00;11. 12. 2023;21
"0221";" 1471";"1008904";" ";1.920;1408.00;451.22;0.00;11. 12. 2023;21
"0221";" 1471";"6003377";" ";1.350;399.00;176.42;0.00;11. 12. 2023;21
"0221";" 1471";"1008348";" ";3.240;954.00;428.73;0.00;11. 12. 2023;21
"0221";" 1471";"2004456";" ";45.000;299.00;175.00;0.00;11. 12. 2023;21
"0221";" 1471";"4002432";" ";39.900;755.00;265.41;0.00;11. 12. 2023;21
"0221";" 1471";"1008896";" ";4.320;1408.00;435.50;0.00;11. 12. 2023;21
"0221";" 1471";"1008904";" ";3.840;1408.00;409.28;0.00;11. 12. 2023;21
"0221";" 1471";"1010226";" ";8.640;299.00;144.00;0.00;11. 12. 2023;21
"0221";" 1471";"5302060";" ";77.760;699.00;189.85;0.00;11. 12. 2023;21
"0221";" 1471";"5302060";" ";77.760;699.00;189.85;0.00;11. 12. 2023;21
"0221";" 1471";"6003509";" ";42.800;875.00;286.18;0.00;11. 12. 2023;21
"0221";" 1471";"6003508";" ";42.800;875.00;290.63;0.00;11. 12. 2023;21
"0221";" 1471";"2004456";" ";75.000;299.00;175.00;0.00;11. 12. 2023;21
"0221";" 1471";"4002432";" ";42.000;755.00;265.41;0.00;11. 12. 2023;21
"0221";" 1471";"4002432";" ";42.000;755.00;265.41;0.00;11. 12. 2023;21
"0221";" 1471";"4002432";" ";42.000;755.00;265.41;0.00;11. 12. 2023;21
"0502";"14049";"4002654";" ";6.000;595.00;207.66;535.50;11. 12. 2023;21
"0502";"14049";"4002656";" ";1.200;595.00;105.84;107.10;11. 12. 2023;21
"0502";"14049";"4002657";" ";2.640;675.00;119.22;267.30;11. 12. 2023;21
"0502";"13987";"1008896";" ";4.320;1408.00;435.50;2128.91;6. 12. 2023;21
"0502";"13987";"1008904";" ";5.760;1408.00;423.26;2838.50;6. 12. 2023;21
"0502";"13987";"6003727";"1";21.280;499.00;210.14;1592.80;6. 12. 2023;21
"0502";"14050";"1008348";" ";3.240;954.00;428.73;463.70;11. 12. 2023;21
"0502";"14051";"2004456";" ";120.000;299.00;175.00;0.00;11. 12. 2023;21
"0502";"14012";"4002432";" ";165.900;755.00;265.41;18788.18;7. 12. 2023;21
"0502";"14052";"1010226";" ";8.640;299.00;144.00;387.50;11. 12. 2023;21
"0502";"14000";"5302060";" ";132.840;699.00;190.03;32499.30;7. 12. 2023;21
"0521";" 1472";"1008896";" ";1.080;1408.00;435.50;0.00;11. 12. 2023;21
"0504";"14053";"1303414";" ";1.000;229.00;113.40;34.40;11. 12. 2023;21
"0504";"14053";"1301870";" ";1.000;198.00;98.40;29.70;11. 12. 2023;21
"0501";"14054";"6003377";" ";1.350;399.00;176.42;0.00;12. 12. 2023;21
"0502";"14055";"5300586";" ";10.500;765.00;179.85;1204.88;12. 12. 2023;21
"0502";"14055";"7772625";" ";3.000;335.00;197.97;98.49;12. 12. 2023;21
"0502";"14056";"7211104";" ";4.000;270.00;111.25;270.00;12. 12. 2023;21
"0502";"14052";"6005417";" ";1.790;499.00;226.76;268.00;11. 12. 2023;21
"0502";"14057";"6003713";"2";10.080;499.00;201.02;754.50;12. 12. 2023;21
"0502";"14057";"7654321";" ";2.000;156.00;90.42;30.60;12. 12. 2023;21
"0502";"14058";"5301993";" ";29.000;699.00;209.14;7094.90;12. 12. 2023;21
"0504";"14059";"7772625";" ";1.000;335.00;197.97;0.00;12. 12. 2023;21
"0506";"14060";"2003358";" ";11.200;399.00;190.46;0.00;12. 12. 2023;21
"0506";"14060";"7213504";" ";1.000;204.00;84.09;0.00;12. 12. 2023;21
"0506";"14060";"7202600";" ";6.000;269.00;115.42;0.00;12. 12. 2023;21
"0520";" 1473";"4002741";" ";7.000;299.00;97.49;0.00;12. 12. 2023;21
"0502";"14000";"     52";" ";1.000;990.00;0.00;0.00;7. 12. 2023;21
"0502";"14000";"     72";" ";1.000;-990.00;0.00;0.00;7. 12. 2023;21
"0506";"14061";"2003360";"1";4.800;399.00;190.45;0.00;12. 12. 2023;21
"0506";"14061";"6003727";"1";12.320;499.00;210.14;0.00;12. 12. 2023;21
"0506";"14061";"7772625";" ";3.000;335.00;197.97;0.00;12. 12. 2023;21
"0506";"14061";"7216504";" ";1.000;270.00;111.24;0.00;12. 12. 2023;21
"0506";"14061";"7200200";" ";1.000;269.00;115.39;0.00;12. 12. 2023;21
"0506";"14062";"7902207";" ";1.000;1275.00;485.35;0.00;12. 12. 2023;21
"0506";"14062";"7900710";" ";1.000;930.00;399.45;0.00;12. 12. 2023;21
"0506";"14063";"5103042";" ";1.000;294.00;150.59;0.00;12. 12. 2023;21
"0506";"14064";"6002674";" ";6.750;399.00;172.85;0.00;12. 12. 2023;21
"0506";"14064";"6002887";" ";10.000;115.00;39.94;0.00;12. 12. 2023;21
"0502";"14065";"5300586";" ";18.000;765.00;179.85;2065.50;12. 12. 2023;21
"0502";"14065";"5300598";"1";3.000;555.00;121.76;249.75;12. 12. 2023;21
"0506";"14066";"7211104";" ";1.000;270.00;111.25;0.00;12. 12. 2023;21
"0521";" 1474";"5300022";" ";4.200;915.00;225.24;0.00;12. 12. 2023;21
"0521";" 1474";"6005689";" ";45.760;499.00;254.08;0.00;12. 12. 2023;21
"0506";"14067";"5301516";" ";2.460;925.00;218.88;0.00;12. 12. 2023;21
"0506";"14068";"7210504";" ";1.000;270.00;111.25;0.00;12. 12. 2023;21
"0506";"14068";"7220402";" ";1.000;198.00;66.80;0.00;12. 12. 2023;21
"0506";"14068";"7217102";" ";1.000;167.00;56.31;0.00;12. 12. 2023;21
"0506";"14068";"7210502";" ";1.000;167.00;56.91;0.00;12. 12. 2023;21
"0506";"14068";"7211102";" ";1.000;167.00;56.42;0.00;12. 12. 2023;21
"0506";"14068";"7203500";" ";2.000;269.00;115.41;0.00;12. 12. 2023;21
"0506";"14068";"7200500";" ";1.000;314.00;134.87;0.00;12. 12. 2023;21
"0506";"14068";"7202800";" ";1.000;269.00;115.41;0.00;12. 12. 2023;21
"0502";"14069";"7217404";" ";4.000;270.00;111.25;270.00;13. 12. 2023;21
"0502";"13930";"7211104";" ";1.000;270.00;111.25;67.50;1. 12. 2023;21
"0502";"13930";"7202800";" ";1.000;269.00;115.41;67.25;1. 12. 2023;21
"0501";"14070";"6002674";" ";10.800;399.00;172.85;646.40;13. 12. 2023;21
"0501";"14070";"6002670";" ";7.980;469.00;205.53;561.40;13. 12. 2023;21
"0501";"14070";"6000153";" ";4.000;122.00;54.86;117.10;13. 12. 2023;21
"0501";"14070";"7218304";" ";2.000;270.00;110.53;135.00;13. 12. 2023;21
"0501";"14070";"7909989";" ";2.000;314.00;134.87;157.00;13. 12. 2023;21
"0502";"14071";"     22";" ";1.000;1500.00;0.00;0.00;13. 12. 2023;21
"0502";"14072";"     22";" ";1.000;1500.00;0.00;0.00;13. 12. 2023;21
"0501";"14073";"6000187";" ";1.000;175.00;87.20;42.00;13. 12. 2023;21
"0502";"14074";"7909990";" ";2.000;314.00;134.87;0.00;13. 12. 2023;21
"0502";"14075";"6002675";" ";12.150;399.00;187.99;727.19;13. 12. 2023;21
"0502";"14075";"6002674";" ";6.750;399.00;172.85;404.00;13. 12. 2023;21
"0502";"14075";"6002670";" ";5.320;469.00;205.53;374.27;13. 12. 2023;21
"0502";"14075";"7211104";" ";2.000;270.00;111.25;135.00;13. 12. 2023;21
"0502";"14075";"6000003";" ";1.000;73.00;40.16;17.52;13. 12. 2023;21
"0504";"14076";"1010205";"1";4.720;395.00;156.41;0.00;13. 12. 2023;21
"0504";"14076";"7772625";" ";1.000;335.00;197.97;0.00;13. 12. 2023;21
"0504";"14076";"7220102";" ";1.000;167.00;56.31;0.00;13. 12. 2023;21
"0502";"14077";"7776525";" ";10.000;356.00;180.32;348.88;13. 12. 2023;21
"0502";"14077";"7213504";" ";3.000;204.00;84.09;153.00;13. 12. 2023;21
"0502";"14077";"6000271";" ";1.000;421.00;219.41;42.10;13. 12. 2023;21
"0502";"14078";"6000269";" ";10.000;351.00;182.85;351.00;13. 12. 2023;21
"0502";"14079";"6002674";" ";12.150;399.00;172.85;727.20;13. 12. 2023;21
"0502";"14079";"6002675";"1";2.700;399.00;173.72;161.60;13. 12. 2023;21
"0502";"14079";"6002670";" ";3.990;469.00;205.53;280.70;13. 12. 2023;21
"0502";"14080";"7210504";" ";1.000;270.00;111.25;81.00;13. 12. 2023;21
"0502";"14080";"7203500";" ";2.000;269.00;115.41;161.40;13. 12. 2023;21
"0506";"14081";"2004060";"1";1.070;685.00;252.38;0.00;13. 12. 2023;21
"0506";"14081";"2004063";"1";1.070;689.00;252.25;0.00;13. 12. 2023;21
"0502";"14082";"7201000";" ";1.000;269.00;115.16;80.70;13. 12. 2023;21
"0502";"14083";"1500288";" ";1.000;870.00;460.11;174.00;13. 12. 2023;21
"0502";"14084";"5004796";"1";3.240;685.00;119.74;443.88;13. 12. 2023;21
"0502";"14084";"7776525";" ";3.000;356.00;180.32;104.66;13. 12. 2023;21
"0502";"14084";"7218902";" ";1.000;167.00;56.31;50.10;13. 12. 2023;21
"0506";"14085";"5301530";"2";1.080;859.00;207.89;0.00;13. 12. 2023;21
"0506";"14085";"5301569";" ";5.400;845.00;205.34;0.00;13. 12. 2023;21
"0506";"14085";"5301571";" ";1.980;809.00;203.28;0.00;13. 12. 2023;21
