"0301";"31564";"1000440";" ";0.000;-92.00;649.00;0.00;02.01.2024;21
"0301";"31564";"1000440";"1";0.000;-92.00;649.00;0.00;02.01.2024;21
"0301";"31564";"1000440";"2";0.000;-92.00;649.00;0.00;02.01.2024;21
"0301";"31564";"1000441";" ";0.000;-74.00;519.00;0.00;02.01.2024;21
"0301";"31564";"1000442";" ";0.000;-92.00;649.00;0.00;02.01.2024;21
"0301";"31564";"1000443";" ";0.000;-74.00;519.00;0.00;02.01.2024;21
"0301";"31564";"1000444";" ";0.000;-92.00;649.00;0.00;02.01.2024;21
"0301";"31564";"1000444";"1";0.000;-92.00;649.00;0.00;02.01.2024;21
"0301";"31564";"1000445";" ";0.000;-74.00;519.00;0.00;02.01.2024;21
"0301";"31564";"1000446";" ";0.000;-92.00;649.00;0.00;02.01.2024;21
"0301";"31564";"1000446";"1";0.000;-92.00;649.00;0.00;02.01.2024;21
"0301";"31564";"1000447";" ";0.000;-74.00;519.00;0.00;02.01.2024;21
"0301";"31564";"1000448";" ";0.000;-92.00;649.00;0.00;02.01.2024;21
"0301";"31564";"1000448";"1";0.000;-92.00;649.00;0.00;02.01.2024;21
"0301";"31564";"1000448";"2";0.000;-92.00;649.00;0.00;02.01.2024;21
"0301";"31564";"1000449";" ";0.000;-74.00;519.00;0.00;02.01.2024;21
"0301";"31564";"1000450";" ";0.000;-92.00;649.00;0.00;02.01.2024;21
"0301";"31564";"1000450";"1";0.000;-92.00;649.00;0.00;02.01.2024;21
"0301";"31564";"1000450";"2";0.000;-92.00;649.00;0.00;02.01.2024;21
"0301";"31564";"1000451";" ";0.000;-74.00;519.00;0.00;02.01.2024;21
"0301";"31564";"1001866";" ";0.000;-121.00;587.00;0.00;02.01.2024;21
"0301";"31564";"1001866";"1";0.000;-121.00;587.00;0.00;02.01.2024;21
"0301";"31564";"1001867";" ";0.000;-36.00;241.00;0.00;02.01.2024;21
"0301";"31564";"1001868";"2";0.000;-121.00;587.00;0.00;02.01.2024;21
"0301";"31564";"1001868";"3";0.000;-121.00;587.00;0.00;02.01.2024;21
"0301";"31564";"1001868";"4";0.000;-121.00;587.00;0.00;02.01.2024;21
"0301";"31564";"1001868";"5";0.000;-121.00;587.00;0.00;02.01.2024;21
"0301";"31564";"1001868";"6";0.000;-121.00;587.00;0.00;02.01.2024;21
"0301";"31564";"1001869";" ";0.000;-36.00;241.00;0.00;02.01.2024;21
"0301";"31564";"1001871";" ";0.000;-36.00;241.00;0.00;02.01.2024;21
"0301";"31564";"1001871";"1";0.000;-36.00;241.00;0.00;02.01.2024;21
"0301";"31564";"1001873";" ";0.000;-36.00;241.00;0.00;02.01.2024;21
"0301";"31564";"1001873";"1";0.000;-36.00;241.00;0.00;02.01.2024;21
"0301";"31564";"1001873";"2";0.000;-36.00;241.00;0.00;02.01.2024;21
"0301";"31564";"1001882";" ";0.000;-121.00;587.00;0.00;02.01.2024;21
"0301";"31564";"1001883";" ";0.000;-36.00;241.00;0.00;02.01.2024;21
"0301";"31564";"1001884";" ";0.000;-121.00;587.00;0.00;02.01.2024;21
"0301";"31564";"1001885";" ";0.000;-36.00;241.00;0.00;02.01.2024;21
"0301";"31564";"1001892";" ";0.000;-815.00;1026.00;0.00;02.01.2024;21
"0301";"31564";"1001892";"1";0.000;-815.00;1026.00;0.00;02.01.2024;21
"0301";"31564";"1001892";"2";0.000;-815.00;1026.00;0.00;02.01.2024;21
"0301";"31564";"1001892";"3";0.000;-815.00;1026.00;0.00;02.01.2024;21
"0301";"31564";"1001892";"4";0.000;-815.00;1026.00;0.00;02.01.2024;21
"0301";"31564";"1001894";" ";0.000;-815.00;1026.00;0.00;02.01.2024;21
"0301";"31564";"1001894";"1";0.000;-815.00;1026.00;0.00;02.01.2024;21
"0301";"31564";"1001894";"2";0.000;-815.00;1026.00;0.00;02.01.2024;21
"0301";"31564";"1001894";"3";0.000;-815.00;1026.00;0.00;02.01.2024;21
"0301";"31564";"1001894";"4";0.000;-815.00;1026.00;0.00;02.01.2024;21
"0301";"31564";"1001894";"5";0.000;-815.00;1026.00;0.00;02.01.2024;21
"0301";"31564";"1001894";"6";0.000;-815.00;1026.00;0.00;02.01.2024;21
"0301";"31564";"1001894";"7";0.000;-815.00;1026.00;0.00;02.01.2024;21
"0301";"31564";"1001896";" ";0.000;-232.00;1258.00;0.00;02.01.2024;21
"0301";"31564";"1001896";"1";0.000;-232.00;1258.00;0.00;02.01.2024;21
"0301";"31564";"1001896";"2";0.000;-232.00;1258.00;0.00;02.01.2024;21
"0301";"31564";"1001896";"3";0.000;-232.00;1258.00;0.00;02.01.2024;21
"0301";"31564";"1001896";"4";0.000;-232.00;1258.00;0.00;02.01.2024;21
"0301";"31564";"1001897";" ";0.000;-151.00;818.00;0.00;02.01.2024;21
"0301";"31564";"1001898";" ";0.000;-232.00;1258.00;0.00;02.01.2024;21
"0301";"31564";"1001898";"1";0.000;-232.00;1258.00;0.00;02.01.2024;21
"0301";"31564";"1001899";" ";0.000;-151.00;818.00;0.00;02.01.2024;21
"0301";"31564";"1002046";" ";0.000;-20.00;431.00;0.00;02.01.2024;21
"0301";"31564";"1002048";" ";0.000;-20.00;431.00;0.00;02.01.2024;21
"0301";"31564";"1002048";"1";0.000;-20.00;431.00;0.00;02.01.2024;21
"0301";"31564";"1002048";"2";0.000;-20.00;431.00;0.00;02.01.2024;21
"0301";"31564";"1002050";" ";0.000;-20.00;431.00;0.00;02.01.2024;21
"0301";"31564";"1002052";" ";0.000;-20.00;431.00;0.00;02.01.2024;21
"0301";"31564";"1002181";" ";0.000;-36.00;241.00;0.00;02.01.2024;21
"0301";"31564";"1002181";"1";89.000;-36.00;241.00;0.00;02.01.2024;21
"0301";"31564";"1002185";" ";0.000;-36.00;241.00;0.00;02.01.2024;21
"0301";"31564";"1002226";" ";0.000;-91.00;557.00;0.00;02.01.2024;21
"0301";"31564";"1002227";" ";0.000;-36.00;241.00;0.00;02.01.2024;21
"0301";"31564";"1002234";" ";0.000;-91.00;557.00;0.00;02.01.2024;21
"0301";"31564";"1002234";"1";0.000;-91.00;557.00;0.00;02.01.2024;21
"0301";"31564";"1002235";" ";0.000;-36.00;241.00;0.00;02.01.2024;21
"0301";"31564";"1002316";" ";0.000;-36.00;241.00;0.00;02.01.2024;21
"0301";"31564";"1002358";" ";0.000;-36.00;241.00;0.00;02.01.2024;21
"0301";"31564";"1002410";" ";0.000;-36.00;241.00;0.00;02.01.2024;21
"0301";"31564";"1002573";" ";0.000;-1167.00;1258.00;0.00;02.01.2024;21
"0301";"31564";"1002575";" ";0.000;-1167.00;1258.00;0.00;02.01.2024;21
"0301";"31564";"1002575";"1";0.000;-1167.00;1258.00;0.00;02.01.2024;21
"0301";"31564";"1002577";" ";0.000;-1624.00;1715.00;0.00;02.01.2024;21
"0301";"31564";"1002583";" ";0.000;-1317.00;1408.00;0.00;02.01.2024;21
"0301";"31564";"1002599";" ";0.000;-724.00;885.00;0.00;02.01.2024;21
"0301";"31564";"1002601";" ";0.000;-724.00;885.00;0.00;02.01.2024;21
"0301";"31564";"1002603";" ";0.000;-793.00;954.00;0.00;02.01.2024;21
"0301";"31564";"1002605";" ";0.000;-638.00;799.00;0.00;02.01.2024;21
"0301";"31564";"1002605";"1";0.000;-638.00;799.00;0.00;02.01.2024;21
"0301";"31564";"1002605";"2";0.000;-638.00;799.00;0.00;02.01.2024;21
"0301";"31564";"1002605";"3";0.000;-638.00;799.00;0.00;02.01.2024;21
"0301";"31564";"1002607";" ";0.000;-638.00;799.00;0.00;02.01.2024;21
"0301";"31564";"1002607";"1";0.000;-638.00;799.00;0.00;02.01.2024;21
"0301";"31564";"1002607";"2";0.000;-638.00;799.00;0.00;02.01.2024;21
"0301";"31564";"1002607";"3";0.000;-638.00;799.00;0.00;02.01.2024;21
"0301";"31564";"1002609";" ";0.000;-945.00;1106.00;0.00;02.01.2024;21
"0301";"31564";"1002615";" ";0.000;-793.00;954.00;0.00;02.01.2024;21
"0301";"31564";"1002615";"1";0.000;-793.00;954.00;0.00;02.01.2024;21
"0301";"31564";"1002631";" ";0.000;-1015.00;1258.00;0.00;02.01.2024;21
"0301";"31564";"1002633";" ";0.000;-1319.00;1562.00;0.00;02.01.2024;21
"0301";"31564";"1002644";" ";0.000;-28.00;82.00;0.00;02.01.2024;21
"0301";"31564";"1002645";" ";0.000;-28.00;82.00;0.00;02.01.2024;21
"0301";"31564";"1002646";" ";0.000;-28.00;82.00;0.00;02.01.2024;21
"0301";"31564";"1002649";" ";0.000;-28.00;82.00;0.00;02.01.2024;21
"0301";"31564";"1002657";" ";0.000;-45.00;99.00;0.00;02.01.2024;21
"0301";"31564";"1002658";" ";0.000;-45.00;99.00;0.00;02.01.2024;21
"0301";"31564";"1002659";" ";0.000;-169.00;223.00;0.00;02.01.2024;21
"0301";"31564";"1002660";" ";0.000;-169.00;223.00;0.00;02.01.2024;21
"0301";"31564";"1002661";" ";0.000;-169.00;223.00;0.00;02.01.2024;21
"0301";"31564";"1002662";" ";0.000;-169.00;223.00;0.00;02.01.2024;21
"0301";"31564";"1002663";" ";0.000;-169.00;223.00;0.00;02.01.2024;21
"0301";"31564";"1002664";" ";0.000;-169.00;223.00;0.00;02.01.2024;21
"0301";"31564";"1002665";" ";0.000;-935.00;1026.00;0.00;02.01.2024;21
"0301";"31564";"1002667";" ";0.000;-1015.00;1106.00;0.00;02.01.2024;21
"0301";"31564";"1002671";" ";0.000;-1015.00;1106.00;0.00;02.01.2024;21
"0301";"31564";"1002671";"1";0.000;-1015.00;1106.00;0.00;02.01.2024;21
"0301";"31564";"1002679";" ";0.000;-935.00;1026.00;0.00;02.01.2024;21
"0301";"31564";"1002707";" ";0.000;-580.00;741.00;0.00;02.01.2024;21
"0301";"31564";"1002707";"1";0.000;-580.00;741.00;0.00;02.01.2024;21
"0301";"31564";"1002707";"2";0.000;-580.00;741.00;0.00;02.01.2024;21
"0301";"31564";"1002707";"3";0.000;-580.00;741.00;0.00;02.01.2024;21
"0301";"31564";"1002707";"4";0.000;-580.00;741.00;0.00;02.01.2024;21
"0301";"31564";"1002707";"5";0.000;-580.00;741.00;0.00;02.01.2024;21
"0301";"31564";"1002707";"6";0.000;-580.00;741.00;0.00;02.01.2024;21
"0301";"31564";"1002709";" ";0.000;-638.00;799.00;0.00;02.01.2024;21
"0301";"31564";"1002709";"1";0.000;-638.00;799.00;0.00;02.01.2024;21
"0301";"31564";"1002713";" ";0.000;-638.00;799.00;0.00;02.01.2024;21
"0301";"31564";"1002713";"1";0.000;-638.00;799.00;0.00;02.01.2024;21
"0301";"31564";"1002721";" ";4.000;-580.00;741.00;0.00;02.01.2024;21
"0301";"31564";"1002721";"1";0.000;-580.00;741.00;0.00;02.01.2024;21
"0301";"31564";"1002721";"2";0.000;-580.00;741.00;0.00;02.01.2024;21
"0301";"31564";"1002721";"3";0.000;-580.00;741.00;0.00;02.01.2024;21
"0301";"31564";"1002721";"4";0.000;-580.00;741.00;0.00;02.01.2024;21
"0301";"31564";"1002721";"5";0.000;-580.00;741.00;0.00;02.01.2024;21
"0301";"31564";"1002721";"6";0.000;-580.00;741.00;0.00;02.01.2024;21
"0301";"31564";"1002729";" ";0.000;-638.00;799.00;0.00;02.01.2024;21
"0301";"31564";"1002735";" ";0.000;-638.00;799.00;0.00;02.01.2024;21
"0301";"31564";"1002739";" ";0.000;-488.00;649.00;0.00;02.01.2024;21
"0301";"31564";"1002739";"1";0.000;-488.00;649.00;0.00;02.01.2024;21
"0301";"31564";"1002739";"2";0.000;-488.00;649.00;0.00;02.01.2024;21
"0301";"31564";"1002743";" ";0.000;-270.00;431.00;0.00;02.01.2024;21
"0301";"31564";"1002743";"1";0.000;-270.00;431.00;0.00;02.01.2024;21
"0301";"31564";"1002743";"2";0.000;-270.00;431.00;0.00;02.01.2024;21
"0301";"31564";"1002743";"3";0.000;-270.00;431.00;0.00;02.01.2024;21
"0301";"31564";"1002743";"4";0.000;-270.00;431.00;0.00;02.01.2024;21
"0301";"31564";"1002743";"5";0.000;-270.00;431.00;0.00;02.01.2024;21
"0301";"31564";"1002743";"6";0.000;-270.00;431.00;0.00;02.01.2024;21
"0301";"31564";"1002743";"7";0.000;-270.00;431.00;0.00;02.01.2024;21
"0301";"31564";"1002751";" ";0.000;-488.00;649.00;0.00;02.01.2024;21
"0301";"31564";"1002751";"1";0.000;-488.00;649.00;0.00;02.01.2024;21
"0301";"31564";"1002751";"2";0.000;-488.00;649.00;0.00;02.01.2024;21
"0301";"31564";"1002751";"3";0.000;-488.00;649.00;0.00;02.01.2024;21
"0301";"31564";"1002751";"4";0.000;-488.00;649.00;0.00;02.01.2024;21
"0301";"31564";"1002751";"5";0.000;-488.00;649.00;0.00;02.01.2024;21
"0301";"31564";"1002753";" ";2.180;-488.00;649.00;0.00;02.01.2024;21
"0301";"31564";"1002753";"1";0.000;-488.00;649.00;0.00;02.01.2024;21
"0301";"31564";"1002753";"2";0.000;-488.00;649.00;0.00;02.01.2024;21
"0301";"31564";"1002753";"3";0.000;-488.00;649.00;0.00;02.01.2024;21
"0301";"31564";"1002753";"4";0.000;-488.00;649.00;0.00;02.01.2024;21
"0301";"31564";"1002753";"5";0.000;-488.00;649.00;0.00;02.01.2024;21
"0301";"31564";"1002753";"6";0.000;-488.00;649.00;0.00;02.01.2024;21
"0301";"31564";"1002753";"7";0.000;-488.00;649.00;0.00;02.01.2024;21
"0301";"31564";"1002759";" ";0.000;-580.00;741.00;0.00;02.01.2024;21
"0301";"31564";"1002759";"1";0.000;-580.00;741.00;0.00;02.01.2024;21
"0301";"31564";"1002761";" ";0.000;-488.00;649.00;0.00;02.01.2024;21
"0301";"31564";"1002761";"1";0.000;-488.00;649.00;0.00;02.01.2024;21
"0301";"31564";"1002761";"2";0.000;-488.00;649.00;0.00;02.01.2024;21
"0301";"31564";"1002761";"3";0.000;-488.00;649.00;0.00;02.01.2024;21
"0301";"31564";"1002761";"4";0.000;-488.00;649.00;0.00;02.01.2024;21
"0301";"31564";"1002761";"5";0.000;-488.00;649.00;0.00;02.01.2024;21
"0301";"31564";"1002761";"6";0.000;-488.00;649.00;0.00;02.01.2024;21
"0301";"31564";"1002765";" ";0.000;-580.00;741.00;0.00;02.01.2024;21
"0301";"31564";"1002765";"1";0.000;-580.00;741.00;0.00;02.01.2024;21
"0301";"31564";"1002769";" ";0.000;-488.00;649.00;0.00;02.01.2024;21
"0301";"31564";"1002769";"1";0.000;-488.00;649.00;0.00;02.01.2024;21
"0301";"31564";"1002769";"2";0.000;-488.00;649.00;0.00;02.01.2024;21
"0301";"31564";"1002769";"3";0.000;-488.00;649.00;0.00;02.01.2024;21
"0301";"31564";"1002829";" ";0.000;-556.00;799.00;0.00;02.01.2024;21
"0301";"31564";"1002831";" ";0.000;-556.00;799.00;0.00;02.01.2024;21
"0301";"31564";"1002833";" ";0.000;-556.00;799.00;0.00;02.01.2024;21
"0301";"31564";"1002833";"1";0.000;-556.00;799.00;0.00;02.01.2024;21
"0301";"31564";"1002841";" ";0.000;-711.00;954.00;0.00;02.01.2024;21
"0301";"31564";"1002843";" ";0.000;-711.00;954.00;0.00;02.01.2024;21
"0301";"31564";"1002843";"1";0.000;-711.00;954.00;0.00;02.01.2024;21
"0301";"31564";"1002843";"2";0.000;-711.00;954.00;0.00;02.01.2024;21
"0301";"31564";"1002847";" ";0.000;-711.00;954.00;0.00;02.01.2024;21
"0301";"31564";"1002847";"1";0.000;-711.00;954.00;0.00;02.01.2024;21
"0301";"31564";"1002847";"2";0.000;-711.00;954.00;0.00;02.01.2024;21
"0301";"31564";"1002847";"3";0.000;-711.00;954.00;0.00;02.01.2024;21
"0301";"31564";"1002861";" ";0.000;-12.00;66.00;0.00;02.01.2024;21
"0301";"31564";"1002861";"1";0.000;-12.00;66.00;0.00;02.01.2024;21
"0301";"31564";"1002864";" ";0.000;-12.00;66.00;0.00;02.01.2024;21
"0301";"31564";"1002864";"1";0.000;-12.00;66.00;0.00;02.01.2024;21
"0301";"31564";"1002864";"2";0.000;-12.00;66.00;0.00;02.01.2024;21
"0301";"31564";"1002864";"3";0.000;-12.00;66.00;0.00;02.01.2024;21
"0301";"31564";"1002864";"4";0.000;-12.00;66.00;0.00;02.01.2024;21
"0301";"31564";"1002864";"5";0.000;-12.00;66.00;0.00;02.01.2024;21
"0301";"31564";"1002877";" ";0.000;-28.00;82.00;0.00;02.01.2024;21
"0301";"31564";"1002878";" ";0.000;-28.00;82.00;0.00;02.01.2024;21
"0301";"31564";"1002880";" ";0.000;-28.00;82.00;0.00;02.01.2024;21
"0301";"31564";"1002881";" ";0.000;-28.00;82.00;0.00;02.01.2024;21
"0301";"31564";"1002884";" ";0.000;-28.00;82.00;0.00;02.01.2024;21
"0301";"31564";"1002885";" ";0.000;-28.00;82.00;0.00;02.01.2024;21
"0301";"31564";"1002886";" ";0.000;-28.00;82.00;0.00;02.01.2024;21
"0301";"31564";"1002889";" ";0.000;-28.00;82.00;0.00;02.01.2024;21
"0301";"31564";"1002891";" ";0.000;-28.00;82.00;0.00;02.01.2024;21
"0301";"31564";"1002893";" ";0.000;-67.00;121.00;0.00;02.01.2024;21
"0301";"31564";"1002894";" ";0.000;-67.00;121.00;0.00;02.01.2024;21
"0301";"31564";"1002896";" ";0.000;-67.00;121.00;0.00;02.01.2024;21
"0301";"31564";"1002901";" ";0.000;-67.00;121.00;0.00;02.01.2024;21
"0301";"31564";"1002913";" ";0.000;-45.00;99.00;0.00;02.01.2024;21
"0301";"31564";"1002914";" ";0.000;-45.00;99.00;0.00;02.01.2024;21
"0301";"31564";"1002916";" ";0.000;-45.00;99.00;0.00;02.01.2024;21
"0301";"31564";"1002920";" ";0.000;-45.00;99.00;0.00;02.01.2024;21
"0301";"31564";"1002924";" ";0.000;-169.00;223.00;0.00;02.01.2024;21
"0301";"31564";"1002925";" ";0.000;-169.00;223.00;0.00;02.01.2024;21
"0301";"31564";"1002927";" ";0.000;-169.00;223.00;0.00;02.01.2024;21
"0301";"31564";"1002932";" ";0.000;-169.00;223.00;0.00;02.01.2024;21
"0301";"31564";"1002936";" ";0.000;-169.00;223.00;0.00;02.01.2024;21
"0301";"31564";"1002937";" ";0.000;-169.00;223.00;0.00;02.01.2024;21
"0301";"31564";"1002939";" ";0.000;-169.00;223.00;0.00;02.01.2024;21
"0301";"31564";"1002944";" ";0.000;-169.00;223.00;0.00;02.01.2024;21
"0301";"31564";"1003016";" ";0.000;-638.00;799.00;0.00;02.01.2024;21
"0301";"31564";"1003018";" ";0.000;-638.00;799.00;0.00;02.01.2024;21
"0301";"31564";"1003020";" ";0.000;-638.00;799.00;0.00;02.01.2024;21
"0301";"31564";"1003022";" ";0.000;-638.00;799.00;0.00;02.01.2024;21
"0301";"31564";"1003022";"1";0.000;-638.00;799.00;0.00;02.01.2024;21
"0301";"31564";"1003024";" ";0.000;-638.00;799.00;0.00;02.01.2024;21
"0301";"31564";"1003024";"1";0.000;-638.00;799.00;0.00;02.01.2024;21
"0301";"31564";"1003024";"2";0.000;-638.00;799.00;0.00;02.01.2024;21
"0301";"31564";"1003026";" ";0.000;-638.00;799.00;0.00;02.01.2024;21
"0301";"31564";"1003026";"2";0.000;-638.00;799.00;0.00;02.01.2024;21
"0301";"31564";"1003026";"3";0.000;-638.00;799.00;0.00;02.01.2024;21
"0301";"31564";"1003028";" ";0.000;-724.00;885.00;0.00;02.01.2024;21
"0301";"31564";"1003030";" ";0.000;-724.00;885.00;0.00;02.01.2024;21
"0301";"31564";"1003032";" ";0.000;-863.00;1106.00;0.00;02.01.2024;21
"0301";"31564";"1003032";"1";0.000;-863.00;1106.00;0.00;02.01.2024;21
"0301";"31564";"1003034";" ";0.000;-863.00;1106.00;0.00;02.01.2024;21
"0301";"31564";"1003034";"1";0.000;-863.00;1106.00;0.00;02.01.2024;21
"0301";"31564";"1003056";" ";0.000;-1015.00;1258.00;0.00;02.01.2024;21
"0301";"31564";"1003056";"1";0.000;-1015.00;1258.00;0.00;02.01.2024;21
"0301";"31564";"1003058";" ";0.000;-1015.00;1258.00;0.00;02.01.2024;21
"0301";"31564";"1003080";" ";0.000;-1165.00;1408.00;0.00;02.01.2024;21
"0301";"31564";"1003082";" ";0.000;-1165.00;1408.00;0.00;02.01.2024;21
"0301";"31564";"1003084";" ";0.000;-1165.00;1408.00;0.00;02.01.2024;21
"0301";"31564";"1003086";" ";0.000;-1165.00;1408.00;0.00;02.01.2024;21
"0301";"31564";"1003088";" ";0.000;-863.00;1106.00;0.00;02.01.2024;21
"0301";"31564";"1003090";" ";0.000;-863.00;1106.00;0.00;02.01.2024;21
"0301";"31564";"1003108";" ";0.000;-1015.00;1258.00;0.00;02.01.2024;21
"0301";"31564";"1003110";" ";0.000;-1015.00;1258.00;0.00;02.01.2024;21
"0301";"31564";"1003153";" ";0.000;-36.00;241.00;0.00;02.01.2024;21
"0301";"31564";"1003161";" ";0.000;-36.00;241.00;0.00;02.01.2024;21
"0301";"31564";"1003239";" ";0.000;-36.00;241.00;0.00;02.01.2024;21
"0301";"31564";"1003243";" ";0.000;-36.00;241.00;0.00;02.01.2024;21
"0301";"31564";"1003251";" ";0.000;-36.00;241.00;0.00;02.01.2024;21
"0301";"31564";"1003259";" ";0.000;-36.00;241.00;0.00;02.01.2024;21
"0301";"31564";"1003259";"1";0.000;-36.00;241.00;0.00;02.01.2024;21
"0301";"31564";"1003259";"2";0.000;-36.00;241.00;0.00;02.01.2024;21
"0301";"31564";"1003259";"3";0.000;-36.00;241.00;0.00;02.01.2024;21
"0301";"31564";"1003285";" ";0.000;-36.00;241.00;0.00;02.01.2024;21
"0301";"31564";"1004580";" ";0.000;-92.00;649.00;0.00;02.01.2024;21
"0301";"31564";"1004581";" ";0.000;-74.00;519.00;0.00;02.01.2024;21
"0301";"31564";"1004582";" ";0.000;-92.00;649.00;0.00;02.01.2024;21
"0301";"31564";"1004583";" ";0.000;-74.00;519.00;0.00;02.01.2024;21
"0301";"31564";"1004584";" ";0.000;-92.00;649.00;0.00;02.01.2024;21
"0301";"31564";"1004585";" ";0.000;-74.00;519.00;0.00;02.01.2024;21
"0301";"31564";"1004586";" ";0.000;-92.00;649.00;0.00;02.01.2024;21
"0301";"31564";"1004587";" ";0.000;-74.00;519.00;0.00;02.01.2024;21
"0301";"31564";"1004588";" ";0.000;-92.00;649.00;0.00;02.01.2024;21
"0301";"31564";"1004589";" ";0.000;-74.00;519.00;0.00;02.01.2024;21
"0301";"31564";"1004590";" ";0.000;-92.00;649.00;0.00;02.01.2024;21
"0301";"31564";"1004591";" ";0.000;-74.00;519.00;0.00;02.01.2024;21
"0301";"31564";"1004714";" ";0.000;-580.00;741.00;0.00;02.01.2024;21
"0301";"31564";"1004716";" ";0.000;-638.00;799.00;0.00;02.01.2024;21
"0301";"31564";"1004720";" ";0.000;-638.00;799.00;0.00;02.01.2024;21
"0301";"31564";"1004720";"1";0.000;-638.00;799.00;0.00;02.01.2024;21
"0301";"31564";"1004720";"2";0.000;-638.00;799.00;0.00;02.01.2024;21
"0301";"31564";"1004722";" ";0.000;-153.00;207.00;0.00;02.01.2024;21
"0301";"31564";"1004723";" ";0.000;-153.00;207.00;0.00;02.01.2024;21
"0301";"31564";"1004723";"1";0.000;-153.00;207.00;0.00;02.01.2024;21
"0301";"31564";"1004724";" ";0.000;-153.00;207.00;0.00;02.01.2024;21
"0301";"31564";"1004724";"1";0.000;-153.00;207.00;0.00;02.01.2024;21
"0301";"31564";"1004724";"2";0.000;-153.00;207.00;0.00;02.01.2024;21
"0301";"31564";"1004724";"3";0.000;-153.00;207.00;0.00;02.01.2024;21
"0301";"31564";"1004726";" ";0.000;-45.00;99.00;0.00;02.01.2024;21
"0301";"31564";"1004727";" ";0.000;-169.00;223.00;0.00;02.01.2024;21
"0301";"31564";"1004728";" ";0.000;-169.00;223.00;0.00;02.01.2024;21
"0301";"31564";"1005001";" ";0.000;-36.00;241.00;0.00;02.01.2024;21
"0301";"31564";"1005009";" ";0.000;-36.00;241.00;0.00;02.01.2024;21
"0301";"31564";"1005011";" ";0.000;-36.00;241.00;0.00;02.01.2024;21
"0301";"31564";"1005017";" ";0.000;-36.00;241.00;0.00;02.01.2024;21
"0301";"31564";"1005059";" ";0.000;-36.00;241.00;0.00;02.01.2024;21
"0301";"31564";"1005067";" ";0.000;-36.00;241.00;0.00;02.01.2024;21
"0301";"31564";"1005069";" ";0.000;-36.00;241.00;0.00;02.01.2024;21
"0301";"31564";"1005075";" ";0.000;-36.00;241.00;0.00;02.01.2024;21
"0301";"31564";"1005142";" ";0.000;-642.00;885.00;0.00;02.01.2024;21
"0301";"31564";"1005144";" ";0.000;-642.00;885.00;0.00;02.01.2024;21
"0301";"31564";"1005146";" ";0.000;-642.00;885.00;0.00;02.01.2024;21
"0301";"31564";"1005148";" ";0.000;-642.00;885.00;0.00;02.01.2024;21
"0301";"31564";"1005152";" ";0.000;-642.00;885.00;0.00;02.01.2024;21
"0301";"31564";"1005154";" ";0.000;-642.00;885.00;0.00;02.01.2024;21
"0301";"31564";"1005156";" ";0.000;-642.00;885.00;0.00;02.01.2024;21
"0301";"31564";"1005158";" ";0.000;-642.00;885.00;0.00;02.01.2024;21
"0301";"31564";"1005160";" ";0.000;-624.00;799.00;0.00;02.01.2024;21
"0301";"31564";"1005162";" ";0.000;-624.00;799.00;0.00;02.01.2024;21
"0301";"31564";"1005164";" ";0.000;-624.00;799.00;0.00;02.01.2024;21
"0301";"31564";"1005166";" ";0.000;-624.00;799.00;0.00;02.01.2024;21
"0301";"31564";"1005358";" ";0.000;-724.00;885.00;0.00;02.01.2024;21
"0301";"31564";"1005362";" ";0.000;-638.00;799.00;0.00;02.01.2024;21
"0301";"31564";"1005362";"1";0.000;-638.00;799.00;0.00;02.01.2024;21
"0301";"31564";"1005362";"2";0.000;-638.00;799.00;0.00;02.01.2024;21
"0301";"31564";"1005366";" ";0.000;-1015.00;1258.00;0.00;02.01.2024;21
"0301";"31564";"1005368";" ";0.000;-1015.00;1258.00;0.00;02.01.2024;21
"0301";"31564";"1005370";" ";0.000;-1015.00;1258.00;0.00;02.01.2024;21
"0301";"31564";"1005378";" ";0.000;-1167.00;1258.00;0.00;02.01.2024;21
"0301";"31564";"1005382";" ";0.000;-153.00;207.00;0.00;02.01.2024;21
"0301";"31564";"1005383";" ";0.000;-153.00;207.00;0.00;02.01.2024;21
"0301";"31564";"1005384";" ";0.000;-153.00;207.00;0.00;02.01.2024;21
"0301";"31564";"1005385";" ";0.000;-169.00;223.00;0.00;02.01.2024;21
"0301";"31564";"1005386";" ";0.000;-153.00;207.00;0.00;02.01.2024;21
"0301";"31564";"1005388";" ";0.000;-28.00;82.00;0.00;02.01.2024;21
"0301";"31564";"1005390";" ";0.000;-45.00;99.00;0.00;02.01.2024;21
"0301";"31564";"1005399";" ";0.000;-793.00;954.00;0.00;02.01.2024;21
"0301";"31564";"1005401";" ";0.000;-724.00;885.00;0.00;02.01.2024;21
"0301";"31564";"1005401";"1";0.000;-724.00;885.00;0.00;02.01.2024;21
"0301";"31564";"1005403";" ";0.000;-724.00;885.00;0.00;02.01.2024;21
"0301";"31564";"1005408";" ";0.000;-724.00;885.00;0.00;02.01.2024;21
"0301";"31564";"1005418";" ";0.000;-488.00;649.00;0.00;02.01.2024;21
"0301";"31564";"1005418";"1";0.000;-488.00;649.00;0.00;02.01.2024;21
"0301";"31564";"1005420";" ";0.000;-488.00;649.00;0.00;02.01.2024;21
"0301";"31564";"1005425";" ";0.000;-488.00;649.00;0.00;02.01.2024;21
"0301";"31564";"1005425";"1";0.000;-488.00;649.00;0.00;02.01.2024;21
"0301";"31564";"1005427";" ";0.000;-556.00;799.00;0.00;02.01.2024;21
"0301";"31564";"1005427";"1";0.000;-556.00;799.00;0.00;02.01.2024;21
"0301";"31564";"1005435";" ";0.000;-711.00;954.00;0.00;02.01.2024;21
"0301";"31564";"1005437";" ";0.000;-711.00;954.00;0.00;02.01.2024;21
"0301";"31564";"1005441";" ";0.000;-711.00;954.00;0.00;02.01.2024;21
"0301";"31564";"1005445";" ";0.000;-711.00;954.00;0.00;02.01.2024;21
"0301";"31564";"1005449";" ";0.000;-863.00;1106.00;0.00;02.01.2024;21
"0301";"31564";"1005451";" ";0.000;-863.00;1106.00;0.00;02.01.2024;21
"0301";"31564";"1005455";" ";0.000;-863.00;1106.00;0.00;02.01.2024;21
"0301";"31564";"1005459";" ";0.000;-863.00;1106.00;0.00;02.01.2024;21
"0301";"31564";"1005459";"1";0.000;-863.00;1106.00;0.00;02.01.2024;21
"0301";"31564";"1005463";" ";0.000;-711.00;954.00;0.00;02.01.2024;21
"0301";"31564";"1005482";" ";0.000;-153.00;207.00;0.00;02.01.2024;21
"0301";"31564";"1005482";"1";0.000;-153.00;207.00;0.00;02.01.2024;21
"0301";"31564";"1005482";"2";0.000;-153.00;207.00;0.00;02.01.2024;21
"0301";"31564";"1005482";"3";0.000;-153.00;207.00;0.00;02.01.2024;21
"0301";"31564";"1005483";" ";0.000;-935.00;1026.00;0.00;02.01.2024;21
"0301";"31564";"1005491";" ";0.000;-67.00;121.00;0.00;02.01.2024;21
"0301";"31564";"1005501";" ";0.000;-1015.00;1258.00;0.00;02.01.2024;21
"0301";"31564";"1005503";" ";0.000;-1165.00;1408.00;0.00;02.01.2024;21
"0301";"31564";"1005505";" ";0.000;-1165.00;1408.00;0.00;02.01.2024;21
"0301";"31564";"1005513";" ";0.000;-638.00;799.00;0.00;02.01.2024;21
"0301";"31564";"1005515";" ";0.000;-638.00;799.00;0.00;02.01.2024;21
"0301";"31564";"1005517";" ";0.000;-638.00;799.00;0.00;02.01.2024;21
"0301";"31564";"1005519";" ";0.000;-724.00;885.00;0.00;02.01.2024;21
"0301";"31564";"1005521";" ";0.000;-1015.00;1258.00;0.00;02.01.2024;21
"0301";"31564";"1005686";" ";0.000;-556.00;799.00;0.00;02.01.2024;21
"0301";"31564";"1005688";" ";0.000;-556.00;799.00;0.00;02.01.2024;21
"0301";"31564";"1005690";" ";0.000;-556.00;799.00;0.00;02.01.2024;21
"0301";"31564";"1005692";" ";0.000;-556.00;799.00;0.00;02.01.2024;21
"0301";"31564";"1006213";" ";0.000;-443.00;497.00;0.00;02.01.2024;21
"0301";"31564";"1006214";" ";0.000;-443.00;497.00;0.00;02.01.2024;21
"0301";"31564";"1006215";" ";0.000;-443.00;497.00;0.00;02.01.2024;21
"0301";"31564";"1006216";" ";0.000;-443.00;497.00;0.00;02.01.2024;21
"0301";"31564";"1006217";" ";0.000;-443.00;497.00;0.00;02.01.2024;21
"0301";"31564";"1006219";" ";0.000;-45.00;99.00;0.00;02.01.2024;21
"0301";"31564";"1006220";" ";0.000;-169.00;223.00;0.00;02.01.2024;21
"0301";"31564";"1006221";" ";0.000;-169.00;223.00;0.00;02.01.2024;21
"0301";"31564";"1006222";" ";0.000;-865.00;1026.00;0.00;02.01.2024;21
"0301";"31564";"1006224";" ";0.000;-724.00;885.00;0.00;02.01.2024;21
"0301";"31564";"1006227";" ";0.000;-443.00;497.00;0.00;02.01.2024;21
"0301";"31564";"1006228";" ";0.000;-443.00;497.00;0.00;02.01.2024;21
"0301";"31564";"1006230";" ";0.000;-443.00;497.00;0.00;02.01.2024;21
"0301";"31564";"1006233";" ";0.000;-443.00;497.00;0.00;02.01.2024;21
"0301";"31564";"1006348";" ";0.000;-155.00;954.00;0.00;02.01.2024;21
"0301";"31564";"1006349";" ";0.000;-155.00;954.00;0.00;02.01.2024;21
"0301";"31564";"1006350";" ";0.000;-155.00;954.00;0.00;02.01.2024;21
"0301";"31564";"1006350";"1";0.000;-155.00;954.00;0.00;02.01.2024;21
"0301";"31564";"1006350";"2";0.000;-155.00;954.00;0.00;02.01.2024;21
"0301";"31564";"1006350";"3";0.000;-155.00;954.00;0.00;02.01.2024;21
"0301";"31564";"1006350";"4";0.000;-155.00;954.00;0.00;02.01.2024;21
"0301";"31564";"1006350";"5";0.000;-155.00;954.00;0.00;02.01.2024;21
"0301";"31564";"1006350";"6";0.000;-155.00;954.00;0.00;02.01.2024;21
"0301";"31564";"1006350";"7";0.000;-155.00;954.00;0.00;02.01.2024;21
"0301";"31564";"1006351";" ";0.000;-155.00;954.00;0.00;02.01.2024;21
"0301";"31564";"1006351";"1";0.000;-155.00;954.00;0.00;02.01.2024;21
"0301";"31564";"1006351";"2";0.000;-155.00;954.00;0.00;02.01.2024;21
"0301";"31564";"1006351";"3";0.000;-155.00;954.00;0.00;02.01.2024;21
"0301";"31564";"1006351";"4";0.000;-155.00;954.00;0.00;02.01.2024;21
"0301";"31564";"1006351";"5";0.000;-155.00;954.00;0.00;02.01.2024;21
"0301";"31564";"1006351";"6";0.000;-155.00;954.00;0.00;02.01.2024;21
"0301";"31564";"1006351";"7";0.000;-155.00;954.00;0.00;02.01.2024;21
"0301";"31564";"1006428";" ";0.000;-150.00;799.00;0.00;02.01.2024;21
"0301";"31564";"1006428";"1";0.000;-150.00;799.00;0.00;02.01.2024;21
"0301";"31564";"1006428";"2";0.000;-150.00;799.00;0.00;02.01.2024;21
"0301";"31564";"1006428";"3";0.000;-150.00;799.00;0.00;02.01.2024;21
"0301";"31564";"1006430";" ";0.000;-150.00;799.00;0.00;02.01.2024;21
"0301";"31564";"1006430";"1";0.000;-150.00;799.00;0.00;02.01.2024;21
"0301";"31564";"1006430";"2";0.000;-150.00;799.00;0.00;02.01.2024;21
"0301";"31564";"1006431";" ";0.000;-73.00;362.00;0.00;02.01.2024;21
"0301";"31564";"1006435";" ";0.000;-86.00;885.00;0.00;02.01.2024;21
"0301";"31564";"1006436";" ";0.000;-56.00;575.00;0.00;02.01.2024;21
"0301";"31564";"1006437";" ";0.000;-86.00;885.00;0.00;02.01.2024;21
"0301";"31564";"1006437";"1";0.000;-86.00;885.00;0.00;02.01.2024;21
"0301";"31564";"1006438";" ";0.000;-56.00;575.00;0.00;02.01.2024;21
"0301";"31564";"1006439";" ";0.000;-86.00;885.00;0.00;02.01.2024;21
"0301";"31564";"1006440";" ";0.000;-56.00;575.00;0.00;02.01.2024;21
"0301";"31564";"1006441";" ";0.000;-86.00;885.00;0.00;02.01.2024;21
"0301";"31564";"1006442";" ";0.000;-56.00;575.00;0.00;02.01.2024;21
"0301";"31564";"1006449";" ";0.000;-80.00;1106.00;0.00;02.01.2024;21
"0301";"31564";"1006450";" ";0.000;-52.00;719.00;0.00;02.01.2024;21
"0301";"31564";"1006451";" ";0.000;-80.00;1106.00;0.00;02.01.2024;21
"0301";"31564";"1006452";" ";0.000;-52.00;719.00;0.00;02.01.2024;21
"0301";"31564";"1006453";" ";0.000;-80.00;1106.00;0.00;02.01.2024;21
"0301";"31564";"1006453";"2";0.000;-80.00;1106.00;0.00;02.01.2024;21
"0301";"31564";"1006453";"3";0.000;-80.00;1106.00;0.00;02.01.2024;21
"0301";"31564";"1006454";" ";0.000;-52.00;719.00;0.00;02.01.2024;21
"0301";"31564";"1006455";" ";0.000;-80.00;1106.00;0.00;02.01.2024;21
"0301";"31564";"1006455";"1";0.000;-80.00;1106.00;0.00;02.01.2024;21
"0301";"31564";"1006456";" ";0.000;-52.00;719.00;0.00;02.01.2024;21
"0301";"31564";"1006457";" ";0.000;-152.00;1258.00;0.00;02.01.2024;21
"0301";"31564";"1006458";" ";0.000;-99.00;818.00;0.00;02.01.2024;21
"0301";"31564";"1006459";" ";0.000;-152.00;1258.00;0.00;02.01.2024;21
"0301";"31564";"1006459";"1";0.000;-152.00;1258.00;0.00;02.01.2024;21
"0301";"31564";"1006460";" ";0.000;-99.00;818.00;0.00;02.01.2024;21
"0301";"31564";"1006461";" ";0.000;-152.00;1258.00;0.00;02.01.2024;21
"0301";"31564";"1006461";"1";0.000;-152.00;1258.00;0.00;02.01.2024;21
"0301";"31564";"1006462";" ";0.000;-99.00;818.00;0.00;02.01.2024;21
"0301";"31564";"1006463";" ";0.000;-152.00;1258.00;0.00;02.01.2024;21
"0301";"31564";"1006465";" ";0.000;-152.00;1258.00;0.00;02.01.2024;21
"0301";"31564";"1006466";" ";0.000;-99.00;818.00;0.00;02.01.2024;21
"0301";"31564";"1006467";" ";0.000;-152.00;1258.00;0.00;02.01.2024;21
"0301";"31564";"1006468";" ";0.000;-99.00;818.00;0.00;02.01.2024;21
"0301";"31564";"1006469";" ";0.000;-152.00;1258.00;0.00;02.01.2024;21
"0301";"31564";"1006469";"1";0.000;-152.00;1258.00;0.00;02.01.2024;21
"0301";"31564";"1006470";" ";0.000;-99.00;818.00;0.00;02.01.2024;21
"0301";"31564";"1006471";" ";0.000;-152.00;1258.00;0.00;02.01.2024;21
"0301";"31564";"1006471";"1";0.000;-152.00;1258.00;0.00;02.01.2024;21
"0301";"31564";"1006472";" ";0.000;-99.00;818.00;0.00;02.01.2024;21
"0301";"31564";"1006473";" ";0.000;141.00;885.00;0.00;02.01.2024;21
"0301";"31564";"1006473";"1";0.000;141.00;885.00;0.00;02.01.2024;21
"0301";"31564";"1006474";" ";0.000;92.00;575.00;0.00;02.01.2024;21
"0301";"31564";"1006475";" ";0.000;141.00;885.00;0.00;02.01.2024;21
"0301";"31564";"1006475";"1";0.000;141.00;885.00;0.00;02.01.2024;21
"0301";"31564";"1006476";" ";0.000;92.00;575.00;0.00;02.01.2024;21
"0301";"31564";"1006477";" ";0.000;141.00;885.00;0.00;02.01.2024;21
"0301";"31564";"1006478";" ";0.000;92.00;575.00;0.00;02.01.2024;21
"0301";"31564";"1006479";" ";0.000;141.00;885.00;0.00;02.01.2024;21
"0301";"31564";"1006480";" ";0.000;92.00;575.00;0.00;02.01.2024;21
"0301";"31564";"1006481";" ";0.000;80.00;1026.00;0.00;02.01.2024;21
"0301";"31564";"1006481";"1";0.000;80.00;1026.00;0.00;02.01.2024;21
"0301";"31564";"1006482";" ";0.000;52.00;667.00;0.00;02.01.2024;21
"0301";"31564";"1006483";" ";0.000;80.00;1026.00;0.00;02.01.2024;21
"0301";"31564";"1006483";"1";0.000;80.00;1026.00;0.00;02.01.2024;21
"0301";"31564";"1006484";" ";0.000;52.00;667.00;0.00;02.01.2024;21
"0301";"31564";"1006485";" ";0.000;80.00;1026.00;0.00;02.01.2024;21
"0301";"31564";"1006486";" ";0.000;52.00;667.00;0.00;02.01.2024;21
"0301";"31564";"1006487";" ";0.000;80.00;1026.00;0.00;02.01.2024;21
"0301";"31564";"1006488";" ";0.000;52.00;667.00;0.00;02.01.2024;21
"0301";"31564";"1006489";" ";0.000;80.00;1026.00;0.00;02.01.2024;21
"0301";"31564";"1006491";" ";0.000;80.00;1026.00;0.00;02.01.2024;21
"0301";"31564";"1006492";" ";0.000;52.00;667.00;0.00;02.01.2024;21
"0301";"31564";"1006493";" ";0.000;80.00;1026.00;0.00;02.01.2024;21
"0301";"31564";"1006493";"1";0.000;80.00;1026.00;0.00;02.01.2024;21
"0301";"31564";"1006495";" ";0.000;80.00;1026.00;0.00;02.01.2024;21
"0301";"31564";"1006496";" ";0.000;52.00;667.00;0.00;02.01.2024;21
"0301";"31564";"1006525";" ";0.000;-152.00;1106.00;0.00;02.01.2024;21
"0301";"31564";"1006526";" ";0.000;-99.00;719.00;0.00;02.01.2024;21
"0301";"31564";"1006527";" ";0.000;-152.00;1106.00;0.00;02.01.2024;21
"0301";"31564";"1006528";" ";0.000;-99.00;719.00;0.00;02.01.2024;21
"0301";"31564";"1006529";" ";0.000;-152.00;1106.00;0.00;02.01.2024;21
"0301";"31564";"1006530";" ";0.000;-99.00;719.00;0.00;02.01.2024;21
"0301";"31564";"1006531";" ";0.000;-69.00;954.00;0.00;02.01.2024;21
"0301";"31564";"1006531";"1";0.000;-69.00;954.00;0.00;02.01.2024;21
"0301";"31564";"1006531";"2";0.000;-69.00;954.00;0.00;02.01.2024;21
"0301";"31564";"1006532";" ";0.000;-45.00;620.00;0.00;02.01.2024;21
"0301";"31564";"1006533";" ";0.000;-69.00;954.00;0.00;02.01.2024;21
"0301";"31564";"1006533";"1";0.000;-69.00;954.00;0.00;02.01.2024;21
"0301";"31564";"1006533";"2";0.000;-69.00;954.00;0.00;02.01.2024;21
"0301";"31564";"1006535";" ";0.000;-69.00;954.00;0.00;02.01.2024;21
"0301";"31564";"1006535";"1";0.000;-69.00;954.00;0.00;02.01.2024;21
"0301";"31564";"1006535";"2";0.000;-69.00;954.00;0.00;02.01.2024;21
"0301";"31564";"1006536";" ";0.000;-45.00;620.00;0.00;02.01.2024;21
"0301";"31564";"1006543";" ";0.000;86.00;799.00;0.00;02.01.2024;21
"0301";"31564";"1006543";"1";0.000;86.00;799.00;0.00;02.01.2024;21
"0301";"31564";"1006543";"2";0.000;86.00;799.00;0.00;02.01.2024;21
"0301";"31564";"1006543";"3";0.000;86.00;799.00;0.00;02.01.2024;21
"0301";"31564";"1006545";" ";0.000;86.00;799.00;0.00;02.01.2024;21
"0301";"31564";"1006545";"1";0.000;86.00;799.00;0.00;02.01.2024;21
"0301";"31564";"1006545";"2";0.000;86.00;799.00;0.00;02.01.2024;21
"0301";"31564";"1006545";"3";0.000;86.00;799.00;0.00;02.01.2024;21
"0301";"31564";"1006546";" ";0.000;56.00;519.00;0.00;02.01.2024;21
"0301";"31564";"1006547";" ";0.000;86.00;799.00;0.00;02.01.2024;21
"0301";"31564";"1006548";" ";0.000;56.00;519.00;0.00;02.01.2024;21
"0301";"31564";"1006725";" ";0.000;-62.00;116.00;0.00;02.01.2024;21
"0301";"31564";"1006726";" ";0.000;-62.00;116.00;0.00;02.01.2024;21
"0301";"31564";"1006728";" ";0.000;-62.00;116.00;0.00;02.01.2024;21
"0301";"31564";"1006729";" ";0.000;-62.00;116.00;0.00;02.01.2024;21
"0301";"31564";"1006732";" ";0.000;-62.00;116.00;0.00;02.01.2024;21
"0301";"31564";"1006733";" ";0.000;-62.00;116.00;0.00;02.01.2024;21
"0301";"31564";"1006734";" ";0.000;-62.00;116.00;0.00;02.01.2024;21
"0301";"31564";"1006735";" ";0.000;-62.00;116.00;0.00;02.01.2024;21
"0301";"31564";"1006785";" ";0.000;-155.00;954.00;0.00;02.01.2024;21
"0301";"31564";"1006786";" ";0.000;-155.00;954.00;0.00;02.01.2024;21
"0301";"31564";"1006786";"1";0.000;-155.00;954.00;0.00;02.01.2024;21
"0301";"31564";"1006787";" ";0.000;152.00;954.00;0.00;02.01.2024;21
"0301";"31564";"1006788";" ";0.000;-155.00;954.00;0.00;02.01.2024;21
"0301";"31564";"1006788";"1";0.000;-155.00;954.00;0.00;02.01.2024;21
"0301";"31564";"1006788";"2";0.000;-155.00;954.00;0.00;02.01.2024;21
"0301";"31564";"1006788";"3";0.000;-155.00;954.00;0.00;02.01.2024;21
"0301";"31564";"1006788";"4";0.000;-155.00;954.00;0.00;02.01.2024;21
"0301";"31564";"1006788";"5";0.000;-155.00;954.00;0.00;02.01.2024;21
"0301";"31564";"1006788";"6";0.000;-155.00;954.00;0.00;02.01.2024;21
"0301";"31564";"1006789";" ";0.000;-155.00;954.00;0.00;02.01.2024;21
"0301";"31564";"1006789";"1";0.000;-155.00;954.00;0.00;02.01.2024;21
"0301";"31564";"1006789";"2";0.000;-155.00;954.00;0.00;02.01.2024;21
"0301";"31564";"1006789";"3";0.000;-155.00;954.00;0.00;02.01.2024;21
"0301";"31564";"1006789";"4";0.000;-155.00;954.00;0.00;02.01.2024;21
"0301";"31564";"1006790";" ";0.000;152.00;954.00;0.00;02.01.2024;21
"0301";"31564";"1006790";"1";0.000;152.00;954.00;0.00;02.01.2024;21
"0301";"31564";"1006791";" ";0.000;-412.00;466.00;0.00;02.01.2024;21
"0301";"31564";"1006792";" ";0.000;-412.00;466.00;0.00;02.01.2024;21
"0301";"31564";"1006864";" ";0.000;-233.00;1408.00;0.00;02.01.2024;21
"0301";"31564";"1006864";"1";0.000;-233.00;1408.00;0.00;02.01.2024;21
"0301";"31564";"1006865";" ";0.000;-151.00;915.00;0.00;02.01.2024;21
"0301";"31564";"1006866";" ";0.000;-233.00;1408.00;0.00;02.01.2024;21
"0301";"31564";"1006868";" ";0.000;-233.00;1408.00;0.00;02.01.2024;21
"0301";"31564";"1006868";"1";0.000;-233.00;1408.00;0.00;02.01.2024;21
"0301";"31564";"1006868";"2";0.000;-233.00;1408.00;0.00;02.01.2024;21
"0301";"31564";"1006869";" ";0.000;-151.00;915.00;0.00;02.01.2024;21
"0301";"31564";"1006870";" ";0.000;-233.00;1408.00;0.00;02.01.2024;21
"0301";"31564";"1006870";"1";0.000;-233.00;1408.00;0.00;02.01.2024;21
"0301";"31564";"1006871";" ";0.000;-151.00;915.00;0.00;02.01.2024;21
"0301";"31564";"1006872";" ";0.000;-233.00;1408.00;0.00;02.01.2024;21
"0301";"31564";"1006873";" ";0.000;-151.00;915.00;0.00;02.01.2024;21
"0301";"31564";"1006874";" ";0.000;-233.00;1408.00;0.00;02.01.2024;21
"0301";"31564";"1006876";" ";0.000;-233.00;1408.00;0.00;02.01.2024;21
"0301";"31564";"1006878";" ";0.000;-233.00;1408.00;0.00;02.01.2024;21
"0301";"31564";"1006878";"1";0.000;-233.00;1408.00;0.00;02.01.2024;21
"0301";"31564";"1006878";"2";0.000;-233.00;1408.00;0.00;02.01.2024;21
"0301";"31564";"1006879";" ";0.000;-151.00;915.00;0.00;02.01.2024;21
"0301";"31564";"1006880";" ";0.000;-233.00;1408.00;0.00;02.01.2024;21
"0301";"31564";"1006882";" ";0.000;-233.00;1408.00;0.00;02.01.2024;21
"0301";"31564";"1006914";" ";0.000;-152.00;1106.00;0.00;02.01.2024;21
"0301";"31564";"1006916";" ";0.000;-152.00;1106.00;0.00;02.01.2024;21
"0301";"31564";"1006918";" ";0.000;-152.00;1106.00;0.00;02.01.2024;21
"0301";"31564";"1006972";" ";0.000;-152.00;1106.00;0.00;02.01.2024;21
"0301";"31564";"1006973";" ";0.000;-99.00;719.00;0.00;02.01.2024;21
"0301";"31564";"1006974";" ";0.000;-152.00;1106.00;0.00;02.01.2024;21
"0301";"31564";"1006974";"1";0.000;-152.00;1106.00;0.00;02.01.2024;21
"0301";"31564";"1006974";"2";0.000;-152.00;1106.00;0.00;02.01.2024;21
"0301";"31564";"1006975";" ";0.000;-99.00;719.00;0.00;02.01.2024;21
"0301";"31564";"1006976";" ";0.000;-152.00;1106.00;0.00;02.01.2024;21
"0301";"31564";"1006976";"1";0.000;-152.00;1106.00;0.00;02.01.2024;21
"0301";"31564";"1006976";"2";0.000;-152.00;1106.00;0.00;02.01.2024;21
"0301";"31564";"1006976";"3";0.000;-152.00;1106.00;0.00;02.01.2024;21
"0301";"31564";"1006976";"4";0.000;-152.00;1106.00;0.00;02.01.2024;21
"0301";"31564";"1006976";"5";0.000;-152.00;1106.00;0.00;02.01.2024;21
"0301";"31564";"1006976";"6";69.120;-152.00;1106.00;0.00;02.01.2024;21
"0301";"31564";"1006977";" ";0.000;-99.00;719.00;0.00;02.01.2024;21
"0301";"31564";"1006978";" ";0.000;-152.00;1106.00;0.00;02.01.2024;21
"0301";"31564";"1006978";"1";0.000;-152.00;1106.00;0.00;02.01.2024;21
"0301";"31564";"1006978";"2";0.000;-152.00;1106.00;0.00;02.01.2024;21
"0301";"31564";"1006978";"3";0.000;-152.00;1106.00;0.00;02.01.2024;21
"0301";"31564";"1006978";"4";0.000;-152.00;1106.00;0.00;02.01.2024;21
"0301";"31564";"1006978";"5";0.000;-152.00;1106.00;0.00;02.01.2024;21
"0301";"31564";"1006978";"6";0.000;-152.00;1106.00;0.00;02.01.2024;21
"0301";"31564";"1006978";"7";69.120;-152.00;1106.00;0.00;02.01.2024;21
"0301";"31564";"1006979";" ";0.000;-99.00;719.00;0.00;02.01.2024;21
"0301";"31564";"1007020";" ";0.000;152.00;1106.00;0.00;02.01.2024;21
"0301";"31564";"1007022";" ";0.000;152.00;1106.00;0.00;02.01.2024;21
"0301";"31564";"1007024";" ";0.000;152.00;1106.00;0.00;02.01.2024;21
"0301";"31564";"1007026";" ";0.000;152.00;1106.00;0.00;02.01.2024;21
"0301";"31564";"1007392";" ";0.000;-155.00;954.00;0.00;02.01.2024;21
"0301";"31564";"1007392";"1";0.000;-155.00;954.00;0.00;02.01.2024;21
"0301";"31564";"1007394";" ";0.000;-155.00;954.00;0.00;02.01.2024;21
"0301";"31564";"1007396";" ";0.000;-155.00;954.00;0.00;02.01.2024;21
"0301";"31564";"1007413";" ";0.000;-36.00;241.00;0.00;02.01.2024;21
"0301";"31564";"1007415";" ";0.000;-36.00;241.00;0.00;02.01.2024;21
"0301";"31564";"1007455";" ";0.000;-412.00;587.00;0.00;02.01.2024;21
"0301";"31564";"1007455";"1";0.000;-412.00;587.00;0.00;02.01.2024;21
"0301";"31564";"1007457";" ";0.000;-412.00;587.00;0.00;02.01.2024;21
"0301";"31564";"1007457";"1";0.000;-412.00;587.00;0.00;02.01.2024;21
"0301";"31564";"1007457";"2";0.000;-412.00;587.00;0.00;02.01.2024;21
"0301";"31564";"1007459";" ";0.000;-412.00;587.00;0.00;02.01.2024;21
"0301";"31564";"1007461";" ";0.000;-412.00;587.00;0.00;02.01.2024;21
"0301";"31564";"1007620";" ";0.000;-162.00;253.00;0.00;02.01.2024;21
"0301";"31564";"1007621";" ";0.000;-162.00;253.00;0.00;02.01.2024;21
"0301";"31564";"1007622";" ";0.000;-162.00;253.00;0.00;02.01.2024;21
"0301";"31564";"1007623";" ";0.000;-162.00;253.00;0.00;02.01.2024;21
"0301";"31564";"1007625";" ";0.000;-162.00;253.00;0.00;02.01.2024;21
"0301";"31564";"1007626";" ";0.000;-162.00;253.00;0.00;02.01.2024;21
"0301";"31564";"1007628";" ";0.000;-162.00;253.00;0.00;02.01.2024;21
"0301";"31564";"1007630";" ";0.000;-162.00;253.00;0.00;02.01.2024;21
"0301";"31564";"1007693";" ";0.000;-783.00;1026.00;0.00;02.01.2024;21
"0301";"31564";"1007694";" ";0.000;-783.00;1026.00;0.00;02.01.2024;21
"0301";"31564";"1007695";" ";0.000;-783.00;1026.00;0.00;02.01.2024;21
"0301";"31564";"1007696";" ";0.000;-783.00;1026.00;0.00;02.01.2024;21
"0301";"31564";"1007697";" ";0.000;-783.00;1026.00;0.00;02.01.2024;21
"0301";"31564";"1007698";" ";0.000;-783.00;1026.00;0.00;02.01.2024;21
"0301";"31564";"1007699";" ";0.000;-783.00;1026.00;0.00;02.01.2024;21
"0301";"31564";"1007700";" ";0.000;-783.00;1026.00;0.00;02.01.2024;21
"0301";"31564";"1007701";" ";0.000;-232.00;1258.00;0.00;02.01.2024;21
"0301";"31564";"1007703";" ";0.000;-232.00;1258.00;0.00;02.01.2024;21
"0301";"31564";"1007713";" ";0.000;-642.00;885.00;0.00;02.01.2024;21
"0301";"31564";"1007713";"1";0.000;-642.00;885.00;0.00;02.01.2024;21
"0301";"31564";"1007713";"2";0.000;-642.00;885.00;0.00;02.01.2024;21
"0301";"31564";"1007713";"3";0.000;-642.00;885.00;0.00;02.01.2024;21
"0301";"31564";"1007715";" ";0.000;-642.00;885.00;0.00;02.01.2024;21
"0301";"31564";"1007715";"1";0.000;-642.00;885.00;0.00;02.01.2024;21
"0301";"31564";"1007715";"2";0.000;-642.00;885.00;0.00;02.01.2024;21
"0301";"31564";"1007715";"3";0.000;-642.00;885.00;0.00;02.01.2024;21
"0301";"31564";"1007717";" ";0.000;-863.00;1106.00;0.00;02.01.2024;21
"0301";"31564";"1007717";"1";0.000;-863.00;1106.00;0.00;02.01.2024;21
"0301";"31564";"1007717";"2";0.000;-863.00;1106.00;0.00;02.01.2024;21
"0301";"31564";"1007719";" ";0.000;-863.00;1106.00;0.00;02.01.2024;21
"0301";"31564";"1007719";"1";0.000;-863.00;1106.00;0.00;02.01.2024;21
"0301";"31564";"1007721";" ";0.000;-863.00;1106.00;0.00;02.01.2024;21
"0301";"31564";"1007721";"1";0.000;-863.00;1106.00;0.00;02.01.2024;21
"0301";"31564";"1007721";"2";0.000;-863.00;1106.00;0.00;02.01.2024;21
"0301";"31564";"1007723";" ";0.000;-863.00;1106.00;0.00;02.01.2024;21
"0301";"31564";"1007723";"1";0.000;-863.00;1106.00;0.00;02.01.2024;21
"0301";"31564";"1007723";"2";0.000;-863.00;1106.00;0.00;02.01.2024;21
"0301";"31564";"1007723";"3";0.000;-863.00;1106.00;0.00;02.01.2024;21
"0301";"31564";"1007727";" ";0.000;-412.00;466.00;0.00;02.01.2024;21
"0301";"31564";"1007728";" ";0.000;-412.00;466.00;0.00;02.01.2024;21
"0301";"31564";"1007729";" ";0.000;-232.00;1258.00;0.00;02.01.2024;21
"0301";"31564";"1007729";"1";0.000;-232.00;1258.00;0.00;02.01.2024;21
"0301";"31564";"1007731";" ";0.000;-232.00;1258.00;0.00;02.01.2024;21
"0301";"31564";"1007731";"1";0.000;-232.00;1258.00;0.00;02.01.2024;21
"0301";"31564";"1007731";"2";0.000;-232.00;1258.00;0.00;02.01.2024;21
"0301";"31564";"1007733";" ";0.000;-783.00;1026.00;0.00;02.01.2024;21
"0301";"31564";"1007733";"1";0.000;-783.00;1026.00;0.00;02.01.2024;21
"0301";"31564";"1007733";"2";0.000;-783.00;1026.00;0.00;02.01.2024;21
"0301";"31564";"1007733";"3";0.000;-783.00;1026.00;0.00;02.01.2024;21
"0301";"31564";"1007733";"4";0.000;-783.00;1026.00;0.00;02.01.2024;21
"0301";"31564";"1007733";"5";0.000;-783.00;1026.00;0.00;02.01.2024;21
"0301";"31564";"1007733";"6";0.000;-783.00;1026.00;0.00;02.01.2024;21
"0301";"31564";"1007733";"7";0.000;-783.00;1026.00;0.00;02.01.2024;21
"0301";"31564";"1007733";"8";0.000;-783.00;1026.00;0.00;02.01.2024;21
"0301";"31564";"1007733";"9";0.000;-783.00;1026.00;0.00;02.01.2024;21
"0301";"31564";"1007735";" ";0.000;-783.00;1026.00;0.00;02.01.2024;21
"0301";"31564";"1007735";"1";0.000;-783.00;1026.00;0.00;02.01.2024;21
"0301";"31564";"1007735";"2";0.000;-783.00;1026.00;0.00;02.01.2024;21
"0301";"31564";"1007735";"3";0.000;-783.00;1026.00;0.00;02.01.2024;21
"0301";"31564";"1007735";"4";0.000;-783.00;1026.00;0.00;02.01.2024;21
"0301";"31564";"1007735";"5";0.000;-783.00;1026.00;0.00;02.01.2024;21
"0301";"31564";"1007735";"6";0.000;-783.00;1026.00;0.00;02.01.2024;21
"0301";"31564";"1007737";" ";0.000;-412.00;466.00;0.00;02.01.2024;21
"0301";"31564";"1007738";" ";0.000;-412.00;466.00;0.00;02.01.2024;21
"0301";"31564";"1007739";" ";0.000;-745.00;799.00;0.00;02.01.2024;21
"0301";"31564";"1007740";" ";0.000;-745.00;799.00;0.00;02.01.2024;21
"0301";"31564";"1007740";"1";0.000;-745.00;799.00;0.00;02.01.2024;21
"0301";"31564";"1007753";" ";0.000;-232.00;1258.00;0.00;02.01.2024;21
"0301";"31564";"1007754";" ";0.000;-151.00;818.00;0.00;02.01.2024;21
"0301";"31564";"1007755";" ";0.000;-232.00;1258.00;0.00;02.01.2024;21
"0301";"31564";"1007756";" ";0.000;-151.00;818.00;0.00;02.01.2024;21
"0301";"31564";"1007757";" ";0.000;-232.00;1258.00;0.00;02.01.2024;21
"0301";"31564";"1007758";" ";0.000;-151.00;818.00;0.00;02.01.2024;21
"0301";"31564";"1007759";" ";0.000;-232.00;1258.00;0.00;02.01.2024;21
"0301";"31564";"1007760";" ";0.000;-151.00;818.00;0.00;02.01.2024;21
"0301";"31564";"1007767";" ";0.000;-895.00;1106.00;0.00;02.01.2024;21
"0301";"31564";"1007767";"1";0.000;-895.00;1106.00;0.00;02.01.2024;21
"0301";"31564";"1007771";" ";0.000;-232.00;1258.00;0.00;02.01.2024;21
"0301";"31564";"1007772";" ";0.000;-151.00;818.00;0.00;02.01.2024;21
"0301";"31564";"1007773";" ";0.000;-232.00;1258.00;0.00;02.01.2024;21
"0301";"31564";"1007774";" ";0.000;-151.00;818.00;0.00;02.01.2024;21
"0301";"31564";"1007775";" ";0.000;-232.00;1258.00;0.00;02.01.2024;21
"0301";"31564";"1007776";" ";0.000;-151.00;818.00;0.00;02.01.2024;21
"0301";"31564";"1007777";" ";0.000;-232.00;1258.00;0.00;02.01.2024;21
"0301";"31564";"1007778";" ";0.000;-151.00;818.00;0.00;02.01.2024;21
"0301";"31564";"1007785";" ";0.000;-895.00;1106.00;0.00;02.01.2024;21
"0301";"31564";"1007803";" ";21.600;-783.00;1026.00;0.00;02.01.2024;21
"0301";"31564";"1007803";"1";0.000;-783.00;1026.00;0.00;02.01.2024;21
"0301";"31564";"1007803";"3";0.000;-783.00;1026.00;0.00;02.01.2024;21
"0301";"31564";"1007803";"4";0.000;-783.00;1026.00;0.00;02.01.2024;21
"0301";"31564";"1007803";"5";0.000;-783.00;1026.00;0.00;02.01.2024;21
"0301";"31564";"1007803";"6";0.000;-783.00;1026.00;0.00;02.01.2024;21
"0301";"31564";"1007805";" ";0.000;-783.00;1026.00;0.00;02.01.2024;21
"0301";"31564";"1007805";"1";0.000;-783.00;1026.00;0.00;02.01.2024;21
"0301";"31564";"1007805";"2";0.000;-783.00;1026.00;0.00;02.01.2024;21
"0301";"31564";"1007805";"3";0.000;-783.00;1026.00;0.00;02.01.2024;21
"0301";"31564";"1007805";"4";0.000;-783.00;1026.00;0.00;02.01.2024;21
"0301";"31564";"1007805";"5";0.000;-783.00;1026.00;0.00;02.01.2024;21
"0301";"31564";"1007805";"7";0.000;-783.00;1026.00;0.00;02.01.2024;21
"0301";"31564";"1007805";"8";0.000;-783.00;1026.00;0.00;02.01.2024;21
"0301";"31564";"1007805";"9";0.000;-783.00;1026.00;0.00;02.01.2024;21
"0301";"31564";"1007805";":";93.960;-783.00;1026.00;0.00;02.01.2024;21
"0301";"31564";"1007807";" ";0.000;-783.00;1026.00;0.00;02.01.2024;21
"0301";"31564";"1007807";"1";0.000;-783.00;1026.00;0.00;02.01.2024;21
"0301";"31564";"1007807";"2";0.000;-783.00;1026.00;0.00;02.01.2024;21
"0301";"31564";"1007807";"3";0.000;-783.00;1026.00;0.00;02.01.2024;21
"0301";"31564";"1007807";"4";0.000;-783.00;1026.00;0.00;02.01.2024;21
"0301";"31564";"1007809";" ";0.000;-863.00;1106.00;0.00;02.01.2024;21
"0301";"31564";"1007809";"1";0.000;-863.00;1106.00;0.00;02.01.2024;21
"0301";"31564";"1007809";"2";0.000;-863.00;1106.00;0.00;02.01.2024;21
"0301";"31564";"1007811";" ";0.000;-783.00;1026.00;0.00;02.01.2024;21
"0301";"31564";"1007813";" ";0.000;-783.00;1026.00;0.00;02.01.2024;21
"0301";"31564";"1007813";"1";0.000;-783.00;1026.00;0.00;02.01.2024;21
"0301";"31564";"1007815";" ";0.000;-783.00;1026.00;0.00;02.01.2024;21
"0301";"31564";"1007815";"1";0.000;-783.00;1026.00;0.00;02.01.2024;21
"0301";"31564";"1007815";"2";0.000;-783.00;1026.00;0.00;02.01.2024;21
"0301";"31564";"1007817";" ";0.000;-863.00;1106.00;0.00;02.01.2024;21
"0301";"31564";"1007817";"1";0.000;-863.00;1106.00;0.00;02.01.2024;21
"0301";"31564";"1007819";" ";0.000;-223.00;314.00;0.00;02.01.2024;21
"0301";"31564";"1007820";" ";0.000;-223.00;314.00;0.00;02.01.2024;21
"0301";"31564";"1007821";" ";0.000;-223.00;314.00;0.00;02.01.2024;21
"0301";"31564";"1007822";" ";0.000;-223.00;314.00;0.00;02.01.2024;21
"0301";"31564";"1007823";" ";0.000;-223.00;314.00;0.00;02.01.2024;21
"0301";"31564";"1007824";" ";0.000;-223.00;314.00;0.00;02.01.2024;21
"0301";"31564";"1007825";" ";0.000;-412.00;466.00;0.00;02.01.2024;21
"0301";"31564";"1007826";" ";0.000;-412.00;466.00;0.00;02.01.2024;21
"0301";"31564";"1007827";" ";0.000;-412.00;466.00;0.00;02.01.2024;21
"0301";"31564";"1007828";" ";0.000;-412.00;466.00;0.00;02.01.2024;21
"0301";"31564";"1007829";" ";0.000;-412.00;466.00;0.00;02.01.2024;21
"0301";"31564";"1007830";" ";0.000;-412.00;466.00;0.00;02.01.2024;21
"0301";"31564";"1007841";" ";0.000;-863.00;1106.00;0.00;02.01.2024;21
"0301";"31564";"1007843";" ";0.000;-863.00;1106.00;0.00;02.01.2024;21
"0301";"31564";"1007845";" ";0.000;-863.00;1106.00;0.00;02.01.2024;21
"0301";"31564";"1007847";" ";0.000;-863.00;1106.00;0.00;02.01.2024;21
"0301";"31564";"1007847";"1";0.000;-863.00;1106.00;0.00;02.01.2024;21
"0301";"31564";"1007847";"2";0.000;-863.00;1106.00;0.00;02.01.2024;21
"0301";"31564";"1007847";"3";0.000;-863.00;1106.00;0.00;02.01.2024;21
"0301";"31564";"1007849";" ";0.000;-863.00;1106.00;0.00;02.01.2024;21
"0301";"31564";"1007849";"1";0.000;-863.00;1106.00;0.00;02.01.2024;21
"0301";"31564";"1007851";" ";0.000;-863.00;1106.00;0.00;02.01.2024;21
"0301";"31564";"1007851";"1";0.000;-863.00;1106.00;0.00;02.01.2024;21
"0301";"31564";"1007854";" ";0.000;-406.00;497.00;0.00;02.01.2024;21
"0301";"31564";"1007855";" ";0.000;-406.00;497.00;0.00;02.01.2024;21
"0301";"31564";"1007856";" ";0.000;-412.00;466.00;0.00;02.01.2024;21
"0301";"31564";"1007857";" ";0.000;-412.00;466.00;0.00;02.01.2024;21
"0301";"31564";"1007858";" ";0.000;-412.00;466.00;0.00;02.01.2024;21
"0301";"31564";"1007859";" ";0.000;-412.00;466.00;0.00;02.01.2024;21
"0301";"31564";"1007860";" ";0.000;-412.00;466.00;0.00;02.01.2024;21
"0301";"31564";"1007861";" ";0.000;-412.00;466.00;0.00;02.01.2024;21
"0301";"31564";"1007862";" ";0.000;-783.00;1026.00;0.00;02.01.2024;21
"0301";"31564";"1007862";"1";0.000;-783.00;1026.00;0.00;02.01.2024;21
"0301";"31564";"1007862";"2";0.000;-783.00;1026.00;0.00;02.01.2024;21
"0301";"31564";"1007862";"3";0.000;-783.00;1026.00;0.00;02.01.2024;21
"0301";"31564";"1007864";" ";0.000;-783.00;1026.00;0.00;02.01.2024;21
"0301";"31564";"1007864";"1";0.000;-783.00;1026.00;0.00;02.01.2024;21
"0301";"31564";"1007864";"2";0.000;-783.00;1026.00;0.00;02.01.2024;21
"0301";"31564";"1007866";" ";0.000;-783.00;1026.00;0.00;02.01.2024;21
"0301";"31564";"1007866";"1";0.000;-783.00;1026.00;0.00;02.01.2024;21
"0301";"31564";"1007866";"2";0.000;-783.00;1026.00;0.00;02.01.2024;21
"0301";"31564";"1007868";" ";0.000;-783.00;1026.00;0.00;02.01.2024;21
"0301";"31564";"1007868";"1";0.000;-783.00;1026.00;0.00;02.01.2024;21
"0301";"31564";"1007870";" ";0.000;-863.00;1106.00;0.00;02.01.2024;21
"0301";"31564";"1007872";" ";0.000;-863.00;1106.00;0.00;02.01.2024;21
"0301";"31564";"1007874";" ";0.000;-863.00;1106.00;0.00;02.01.2024;21
"0301";"31564";"1007876";" ";0.000;-863.00;1106.00;0.00;02.01.2024;21
"0301";"31564";"1007876";"1";0.000;-863.00;1106.00;0.00;02.01.2024;21
"0301";"31564";"1007876";"2";0.000;-863.00;1106.00;0.00;02.01.2024;21
"0301";"31564";"1007878";" ";0.000;-863.00;1106.00;0.00;02.01.2024;21
"0301";"31564";"1007878";"1";0.000;-863.00;1106.00;0.00;02.01.2024;21
"0301";"31564";"1007878";"2";0.000;-863.00;1106.00;0.00;02.01.2024;21
"0301";"31564";"1007892";" ";0.000;-745.00;799.00;0.00;02.01.2024;21
"0301";"31564";"1007893";" ";0.000;-745.00;799.00;0.00;02.01.2024;21
"0301";"31564";"1007894";" ";0.000;-745.00;799.00;0.00;02.01.2024;21
"0301";"31564";"1007895";" ";0.000;-745.00;799.00;0.00;02.01.2024;21
"0301";"31564";"1007896";" ";0.000;-745.00;799.00;0.00;02.01.2024;21
"0301";"31564";"1007897";" ";0.000;-375.00;466.00;0.00;02.01.2024;21
"0301";"31564";"1007898";" ";0.000;-375.00;466.00;0.00;02.01.2024;21
"0301";"31564";"1007899";" ";0.000;-375.00;466.00;0.00;02.01.2024;21
"0301";"31564";"1007900";" ";0.000;-375.00;466.00;0.00;02.01.2024;21
"0301";"31564";"1007901";" ";0.000;-375.00;466.00;0.00;02.01.2024;21
"0301";"31564";"1007930";" ";0.000;-80.00;1106.00;0.00;02.01.2024;21
"0301";"31564";"1007930";"1";0.000;-80.00;1106.00;0.00;02.01.2024;21
"0301";"31564";"1007931";" ";0.000;-52.00;719.00;0.00;02.01.2024;21
"0301";"31564";"1007932";" ";0.000;-80.00;1106.00;0.00;02.01.2024;21
"0301";"31564";"1007932";"1";0.000;-80.00;1106.00;0.00;02.01.2024;21
"0301";"31564";"1007932";"2";0.000;-80.00;1106.00;0.00;02.01.2024;21
"0301";"31564";"1007932";"3";0.000;-80.00;1106.00;0.00;02.01.2024;21
"0301";"31564";"1007933";" ";0.000;-52.00;719.00;0.00;02.01.2024;21
"0301";"31564";"1007934";" ";0.000;-80.00;1106.00;0.00;02.01.2024;21
"0301";"31564";"1007935";" ";0.000;-52.00;719.00;0.00;02.01.2024;21
"0301";"31564";"1007936";" ";0.000;-80.00;1106.00;0.00;02.01.2024;21
"0301";"31564";"1007937";" ";0.000;-52.00;719.00;0.00;02.01.2024;21
"0301";"31564";"1007938";" ";0.000;72.00;954.00;0.00;02.01.2024;21
"0301";"31564";"1007939";" ";0.000;47.00;620.00;0.00;02.01.2024;21
"0301";"31564";"1007940";" ";0.000;72.00;954.00;0.00;02.01.2024;21
"0301";"31564";"1007941";" ";0.000;47.00;620.00;0.00;02.01.2024;21
"0301";"31564";"1007942";" ";0.000;72.00;954.00;0.00;02.01.2024;21
"0301";"31564";"1007943";" ";0.000;47.00;620.00;0.00;02.01.2024;21
"0301";"31564";"1007944";" ";0.000;72.00;954.00;0.00;02.01.2024;21
"0301";"31564";"1007945";" ";0.000;47.00;620.00;0.00;02.01.2024;21
"0301";"31564";"1007966";" ";0.000;-107.02;1106.00;0.00;02.01.2024;21
"0301";"31564";"1007967";" ";0.000;-69.00;719.00;0.00;02.01.2024;21
"0301";"31564";"1007968";" ";0.000;-107.02;1106.00;0.00;02.01.2024;21
"0301";"31564";"1007969";" ";0.000;-69.00;719.00;0.00;02.01.2024;21
"0301";"31564";"1007970";" ";0.000;-107.02;1106.00;0.00;02.01.2024;21
"0301";"31564";"1007971";" ";0.000;-69.00;719.00;0.00;02.01.2024;21
"0301";"31564";"1007972";" ";0.000;-107.02;1106.00;0.00;02.01.2024;21
"0301";"31564";"1007972";"1";0.000;-107.02;1106.00;0.00;02.01.2024;21
"0301";"31564";"1007972";"2";0.000;-107.02;1106.00;0.00;02.01.2024;21
"0301";"31564";"1007972";"3";2.560;-107.02;1106.00;0.00;02.01.2024;21
"0301";"31564";"1007973";" ";0.000;-69.00;719.00;0.00;02.01.2024;21
"0301";"31564";"1007974";" ";0.000;-107.02;1106.00;0.00;02.01.2024;21
"0301";"31564";"1007974";"1";0.000;-107.02;1106.00;0.00;02.01.2024;21
"0301";"31564";"1007975";" ";0.000;-69.00;719.00;0.00;02.01.2024;21
"0301";"31564";"1007976";" ";0.000;-107.02;1106.00;0.00;02.01.2024;21
"0301";"31564";"1007976";"1";0.000;-107.02;1106.00;0.00;02.01.2024;21
"0301";"31564";"1007976";"2";0.000;-107.02;1106.00;0.00;02.01.2024;21
"0301";"31564";"1007977";" ";0.000;-69.00;719.00;0.00;02.01.2024;21
"0301";"31564";"1007978";" ";0.000;-107.02;1106.00;0.00;02.01.2024;21
"0301";"31564";"1007979";" ";0.000;-69.00;719.00;0.00;02.01.2024;21
"0301";"31564";"1007980";" ";0.000;-107.02;1106.00;0.00;02.01.2024;21
"0301";"31564";"1007981";" ";0.000;-69.00;719.00;0.00;02.01.2024;21
"0301";"31564";"1007982";" ";0.000;-107.02;1106.00;0.00;02.01.2024;21
"0301";"31564";"1007983";" ";0.000;-69.00;719.00;0.00;02.01.2024;21
"0301";"31564";"1007984";" ";0.000;-107.02;1106.00;0.00;02.01.2024;21
"0301";"31564";"1007984";"1";0.000;-107.02;1106.00;0.00;02.01.2024;21
"0301";"31564";"1007984";"2";0.000;-107.02;1106.00;0.00;02.01.2024;21
"0301";"31564";"1007985";" ";0.000;-69.00;719.00;0.00;02.01.2024;21
"0301";"31564";"1007986";" ";0.000;-107.02;1106.00;0.00;02.01.2024;21
"0301";"31564";"1007987";" ";0.000;-69.00;719.00;0.00;02.01.2024;21
"0301";"31564";"1007988";" ";0.000;-107.02;1106.00;0.00;02.01.2024;21
"0301";"31564";"1007988";"1";0.000;-107.02;1106.00;0.00;02.01.2024;21
"0301";"31564";"1007989";" ";0.000;-69.00;719.00;0.00;02.01.2024;21
"0301";"31564";"1008038";" ";0.000;-895.00;1106.00;0.00;02.01.2024;21
"0301";"31564";"1008040";" ";0.000;-895.00;1106.00;0.00;02.01.2024;21
"0301";"31564";"1008065";" ";0.000;-28.00;82.00;0.00;02.01.2024;21
"0301";"31564";"1008067";" ";0.000;-28.00;82.00;0.00;02.01.2024;21
"0301";"31564";"1008067";"1";0.000;-28.00;82.00;0.00;02.01.2024;21
"0301";"31564";"1008067";"2";0.000;-28.00;82.00;0.00;02.01.2024;21
"0301";"31564";"1008069";" ";0.000;-45.00;99.00;0.00;02.01.2024;21
"0301";"31564";"1008069";"1";0.000;-45.00;99.00;0.00;02.01.2024;21
"0301";"31564";"1008070";" ";0.000;-45.00;99.00;0.00;02.01.2024;21
"0301";"31564";"1008071";" ";0.000;-12.00;66.00;0.00;02.01.2024;21
"0301";"31564";"1008071";"1";0.000;-12.00;66.00;0.00;02.01.2024;21
"0301";"31564";"1008071";"2";0.000;-12.00;66.00;0.00;02.01.2024;21
"0301";"31564";"1008071";"3";1.000;-12.00;66.00;0.00;02.01.2024;21
"0301";"31564";"1008071";"4";0.000;-12.00;66.00;0.00;02.01.2024;21
"0301";"31564";"1008073";" ";0.000;-42.00;96.00;0.00;02.01.2024;21
"0301";"31564";"1008073";"1";0.000;-42.00;96.00;0.00;02.01.2024;21
"0301";"31564";"1008074";" ";0.000;-45.00;99.00;0.00;02.01.2024;21
"0301";"31564";"1008201";" ";0.000;-92.00;741.00;0.00;02.01.2024;21
"0301";"31564";"1008201";"1";0.000;-92.00;741.00;0.00;02.01.2024;21
"0301";"31564";"1008201";"3";0.000;-92.00;741.00;0.00;02.01.2024;21
"0301";"31564";"1008201";"4";0.000;-92.00;741.00;0.00;02.01.2024;21
"0301";"31564";"1008203";" ";0.000;-92.00;741.00;0.00;02.01.2024;21
"0301";"31564";"1008205";" ";0.000;-92.00;741.00;0.00;02.01.2024;21
"0301";"31564";"1008205";"1";0.000;-92.00;741.00;0.00;02.01.2024;21
"0301";"31564";"1008207";" ";0.000;-92.00;741.00;0.00;02.01.2024;21
"0301";"31564";"1008207";"1";0.000;-92.00;741.00;0.00;02.01.2024;21
"0301";"31564";"1008247";" ";0.000;-152.00;1106.00;0.00;02.01.2024;21
"0301";"31564";"1008249";" ";0.000;-152.00;1106.00;0.00;02.01.2024;21
"0301";"31564";"1008249";"1";0.000;-152.00;1106.00;0.00;02.01.2024;21
"0301";"31564";"1008251";" ";0.000;-642.00;885.00;0.00;02.01.2024;21
"0301";"31564";"1008251";"1";0.000;-642.00;885.00;0.00;02.01.2024;21
"0301";"31564";"1008253";" ";0.000;-642.00;885.00;0.00;02.01.2024;21
"0301";"31564";"1008255";" ";0.000;-642.00;885.00;0.00;02.01.2024;21
"0301";"31564";"1008257";" ";0.000;-456.00;1562.00;0.00;02.01.2024;21
"0301";"31564";"1008258";" ";0.000;-456.00;1562.00;0.00;02.01.2024;21
"0301";"31564";"1008259";" ";0.000;-456.00;1562.00;0.00;02.01.2024;21
"0301";"31564";"1008260";" ";0.000;69.00;885.00;0.00;02.01.2024;21
"0301";"31564";"1008260";"1";0.000;69.00;885.00;0.00;02.01.2024;21
"0301";"31564";"1008261";" ";0.000;45.00;575.00;0.00;02.01.2024;21
"0301";"31564";"1008262";" ";0.000;69.00;885.00;0.00;02.01.2024;21
"0301";"31564";"1008262";"1";0.000;69.00;885.00;0.00;02.01.2024;21
"0301";"31564";"1008262";"2";0.000;69.00;885.00;0.00;02.01.2024;21
"0301";"31564";"1008263";" ";0.000;45.00;575.00;0.00;02.01.2024;21
"0301";"31564";"1008264";" ";0.000;69.00;885.00;0.00;02.01.2024;21
"0301";"31564";"1008265";" ";0.000;45.00;575.00;0.00;02.01.2024;21
"0301";"31564";"1008266";" ";0.000;69.00;885.00;0.00;02.01.2024;21
"0301";"31564";"1008266";"1";0.000;69.00;885.00;0.00;02.01.2024;21
"0301";"31564";"1008267";" ";0.000;45.00;575.00;0.00;02.01.2024;21
"0301";"31564";"1008276";" ";0.000;-72.00;1026.00;0.00;02.01.2024;21
"0301";"31564";"1008277";" ";0.000;-47.00;667.00;0.00;02.01.2024;21
"0301";"31564";"1008278";" ";0.000;-72.00;1026.00;0.00;02.01.2024;21
"0301";"31564";"1008278";"1";0.000;-72.00;1026.00;0.00;02.01.2024;21
"0301";"31564";"1008279";" ";0.000;-47.00;667.00;0.00;02.01.2024;21
"0301";"31564";"1008280";" ";0.000;-72.00;1026.00;0.00;02.01.2024;21
"0301";"31564";"1008280";"1";0.000;-72.00;1026.00;0.00;02.01.2024;21
"0301";"31564";"1008281";" ";0.000;-47.00;667.00;0.00;02.01.2024;21
"0301";"31564";"1008282";" ";0.000;-72.00;1026.00;0.00;02.01.2024;21
"0301";"31564";"1008282";"1";0.000;-72.00;1026.00;0.00;02.01.2024;21
"0301";"31564";"1008282";"2";0.000;-72.00;1026.00;0.00;02.01.2024;21
"0301";"31564";"1008283";" ";0.000;-47.00;667.00;0.00;02.01.2024;21
"0301";"31564";"1008284";" ";0.000;-80.00;1106.00;0.00;02.01.2024;21
"0301";"31564";"1008285";" ";0.000;-52.00;719.00;0.00;02.01.2024;21
"0301";"31564";"1008286";" ";0.000;-80.00;1106.00;0.00;02.01.2024;21
"0301";"31564";"1008287";" ";0.000;-52.00;719.00;0.00;02.01.2024;21
"0301";"31564";"1008288";" ";0.000;-80.00;1106.00;0.00;02.01.2024;21
"0301";"31564";"1008289";" ";0.000;-52.00;719.00;0.00;02.01.2024;21
"0301";"31564";"1008290";" ";0.000;-80.00;1106.00;0.00;02.01.2024;21
"0301";"31564";"1008291";" ";0.000;-52.00;719.00;0.00;02.01.2024;21
"0301";"31564";"1008324";" ";0.000;-62.00;649.00;0.00;02.01.2024;21
"0301";"31564";"1008324";"1";0.000;-62.00;649.00;0.00;02.01.2024;21
"0301";"31564";"1008325";" ";0.000;-50.00;519.00;0.00;02.01.2024;21
"0301";"31564";"1008326";" ";0.000;-62.00;649.00;0.00;02.01.2024;21
"0301";"31564";"1008327";" ";0.000;-50.00;519.00;0.00;02.01.2024;21
"0301";"31564";"1008328";" ";0.000;-62.00;649.00;0.00;02.01.2024;21
"0301";"31564";"1008329";" ";0.000;-50.00;519.00;0.00;02.01.2024;21
"0301";"31564";"1008330";" ";0.000;-62.00;649.00;0.00;02.01.2024;21
"0301";"31564";"1008330";"1";0.000;-62.00;649.00;0.00;02.01.2024;21
"0301";"31564";"1008330";"2";0.000;-62.00;649.00;0.00;02.01.2024;21
"0301";"31564";"1008330";"3";0.000;-62.00;649.00;0.00;02.01.2024;21
"0301";"31564";"1008331";" ";0.000;-50.00;519.00;0.00;02.01.2024;21
"0301";"31564";"1008332";" ";0.000;-62.00;649.00;0.00;02.01.2024;21
"0301";"31564";"1008332";"1";0.000;-62.00;649.00;0.00;02.01.2024;21
"0301";"31564";"1008332";"2";0.000;-62.00;649.00;0.00;02.01.2024;21
"0301";"31564";"1008332";"3";7.080;-62.00;649.00;0.00;02.01.2024;21
"0301";"31564";"1008333";" ";0.000;-50.00;519.00;0.00;02.01.2024;21
"0301";"31564";"1008334";" ";0.000;-62.00;649.00;0.00;02.01.2024;21
"0301";"31564";"1008335";" ";0.000;-50.00;519.00;0.00;02.01.2024;21
"0301";"31564";"1008382";" ";0.000;-30.00;587.00;0.00;02.01.2024;21
"0301";"31564";"1008382";"1";0.000;-30.00;587.00;0.00;02.01.2024;21
"0301";"31564";"1008383";" ";0.000;-24.00;469.00;0.00;02.01.2024;21
"0301";"31564";"1008384";" ";0.000;-30.00;587.00;0.00;02.01.2024;21
"0301";"31564";"1008384";"1";0.000;-30.00;587.00;0.00;02.01.2024;21
"0301";"31564";"1008385";" ";0.000;-24.00;469.00;0.00;02.01.2024;21
"0301";"31564";"1008386";" ";0.000;-30.00;587.00;0.00;02.01.2024;21
"0301";"31564";"1008387";" ";0.000;-24.00;469.00;0.00;02.01.2024;21
"0301";"31564";"1008388";" ";0.000;-30.00;587.00;0.00;02.01.2024;21
"0301";"31564";"1008389";" ";0.000;-24.00;469.00;0.00;02.01.2024;21
"0301";"31564";"1008390";" ";0.000;-30.00;587.00;0.00;02.01.2024;21
"0301";"31564";"1008391";" ";0.000;-24.00;469.00;0.00;02.01.2024;21
"0301";"31564";"1008392";" ";0.000;86.00;799.00;0.00;02.01.2024;21
"0301";"31564";"1008393";" ";0.000;56.00;519.00;0.00;02.01.2024;21
"0301";"31564";"1008394";" ";0.000;86.00;799.00;0.00;02.01.2024;21
"0301";"31564";"1008395";" ";0.000;56.00;519.00;0.00;02.01.2024;21
"0301";"31564";"1008396";" ";0.000;86.00;799.00;0.00;02.01.2024;21
"0301";"31564";"1008397";" ";0.000;56.00;519.00;0.00;02.01.2024;21
"0301";"31564";"1008398";" ";0.000;86.00;799.00;0.00;02.01.2024;21
"0301";"31564";"1008398";"1";0.000;86.00;799.00;0.00;02.01.2024;21
"0301";"31564";"1008399";" ";0.000;56.00;519.00;0.00;02.01.2024;21
"0301";"31564";"1008400";" ";0.000;86.00;799.00;0.00;02.01.2024;21
"0301";"31564";"1008401";" ";0.000;56.00;519.00;0.00;02.01.2024;21
"0301";"31564";"1008417";" ";0.000;-69.00;954.00;0.00;02.01.2024;21
"0301";"31564";"1008418";" ";0.000;-45.00;620.00;0.00;02.01.2024;21
"0301";"31564";"1008419";" ";0.000;-69.00;954.00;0.00;02.01.2024;21
"0301";"31564";"1008420";" ";0.000;-45.00;620.00;0.00;02.01.2024;21
"0301";"31564";"1008421";" ";0.000;-69.00;954.00;0.00;02.01.2024;21
"0301";"31564";"1008422";" ";0.000;-45.00;620.00;0.00;02.01.2024;21
"0301";"31564";"1008423";" ";0.000;-69.00;954.00;0.00;02.01.2024;21
"0301";"31564";"1008424";" ";0.000;-45.00;620.00;0.00;02.01.2024;21
"0301";"31564";"1008425";" ";0.000;-69.00;954.00;0.00;02.01.2024;21
"0301";"31564";"1008426";" ";0.000;-45.00;620.00;0.00;02.01.2024;21
"0301";"31564";"1008455";" ";0.000;-151.00;915.00;0.00;02.01.2024;21
"0301";"31564";"1008459";" ";0.000;-151.00;915.00;0.00;02.01.2024;21
"0301";"31564";"1008467";" ";0.000;-151.00;915.00;0.00;02.01.2024;21
"0301";"31564";"1008470";" ";0.000;-73.00;362.00;0.00;02.01.2024;21
"0301";"31564";"1008476";" ";0.000;-151.00;915.00;0.00;02.01.2024;21
"0301";"31564";"1008477";" ";0.000;-45.00;620.00;0.00;02.01.2024;21
"0301";"31564";"1008478";" ";0.000;56.00;519.00;0.00;02.01.2024;21
"0301";"31564";"1008489";" ";0.000;52.00;667.00;0.00;02.01.2024;21
"0301";"31564";"1008490";" ";0.000;52.00;667.00;0.00;02.01.2024;21
"0301";"31564";"1008491";" ";0.000;-99.00;818.00;0.00;02.01.2024;21
"0301";"31564";"1008540";" ";0.000;-783.00;1026.00;0.00;02.01.2024;21
"0301";"31564";"1008540";"1";0.000;-783.00;1026.00;0.00;02.01.2024;21
"0301";"31564";"1008542";" ";0.000;-783.00;1026.00;0.00;02.01.2024;21
"0301";"31564";"1008544";" ";0.000;-783.00;1026.00;0.00;02.01.2024;21
"0301";"31564";"1008546";" ";0.000;-141.00;1026.00;0.00;02.01.2024;21
"0301";"31564";"1008547";" ";0.000;-92.00;667.00;0.00;02.01.2024;21
"0301";"31564";"1008548";" ";0.000;-141.00;1026.00;0.00;02.01.2024;21
"0301";"31564";"1008548";"1";0.000;-141.00;1026.00;0.00;02.01.2024;21
"0301";"31564";"1008548";"2";0.000;-141.00;1026.00;0.00;02.01.2024;21
"0301";"31564";"1008548";"3";13.440;-141.00;1026.00;0.00;02.01.2024;21
"0301";"31564";"1008549";" ";0.000;-92.00;667.00;0.00;02.01.2024;21
"0301";"31564";"1008562";" ";0.000;-79.00;1408.00;0.00;02.01.2024;21
"0301";"31564";"1008562";"1";0.000;-79.00;1408.00;0.00;02.01.2024;21
"0301";"31564";"1008563";" ";0.000;-51.00;915.00;0.00;02.01.2024;21
"0301";"31564";"1008564";" ";0.000;-79.00;1408.00;0.00;02.01.2024;21
"0301";"31564";"1008565";" ";0.000;-51.00;915.00;0.00;02.01.2024;21
"0301";"31564";"1008566";" ";0.000;-79.00;1408.00;0.00;02.01.2024;21
"0301";"31564";"1008567";" ";0.000;-51.00;915.00;0.00;02.01.2024;21
"0301";"31564";"1008568";" ";0.000;-79.00;1408.00;0.00;02.01.2024;21
"0301";"31564";"1008569";" ";0.000;-51.00;915.00;0.00;02.01.2024;21
"0301";"31564";"1008570";" ";0.000;-154.00;1562.00;0.00;02.01.2024;21
"0301";"31564";"1008571";" ";0.000;-100.00;1015.00;0.00;02.01.2024;21
"0301";"31564";"1008572";" ";0.000;-154.00;1562.00;0.00;02.01.2024;21
"0301";"31564";"1008573";" ";0.000;-100.00;1015.00;0.00;02.01.2024;21
"0301";"31564";"1008574";" ";0.000;-154.00;1562.00;0.00;02.01.2024;21
"0301";"31564";"1008575";" ";0.000;-100.00;1015.00;0.00;02.01.2024;21
"0301";"31564";"1008576";" ";0.000;-154.00;1562.00;0.00;02.01.2024;21
"0301";"31564";"1008577";" ";0.000;-100.00;1015.00;0.00;02.01.2024;21
"0301";"31564";"1008578";" ";0.000;-233.00;1408.00;0.00;02.01.2024;21
"0301";"31564";"1008579";" ";0.000;-151.00;915.00;0.00;02.01.2024;21
"0301";"31564";"1008580";" ";0.000;-233.00;1408.00;0.00;02.01.2024;21
"0301";"31564";"1008581";" ";0.000;-151.00;915.00;0.00;02.01.2024;21
"0301";"31564";"1008582";" ";0.000;-233.00;1408.00;0.00;02.01.2024;21
"0301";"31564";"1008582";"1";0.000;-233.00;1408.00;0.00;02.01.2024;21
"0301";"31564";"1008582";"2";0.000;-233.00;1408.00;0.00;02.01.2024;21
"0301";"31564";"1008583";" ";0.000;-151.00;915.00;0.00;02.01.2024;21
"0301";"31564";"1008584";" ";0.000;-233.00;1408.00;0.00;02.01.2024;21
"0301";"31564";"1008584";"1";0.000;-233.00;1408.00;0.00;02.01.2024;21
"0301";"31564";"1008585";" ";0.000;-151.00;915.00;0.00;02.01.2024;21
"0301";"31564";"1008586";" ";0.000;-233.00;1408.00;0.00;02.01.2024;21
"0301";"31564";"1008587";" ";0.000;-151.00;915.00;0.00;02.01.2024;21
"0301";"31564";"1008588";" ";0.000;-233.00;1408.00;0.00;02.01.2024;21
"0301";"31564";"1008588";"1";0.000;-233.00;1408.00;0.00;02.01.2024;21
"0301";"31564";"1008589";" ";0.000;-151.00;915.00;0.00;02.01.2024;21
"0301";"31564";"1008598";" ";0.000;-107.02;1106.00;0.00;02.01.2024;21
"0301";"31564";"1008599";" ";0.000;-69.00;719.00;0.00;02.01.2024;21
"0301";"31564";"1008600";" ";0.000;-107.02;1106.00;0.00;02.01.2024;21
"0301";"31564";"1008601";" ";0.000;-69.00;719.00;0.00;02.01.2024;21
"0301";"31564";"1008602";" ";0.000;-107.02;1106.00;0.00;02.01.2024;21
"0301";"31564";"1008603";" ";0.000;-69.00;719.00;0.00;02.01.2024;21
"0301";"31564";"1008604";" ";0.000;-107.02;1106.00;0.00;02.01.2024;21
"0301";"31564";"1008605";" ";0.000;-69.00;719.00;0.00;02.01.2024;21
"0301";"31564";"1008606";" ";0.000;-107.02;1106.00;0.00;02.01.2024;21
"0301";"31564";"1008607";" ";0.000;-69.00;719.00;0.00;02.01.2024;21
"0301";"31564";"1008608";" ";0.000;-107.02;1106.00;0.00;02.01.2024;21
"0301";"31564";"1008609";" ";0.000;-69.00;719.00;0.00;02.01.2024;21
"0301";"31564";"1008610";" ";0.000;-107.02;1106.00;0.00;02.01.2024;21
"0301";"31564";"1008611";" ";0.000;-69.00;719.00;0.00;02.01.2024;21
"0301";"31564";"1008612";" ";0.000;-107.02;1106.00;0.00;02.01.2024;21
"0301";"31564";"1008613";" ";0.000;-69.00;719.00;0.00;02.01.2024;21
"0301";"31564";"1008614";" ";0.000;-107.02;1106.00;0.00;02.01.2024;21
"0301";"31564";"1008615";" ";0.000;-69.00;719.00;0.00;02.01.2024;21
"0301";"31564";"1008616";" ";0.000;-107.02;1106.00;0.00;02.01.2024;21
"0301";"31564";"1008617";" ";0.000;-69.00;719.00;0.00;02.01.2024;21
"0301";"31564";"1008638";" ";0.000;-303.00;1632.00;0.00;02.01.2024;21
"0301";"31564";"1008639";" ";0.000;-197.00;1061.00;0.00;02.01.2024;21
"0301";"31564";"1008640";" ";0.000;-303.00;1632.00;0.00;02.01.2024;21
"0301";"31564";"1008640";"1";0.000;-303.00;1632.00;0.00;02.01.2024;21
"0301";"31564";"1008641";" ";0.000;-197.00;1061.00;0.00;02.01.2024;21
"0301";"31564";"1008642";" ";0.000;-303.00;1632.00;0.00;02.01.2024;21
"0301";"31564";"1008643";" ";0.000;-197.00;1061.00;0.00;02.01.2024;21
"0301";"31564";"1008644";" ";0.000;-303.00;1632.00;0.00;02.01.2024;21
"0301";"31564";"1008645";" ";0.000;-197.00;1061.00;0.00;02.01.2024;21
"0301";"31564";"1008646";" ";0.000;-303.00;1632.00;0.00;02.01.2024;21
"0301";"31564";"1008647";" ";0.000;-197.00;1061.00;0.00;02.01.2024;21
"0301";"31564";"1008648";" ";0.000;-107.02;1106.00;0.00;02.01.2024;21
"0301";"31564";"1008649";" ";0.000;-69.00;719.00;0.00;02.01.2024;21
"0301";"31564";"1008650";" ";0.000;-107.02;1106.00;0.00;02.01.2024;21
"0301";"31564";"1008651";" ";0.000;-69.00;719.00;0.00;02.01.2024;21
"0301";"31564";"1008652";" ";0.000;-107.02;1106.00;0.00;02.01.2024;21
"0301";"31564";"1008653";" ";0.000;-69.00;719.00;0.00;02.01.2024;21
"0301";"31564";"1008654";" ";0.000;-107.02;1106.00;0.00;02.01.2024;21
"0301";"31564";"1008655";" ";0.000;-69.00;719.00;0.00;02.01.2024;21
"0301";"31564";"1008656";" ";0.000;-107.02;1106.00;0.00;02.01.2024;21
"0301";"31564";"1008657";" ";0.000;-69.00;719.00;0.00;02.01.2024;21
"0301";"31564";"1008658";" ";0.000;-72.00;1026.00;0.00;02.01.2024;21
"0301";"31564";"1008659";" ";0.000;-47.00;667.00;0.00;02.01.2024;21
"0301";"31564";"1008660";" ";0.000;-72.00;1026.00;0.00;02.01.2024;21
"0301";"31564";"1008661";" ";0.000;-47.00;667.00;0.00;02.01.2024;21
"0301";"31564";"1008662";" ";0.000;-72.00;1026.00;0.00;02.01.2024;21
"0301";"31564";"1008662";"1";0.000;-72.00;1026.00;0.00;02.01.2024;21
"0301";"31564";"1008663";" ";0.000;-47.00;667.00;0.00;02.01.2024;21
"0301";"31564";"1008664";" ";0.000;-72.00;1026.00;0.00;02.01.2024;21
"0301";"31564";"1008665";" ";0.000;-47.00;667.00;0.00;02.01.2024;21
"0301";"31564";"1008666";" ";0.000;-72.00;1026.00;0.00;02.01.2024;21
"0301";"31564";"1008667";" ";0.000;-47.00;667.00;0.00;02.01.2024;21
"0301";"31564";"1008668";" ";0.000;-232.00;1258.00;0.00;02.01.2024;21
"0301";"31564";"1008669";" ";0.000;-151.00;818.00;0.00;02.01.2024;21
"0301";"31564";"1008670";" ";0.000;-232.00;1258.00;0.00;02.01.2024;21
"0301";"31564";"1008671";" ";0.000;-151.00;818.00;0.00;02.01.2024;21
"0301";"31564";"1008672";" ";0.000;-232.00;1258.00;0.00;02.01.2024;21
"0301";"31564";"1008673";" ";0.000;-151.00;818.00;0.00;02.01.2024;21
"0301";"31564";"1008674";" ";0.000;-232.00;1258.00;0.00;02.01.2024;21
"0301";"31564";"1008675";" ";0.000;-151.00;818.00;0.00;02.01.2024;21
"0301";"31564";"1008676";" ";0.000;-232.00;1258.00;0.00;02.01.2024;21
"0301";"31564";"1008677";" ";0.000;-151.00;818.00;0.00;02.01.2024;21
"0301";"31564";"1008688";" ";0.000;-107.02;1106.00;0.00;02.01.2024;21
"0301";"31564";"1008689";" ";0.000;-69.00;719.00;0.00;02.01.2024;21
"0301";"31564";"1008690";" ";0.000;-107.02;1106.00;0.00;02.01.2024;21
"0301";"31564";"1008691";" ";0.000;-69.00;719.00;0.00;02.01.2024;21
"0301";"31564";"1008692";" ";0.000;-107.02;1106.00;0.00;02.01.2024;21
"0301";"31564";"1008693";" ";0.000;-69.00;719.00;0.00;02.01.2024;21
"0301";"31564";"1008694";" ";0.000;-107.02;1106.00;0.00;02.01.2024;21
"0301";"31564";"1008695";" ";0.000;-69.00;719.00;0.00;02.01.2024;21
"0301";"31564";"1008696";" ";0.000;-107.02;1106.00;0.00;02.01.2024;21
"0301";"31564";"1008697";" ";0.000;-69.00;719.00;0.00;02.01.2024;21
"0301";"31564";"1008698";" ";0.000;69.00;885.00;0.00;02.01.2024;21
"0301";"31564";"1008699";" ";0.000;45.00;575.00;0.00;02.01.2024;21
"0301";"31564";"1008700";" ";0.000;69.00;885.00;0.00;02.01.2024;21
"0301";"31564";"1008701";" ";0.000;45.00;575.00;0.00;02.01.2024;21
"0301";"31564";"1008702";" ";0.000;69.00;885.00;0.00;02.01.2024;21
"0301";"31564";"1008702";"1";0.000;69.00;885.00;0.00;02.01.2024;21
"0301";"31564";"1008702";"2";0.000;69.00;885.00;0.00;02.01.2024;21
"0301";"31564";"1008703";" ";0.000;45.00;575.00;0.00;02.01.2024;21
"0301";"31564";"1008704";" ";0.000;69.00;885.00;0.00;02.01.2024;21
"0301";"31564";"1008705";" ";0.000;45.00;575.00;0.00;02.01.2024;21
"0301";"31564";"1008706";" ";0.000;69.00;885.00;0.00;02.01.2024;21
"0301";"31564";"1008707";" ";0.000;45.00;575.00;0.00;02.01.2024;21
"0301";"31564";"1008790";" ";0.000;-303.00;1632.00;0.00;02.01.2024;21
"0301";"31564";"1008791";" ";0.000;-197.00;1061.00;0.00;02.01.2024;21
"0301";"31564";"1008792";" ";0.000;-303.00;1632.00;0.00;02.01.2024;21
"0301";"31564";"1008793";" ";0.000;-197.00;1061.00;0.00;02.01.2024;21
"0301";"31564";"1008794";" ";0.000;-303.00;1632.00;0.00;02.01.2024;21
"0301";"31564";"1008795";" ";0.000;-197.00;1061.00;0.00;02.01.2024;21
"0301";"31564";"1008796";" ";0.000;-303.00;1632.00;0.00;02.01.2024;21
"0301";"31564";"1008797";" ";0.000;-197.00;1061.00;0.00;02.01.2024;21
"0301";"31564";"1008798";" ";0.000;-303.00;1632.00;0.00;02.01.2024;21
"0301";"31564";"1008799";" ";0.000;-197.00;1061.00;0.00;02.01.2024;21
"0301";"31564";"1008800";" ";0.000;-233.00;1408.00;0.00;02.01.2024;21
"0301";"31564";"1008801";" ";0.000;-151.00;915.00;0.00;02.01.2024;21
"0301";"31564";"1008802";" ";0.000;-233.00;1408.00;0.00;02.01.2024;21
"0301";"31564";"1008803";" ";0.000;-151.00;915.00;0.00;02.01.2024;21
"0301";"31564";"1008804";" ";0.000;-233.00;1408.00;0.00;02.01.2024;21
"0301";"31564";"1008805";" ";0.000;-151.00;915.00;0.00;02.01.2024;21
"0301";"31564";"1008806";" ";0.000;-233.00;1408.00;0.00;02.01.2024;21
"0301";"31564";"1008807";" ";0.000;-151.00;915.00;0.00;02.01.2024;21
"0301";"31564";"1008808";" ";0.000;-107.02;1106.00;0.00;02.01.2024;21
"0301";"31564";"1008809";" ";0.000;-69.00;719.00;0.00;02.01.2024;21
"0301";"31564";"1008810";" ";0.000;-107.02;1106.00;0.00;02.01.2024;21
"0301";"31564";"1008811";" ";0.000;-69.00;719.00;0.00;02.01.2024;21
"0301";"31564";"1008812";" ";0.000;-107.02;1106.00;0.00;02.01.2024;21
"0301";"31564";"1008813";" ";0.000;-69.00;719.00;0.00;02.01.2024;21
"0301";"31564";"1008814";" ";0.000;-107.02;1106.00;0.00;02.01.2024;21
"0301";"31564";"1008815";" ";0.000;-69.00;719.00;0.00;02.01.2024;21
"0301";"31564";"1008816";" ";0.000;-69.00;954.00;0.00;02.01.2024;21
"0301";"31564";"1008817";" ";0.000;-45.00;620.00;0.00;02.01.2024;21
"0301";"31564";"1008818";" ";0.000;-69.00;954.00;0.00;02.01.2024;21
"0301";"31564";"1008818";"1";0.000;-69.00;954.00;0.00;02.01.2024;21
"0301";"31564";"1008818";"2";0.000;-69.00;954.00;0.00;02.01.2024;21
"0301";"31564";"1008818";"3";59.400;-69.00;954.00;0.00;02.01.2024;21
"0301";"31564";"1008819";" ";0.000;-45.00;620.00;0.00;02.01.2024;21
"0301";"31564";"1008820";" ";0.000;-69.00;954.00;0.00;02.01.2024;21
"0301";"31564";"1008820";"1";0.000;-69.00;954.00;0.00;02.01.2024;21
"0301";"31564";"1008820";"2";0.000;-69.00;954.00;0.00;02.01.2024;21
"0301";"31564";"1008820";"3";0.000;-69.00;954.00;0.00;02.01.2024;21
"0301";"31564";"1008820";"4";0.000;-69.00;954.00;0.00;02.01.2024;21
"0301";"31564";"1008821";" ";0.000;-45.00;620.00;0.00;02.01.2024;21
"0301";"31564";"1008822";" ";0.000;-69.00;954.00;0.00;02.01.2024;21
"0301";"31564";"1008823";" ";0.000;-45.00;620.00;0.00;02.01.2024;21
"0301";"31564";"1008824";" ";0.000;-107.02;1106.00;0.00;02.01.2024;21
"0301";"31564";"1008825";" ";0.000;-69.00;719.00;0.00;02.01.2024;21
"0301";"31564";"1008826";" ";0.000;-107.02;1106.00;0.00;02.01.2024;21
"0301";"31564";"1008827";" ";0.000;-69.00;719.00;0.00;02.01.2024;21
"0301";"31564";"1008828";" ";0.000;-107.02;1106.00;0.00;02.01.2024;21
"0301";"31564";"1008829";" ";0.000;-69.00;719.00;0.00;02.01.2024;21
"0301";"31564";"1008830";" ";0.000;-107.02;1106.00;0.00;02.01.2024;21
"0301";"31564";"1008831";" ";0.000;-69.00;719.00;0.00;02.01.2024;21
"0301";"31564";"1008832";" ";0.000;86.00;799.00;0.00;02.01.2024;21
"0301";"31564";"1008832";"1";5.400;86.00;799.00;0.00;02.01.2024;21
"0301";"31564";"1008832";"2";21.600;86.00;799.00;0.00;02.01.2024;21
"0301";"31564";"1008833";" ";0.000;56.00;519.00;0.00;02.01.2024;21
"0301";"31564";"1008834";" ";0.000;86.00;799.00;0.00;02.01.2024;21
"0301";"31564";"1008834";"1";0.000;86.00;799.00;0.00;02.01.2024;21
"0301";"31564";"1008834";"2";10.800;86.00;799.00;0.00;02.01.2024;21
"0301";"31564";"1008834";"3";0.000;86.00;799.00;0.00;02.01.2024;21
"0301";"31564";"1008834";"4";0.000;86.00;799.00;0.00;02.01.2024;21
"0301";"31564";"1008835";" ";0.000;56.00;519.00;0.00;02.01.2024;21
"0301";"31564";"1008836";" ";0.000;86.00;799.00;0.00;02.01.2024;21
"0301";"31564";"1008836";"1";0.000;86.00;799.00;0.00;02.01.2024;21
"0301";"31564";"1008836";"2";0.000;86.00;799.00;0.00;02.01.2024;21
"0301";"31564";"1008836";"3";0.000;86.00;799.00;0.00;02.01.2024;21
"0301";"31564";"1008836";"4";0.000;86.00;799.00;0.00;02.01.2024;21
"0301";"31564";"1008837";" ";0.000;56.00;519.00;0.00;02.01.2024;21
"0301";"31564";"1008838";" ";0.000;86.00;799.00;0.00;02.01.2024;21
"0301";"31564";"1008839";" ";0.000;56.00;519.00;0.00;02.01.2024;21
"0301";"31564";"1008892";" ";0.000;-233.00;1408.00;0.00;02.01.2024;21
"0301";"31564";"1008893";" ";0.000;-151.00;915.00;0.00;02.01.2024;21
"0301";"31564";"1008894";" ";0.000;-233.00;1408.00;0.00;02.01.2024;21
"0301";"31564";"1008894";"1";0.000;-233.00;1408.00;0.00;02.01.2024;21
"0301";"31564";"1008895";" ";0.000;-151.00;915.00;0.00;02.01.2024;21
"0301";"31564";"1008896";" ";0.000;-233.00;1408.00;0.00;02.01.2024;21
"0301";"31564";"1008897";" ";0.000;-151.00;915.00;0.00;02.01.2024;21
"0301";"31564";"1008898";" ";0.000;-233.00;1408.00;0.00;02.01.2024;21
"0301";"31564";"1008899";" ";0.000;-151.00;915.00;0.00;02.01.2024;21
"0301";"31564";"1008900";" ";0.000;-233.00;1408.00;0.00;02.01.2024;21
"0301";"31564";"1008901";" ";0.000;-151.00;915.00;0.00;02.01.2024;21
"0301";"31564";"1008902";" ";0.000;-233.00;1408.00;0.00;02.01.2024;21
"0301";"31564";"1008903";" ";0.000;-151.00;915.00;0.00;02.01.2024;21
"0301";"31564";"1008904";" ";0.000;-233.00;1408.00;0.00;02.01.2024;21
"0301";"31564";"1008905";" ";0.000;-151.00;915.00;0.00;02.01.2024;21
"0301";"31564";"1008906";" ";0.000;-233.00;1408.00;0.00;02.01.2024;21
"0301";"31564";"1008907";" ";0.000;-151.00;915.00;0.00;02.01.2024;21
"0301";"31564";"1008908";" ";0.000;-141.00;1026.00;0.00;02.01.2024;21
"0301";"31564";"1008909";" ";0.000;-92.00;667.00;0.00;02.01.2024;21
"0301";"31564";"1008910";" ";0.000;-141.00;1026.00;0.00;02.01.2024;21
"0301";"31564";"1008911";" ";0.000;-92.00;667.00;0.00;02.01.2024;21
"0301";"31564";"1008975";" ";0.000;-783.00;1026.00;0.00;02.01.2024;21
"0301";"31564";"1008975";"1";25.920;-783.00;1026.00;0.00;02.01.2024;21
"0301";"31564";"1008981";" ";0.000;-556.00;799.00;0.00;02.01.2024;21
"0301";"31564";"1008981";"1";0.000;-556.00;799.00;0.00;02.01.2024;21
"0301";"31564";"1008981";"2";0.000;-556.00;799.00;0.00;02.01.2024;21
"0301";"31564";"1008986";" ";0.000;-556.00;799.00;0.00;02.01.2024;21
"0301";"31564";"1008988";" ";0.000;-783.00;1026.00;0.00;02.01.2024;21
"0301";"31564";"1009008";" ";0.000;-155.00;954.00;0.00;02.01.2024;21
"0301";"31564";"1009009";" ";0.000;-101.00;620.00;0.00;02.01.2024;21
"0301";"31564";"1009012";" ";0.000;-92.00;741.00;0.00;02.01.2024;21
"0301";"31564";"1009018";" ";0.000;-62.00;649.00;0.00;02.01.2024;21
"0301";"31564";"1009019";" ";0.000;-41.00;422.00;0.00;02.01.2024;21
"0301";"31564";"1009020";" ";0.000;-155.00;954.00;0.00;02.01.2024;21
"0301";"31564";"1009021";" ";0.000;-101.00;620.00;0.00;02.01.2024;21
"0301";"31564";"1009024";" ";0.000;-92.00;741.00;0.00;02.01.2024;21
"0301";"31564";"1009031";" ";0.000;-92.00;741.00;0.00;02.01.2024;21
"0301";"31564";"1009037";" ";0.000;-155.00;954.00;0.00;02.01.2024;21
"0301";"31564";"1009038";" ";0.000;-101.00;620.00;0.00;02.01.2024;21
"0301";"31564";"1009044";" ";0.000;-92.00;741.00;0.00;02.01.2024;21
"0301";"31564";"1009048";" ";0.000;-92.00;741.00;0.00;02.01.2024;21
"0301";"31564";"1009050";" ";0.000;-62.00;649.00;0.00;02.01.2024;21
"0301";"31564";"1009051";" ";0.000;-50.00;519.00;0.00;02.01.2024;21
"0301";"31564";"1009054";" ";0.000;72.00;954.00;0.00;02.01.2024;21
"0301";"31564";"1009055";" ";0.000;47.00;620.00;0.00;02.01.2024;21
"0301";"31564";"1009056";" ";0.000;-80.00;1106.00;0.00;02.01.2024;21
"0301";"31564";"1009057";" ";0.000;-52.00;719.00;0.00;02.01.2024;21
"0301";"31564";"1009058";" ";0.000;-233.00;1408.00;0.00;02.01.2024;21
"0301";"31564";"1009059";" ";0.000;-151.00;915.00;0.00;02.01.2024;21
"0301";"31564";"1009066";" ";0.000;-107.02;1106.00;0.00;02.01.2024;21
"0301";"31564";"1009067";" ";0.000;-69.00;719.00;0.00;02.01.2024;21
"0301";"31564";"1009068";" ";0.000;-107.02;1106.00;0.00;02.01.2024;21
"0301";"31564";"1009069";" ";0.000;-69.00;719.00;0.00;02.01.2024;21
"0301";"31564";"1009072";" ";0.000;-498.00;741.00;0.00;02.01.2024;21
"0301";"31564";"1009074";" ";0.000;-498.00;741.00;0.00;02.01.2024;21
"0301";"31564";"1009084";" ";0.000;-62.00;649.00;0.00;02.01.2024;21
"0301";"31564";"1009085";" ";0.000;-50.00;519.00;0.00;02.01.2024;21
"0301";"31564";"1009088";" ";0.000;72.00;954.00;0.00;02.01.2024;21
"0301";"31564";"1009089";" ";0.000;47.00;620.00;0.00;02.01.2024;21
"0301";"31564";"1009090";" ";0.000;-80.00;1106.00;0.00;02.01.2024;21
"0301";"31564";"1009091";" ";0.000;-52.00;719.00;0.00;02.01.2024;21
"0301";"31564";"1009092";" ";0.000;-233.00;1408.00;0.00;02.01.2024;21
"0301";"31564";"1009093";" ";0.000;-151.00;915.00;0.00;02.01.2024;21
"0301";"31564";"1009100";" ";0.000;-107.02;1106.00;0.00;02.01.2024;21
"0301";"31564";"1009101";" ";0.000;-69.00;719.00;0.00;02.01.2024;21
"0301";"31564";"1009102";" ";0.000;-107.02;1106.00;0.00;02.01.2024;21
"0301";"31564";"1009103";" ";0.000;-69.00;719.00;0.00;02.01.2024;21
"0301";"31564";"1009114";" ";0.000;-711.00;954.00;0.00;02.01.2024;21
"0301";"31564";"1009115";" ";0.000;-711.00;954.00;0.00;02.01.2024;21
"0301";"31564";"1009116";" ";0.000;-498.00;741.00;0.00;02.01.2024;21
"0301";"31564";"1009118";" ";0.000;-498.00;741.00;0.00;02.01.2024;21
"0301";"31564";"1009120";" ";0.000;-711.00;954.00;0.00;02.01.2024;21
"0301";"31564";"1009121";" ";0.000;-711.00;954.00;0.00;02.01.2024;21
"0301";"31564";"1009122";" ";0.000;-62.00;649.00;0.00;02.01.2024;21
"0301";"31564";"1009123";" ";0.000;-50.00;519.00;0.00;02.01.2024;21
"0301";"31564";"1009126";" ";0.000;72.00;954.00;0.00;02.01.2024;21
"0301";"31564";"1009127";" ";0.000;47.00;620.00;0.00;02.01.2024;21
"0301";"31564";"1009128";" ";0.000;-80.00;1106.00;0.00;02.01.2024;21
"0301";"31564";"1009129";" ";0.000;-52.00;719.00;0.00;02.01.2024;21
"0301";"31564";"1009130";" ";0.000;-233.00;1408.00;0.00;02.01.2024;21
"0301";"31564";"1009131";" ";0.000;-151.00;915.00;0.00;02.01.2024;21
"0301";"31564";"1009138";" ";0.000;-107.02;1106.00;0.00;02.01.2024;21
"0301";"31564";"1009139";" ";0.000;-69.00;719.00;0.00;02.01.2024;21
"0301";"31564";"1009140";" ";0.000;-107.02;1106.00;0.00;02.01.2024;21
"0301";"31564";"1009141";" ";0.000;-69.00;719.00;0.00;02.01.2024;21
"0301";"31564";"1009144";" ";0.000;-498.00;741.00;0.00;02.01.2024;21
"0301";"31564";"1009146";" ";0.000;-498.00;741.00;0.00;02.01.2024;21
"0301";"31564";"1009156";" ";0.000;-62.00;649.00;0.00;02.01.2024;21
"0301";"31564";"1009157";" ";0.000;-50.00;519.00;0.00;02.01.2024;21
"0301";"31564";"1009160";" ";0.000;72.00;954.00;0.00;02.01.2024;21
"0301";"31564";"1009161";" ";0.000;47.00;620.00;0.00;02.01.2024;21
"0301";"31564";"1009162";" ";0.000;-80.00;1106.00;0.00;02.01.2024;21
"0301";"31564";"1009163";" ";0.000;-52.00;719.00;0.00;02.01.2024;21
"0301";"31564";"1009164";" ";0.000;-233.00;1408.00;0.00;02.01.2024;21
"0301";"31564";"1009165";" ";0.000;-151.00;915.00;0.00;02.01.2024;21
"0301";"31564";"1009172";" ";0.000;-107.02;1106.00;0.00;02.01.2024;21
"0301";"31564";"1009173";" ";0.000;-69.00;719.00;0.00;02.01.2024;21
"0301";"31564";"1009174";" ";0.000;-107.02;1106.00;0.00;02.01.2024;21
"0301";"31564";"1009175";" ";0.000;-69.00;719.00;0.00;02.01.2024;21
"0301";"31564";"1009178";" ";0.000;-498.00;741.00;0.00;02.01.2024;21
"0301";"31564";"1009180";" ";0.000;-498.00;741.00;0.00;02.01.2024;21
"0301";"31564";"1009190";" ";0.000;-62.00;649.00;0.00;02.01.2024;21
"0301";"31564";"1009190";"1";0.000;-62.00;649.00;0.00;02.01.2024;21
"0301";"31564";"1009191";" ";0.000;-50.00;519.00;0.00;02.01.2024;21
"0301";"31564";"1009194";" ";0.000;72.00;954.00;0.00;02.01.2024;21
"0301";"31564";"1009195";" ";0.000;47.00;620.00;0.00;02.01.2024;21
"0301";"31564";"1009196";" ";0.000;-80.00;1106.00;0.00;02.01.2024;21
"0301";"31564";"1009197";" ";0.000;-52.00;719.00;0.00;02.01.2024;21
"0301";"31564";"1009198";" ";0.000;-233.00;1408.00;0.00;02.01.2024;21
"0301";"31564";"1009198";"1";0.000;-233.00;1408.00;0.00;02.01.2024;21
"0301";"31564";"1009199";" ";0.000;-151.00;915.00;0.00;02.01.2024;21
"0301";"31564";"1009206";" ";0.000;-107.02;1106.00;0.00;02.01.2024;21
"0301";"31564";"1009207";" ";0.000;-69.00;719.00;0.00;02.01.2024;21
"0301";"31564";"1009208";" ";0.000;-107.02;1106.00;0.00;02.01.2024;21
"0301";"31564";"1009209";" ";0.000;-69.00;719.00;0.00;02.01.2024;21
"0301";"31564";"1009212";" ";0.000;-498.00;741.00;0.00;02.01.2024;21
"0301";"31564";"1009214";" ";0.000;-498.00;741.00;0.00;02.01.2024;21
"0301";"31564";"1009240";" ";0.000;-86.00;885.00;0.00;02.01.2024;21
"0301";"31564";"1009241";" ";0.000;-56.00;575.00;0.00;02.01.2024;21
"0301";"31564";"1009242";" ";0.000;-86.00;885.00;0.00;02.01.2024;21
"0301";"31564";"1009243";" ";0.000;-56.00;575.00;0.00;02.01.2024;21
"0301";"31564";"1009244";" ";0.000;-86.00;885.00;0.00;02.01.2024;21
"0301";"31564";"1009245";" ";0.000;-56.00;575.00;0.00;02.01.2024;21
"0301";"31564";"1009246";" ";0.000;-86.00;885.00;0.00;02.01.2024;21
"0301";"31564";"1009247";" ";0.000;-56.00;575.00;0.00;02.01.2024;21
"0301";"31564";"1009272";" ";0.000;-155.00;954.00;0.00;02.01.2024;21
"0301";"31564";"1009273";" ";0.000;-101.00;620.00;0.00;02.01.2024;21
"0301";"31564";"1009285";" ";0.000;-155.00;954.00;0.00;02.01.2024;21
"0301";"31564";"1009286";" ";0.000;-101.00;620.00;0.00;02.01.2024;21
"0301";"31564";"1009298";" ";0.000;-155.00;954.00;0.00;02.01.2024;21
"0301";"31564";"1009299";" ";0.000;-101.00;620.00;0.00;02.01.2024;21
"0301";"31564";"1009307";" ";0.000;-72.00;1026.00;0.00;02.01.2024;21
"0301";"31564";"1009308";" ";0.000;-47.00;667.00;0.00;02.01.2024;21
"0301";"31564";"1009311";" ";0.000;-783.00;1026.00;0.00;02.01.2024;21
"0301";"31564";"1009319";" ";0.000;-72.00;1026.00;0.00;02.01.2024;21
"0301";"31564";"1009320";" ";0.000;-47.00;667.00;0.00;02.01.2024;21
"0301";"31564";"1009330";" ";0.000;-72.00;1026.00;0.00;02.01.2024;21
"0301";"31564";"1009331";" ";0.000;-47.00;667.00;0.00;02.01.2024;21
"0301";"31564";"1009341";" ";0.000;-72.00;1026.00;0.00;02.01.2024;21
"0301";"31564";"1009342";" ";0.000;-47.00;667.00;0.00;02.01.2024;21
"0301";"31564";"1009348";" ";0.000;-783.00;1026.00;0.00;02.01.2024;21
"0301";"31564";"1009348";"1";0.000;-783.00;1026.00;0.00;02.01.2024;21
"0301";"31564";"1009349";" ";0.000;-303.00;1632.00;0.00;02.01.2024;21
"0301";"31564";"1009350";" ";0.000;-197.00;1061.00;0.00;02.01.2024;21
"0301";"31564";"1009352";" ";0.000;-303.00;1632.00;0.00;02.01.2024;21
"0301";"31564";"1009353";" ";0.000;-197.00;1061.00;0.00;02.01.2024;21
"0301";"31564";"1009355";" ";0.000;-303.00;1632.00;0.00;02.01.2024;21
"0301";"31564";"1009356";" ";0.000;-197.00;1061.00;0.00;02.01.2024;21
"0301";"31564";"1009370";" ";0.000;-303.00;1632.00;0.00;02.01.2024;21
"0301";"31564";"1009371";" ";0.000;-197.00;1061.00;0.00;02.01.2024;21
"0301";"31564";"1009373";" ";0.000;-303.00;1632.00;0.00;02.01.2024;21
"0301";"31564";"1009373";"1";0.000;-303.00;1632.00;0.00;02.01.2024;21
"0301";"31564";"1009374";" ";0.000;-197.00;1061.00;0.00;02.01.2024;21
"0301";"31564";"1009376";" ";0.000;-303.00;1632.00;0.00;02.01.2024;21
"0301";"31564";"1009377";" ";0.000;-197.00;1061.00;0.00;02.01.2024;21
"0301";"31564";"1009387";" ";0.000;-1317.00;1408.00;0.00;02.01.2024;21
"0301";"31564";"1009388";" ";0.000;-443.00;497.00;0.00;02.01.2024;21
"0301";"31564";"1009389";" ";0.000;-793.00;954.00;0.00;02.01.2024;21
"0301";"31564";"1009391";" ";0.000;-793.00;954.00;0.00;02.01.2024;21
"0301";"31564";"1009395";" ";0.000;-1015.00;1258.00;0.00;02.01.2024;21
"0301";"31564";"1009399";" ";0.000;-153.00;207.00;0.00;02.01.2024;21
"0301";"31564";"1009400";" ";0.000;-496.00;587.00;0.00;02.01.2024;21
"0301";"31564";"1009401";" ";0.000;-28.00;82.00;0.00;02.01.2024;21
"0301";"31564";"1009402";" ";0.000;-162.00;253.00;0.00;02.01.2024;21
"0301";"31564";"1009404";" ";0.000;-169.00;223.00;0.00;02.01.2024;21
"0301";"31564";"1009406";" ";0.000;-169.00;223.00;0.00;02.01.2024;21
"0301";"31564";"1009407";" ";0.000;-45.00;99.00;0.00;02.01.2024;21
"0301";"31564";"1009408";" ";0.000;-62.00;116.00;0.00;02.01.2024;21
"0301";"31564";"1009409";" ";0.000;-865.00;1026.00;0.00;02.01.2024;21
"0301";"31564";"1009411";" ";0.000;-783.00;1026.00;0.00;02.01.2024;21
"0301";"31564";"1009413";" ";0.000;-863.00;1106.00;0.00;02.01.2024;21
"0301";"31564";"1009415";" ";0.000;-496.00;587.00;0.00;02.01.2024;21
"0301";"31564";"1009416";" ";0.000;-724.00;885.00;0.00;02.01.2024;21
"0301";"31564";"1009418";" ";0.000;-783.00;1026.00;0.00;02.01.2024;21
"0301";"31564";"1009420";" ";0.000;-863.00;1106.00;0.00;02.01.2024;21
"0301";"31564";"1009422";" ";0.000;-496.00;587.00;0.00;02.01.2024;21
"0301";"31564";"1009423";" ";0.000;-724.00;885.00;0.00;02.01.2024;21
"0301";"31564";"1009429";" ";0.000;-496.00;587.00;0.00;02.01.2024;21
"0301";"31564";"1009430";" ";0.000;-724.00;885.00;0.00;02.01.2024;21
"0301";"31564";"1009432";" ";0.000;-945.00;1106.00;0.00;02.01.2024;21
"0301";"31564";"1009438";" ";0.000;-496.00;587.00;0.00;02.01.2024;21
"0301";"31564";"1009439";" ";0.000;-162.00;253.00;0.00;02.01.2024;21
"0301";"31564";"1009440";" ";0.000;-783.00;1026.00;0.00;02.01.2024;21
"0301";"31564";"1009442";" ";0.000;-863.00;1106.00;0.00;02.01.2024;21
"0301";"31564";"1009444";" ";0.000;-496.00;587.00;0.00;02.01.2024;21
"0301";"31564";"1009445";" ";0.000;-865.00;1026.00;0.00;02.01.2024;21
"0301";"31564";"1009449";" ";0.000;-443.00;497.00;0.00;02.01.2024;21
"0301";"31564";"1009450";" ";0.000;-724.00;885.00;0.00;02.01.2024;21
"0301";"31564";"1009452";" ";0.000;-638.00;799.00;0.00;02.01.2024;21
"0301";"31564";"1009452";"1";0.000;-638.00;799.00;0.00;02.01.2024;21
"0301";"31564";"1009458";" ";0.000;-1015.00;1258.00;0.00;02.01.2024;21
"0301";"31564";"1009460";" ";0.000;-1167.00;1258.00;0.00;02.01.2024;21
"0301";"31564";"1009460";"1";0.000;-1167.00;1258.00;0.00;02.01.2024;21
"0301";"31564";"1009461";" ";0.000;-153.00;207.00;0.00;02.01.2024;21
"0301";"31564";"1009462";" ";0.000;-496.00;587.00;0.00;02.01.2024;21
"0301";"31564";"1009463";" ";0.000;-28.00;82.00;0.00;02.01.2024;21
"0301";"31564";"1009464";" ";0.000;-162.00;253.00;0.00;02.01.2024;21
"0301";"31564";"1009466";" ";0.000;-169.00;223.00;0.00;02.01.2024;21
"0301";"31564";"1009468";" ";0.000;-169.00;223.00;0.00;02.01.2024;21
"0301";"31564";"1009469";" ";0.000;-45.00;99.00;0.00;02.01.2024;21
"0301";"31564";"1009470";" ";0.000;-62.00;116.00;0.00;02.01.2024;21
"0301";"31564";"1009471";" ";0.000;-724.00;885.00;0.00;02.01.2024;21
"0301";"31564";"1009473";" ";0.000;-724.00;885.00;0.00;02.01.2024;21
"0301";"31564";"1009473";"1";0.000;-724.00;885.00;0.00;02.01.2024;21
"0301";"31564";"1009475";" ";0.000;-1471.00;1562.00;0.00;02.01.2024;21
"0301";"31564";"1009478";" ";0.000;-783.00;1026.00;0.00;02.01.2024;21
"0301";"31564";"1009480";" ";0.000;-1015.00;1258.00;0.00;02.01.2024;21
"0301";"31564";"1009482";" ";0.000;-443.00;497.00;0.00;02.01.2024;21
"0301";"31564";"1009483";" ";0.000;-45.00;99.00;0.00;02.01.2024;21
"0301";"31564";"1009484";" ";0.000;-496.00;587.00;0.00;02.01.2024;21
"0301";"31564";"1009485";" ";0.000;-28.00;82.00;0.00;02.01.2024;21
"0301";"31564";"1009486";" ";0.000;-162.00;253.00;0.00;02.01.2024;21
"0301";"31564";"1009487";" ";0.000;-496.00;587.00;0.00;02.01.2024;21
"0301";"31564";"1009490";" ";0.000;-556.00;799.00;0.00;02.01.2024;21
"0301";"31564";"1009492";" ";0.000;-711.00;954.00;0.00;02.01.2024;21
"0301";"31564";"1009494";" ";0.000;-443.00;497.00;0.00;02.01.2024;21
"0301";"31564";"1009495";" ";0.000;-496.00;587.00;0.00;02.01.2024;21
"0301";"31564";"1009496";" ";0.000;-162.00;253.00;0.00;02.01.2024;21
"0301";"31564";"1009498";" ";0.000;-62.00;116.00;0.00;02.01.2024;21
"0301";"31564";"1009500";" ";0.000;-496.00;587.00;0.00;02.01.2024;21
"0301";"31564";"1009502";" ";0.000;-724.00;885.00;0.00;02.01.2024;21
"0301";"31564";"1009504";" ";0.000;-793.00;954.00;0.00;02.01.2024;21
"0301";"31564";"1009512";" ";0.000;-1167.00;1258.00;0.00;02.01.2024;21
"0301";"31564";"1009515";" ";0.000;-556.00;799.00;0.00;02.01.2024;21
"0301";"31564";"1009517";" ";0.000;-711.00;954.00;0.00;02.01.2024;21
"0301";"31564";"1009519";" ";0.000;-711.00;954.00;0.00;02.01.2024;21
"0301";"31564";"1009521";" ";0.000;-443.00;497.00;0.00;02.01.2024;21
"0301";"31564";"1009522";" ";0.000;-42.00;96.00;0.00;02.01.2024;21
"0301";"31564";"1009522";"1";0.000;-42.00;96.00;0.00;02.01.2024;21
"0301";"31564";"1009523";" ";0.000;-496.00;587.00;0.00;02.01.2024;21
"0301";"31564";"1009524";" ";0.000;-28.00;82.00;0.00;02.01.2024;21
"0301";"31564";"1009525";" ";0.000;-162.00;253.00;0.00;02.01.2024;21
"0301";"31564";"1009527";" ";0.000;-169.00;223.00;0.00;02.01.2024;21
"0301";"31564";"1009529";" ";0.000;-169.00;223.00;0.00;02.01.2024;21
"0301";"31564";"1009531";" ";0.000;-67.00;121.00;0.00;02.01.2024;21
"0301";"31564";"1009533";" ";0.000;-62.00;116.00;0.00;02.01.2024;21
"0301";"31564";"1009534";" ";0.000;-45.00;99.00;0.00;02.01.2024;21
"0301";"31564";"1009535";" ";0.000;-496.00;587.00;0.00;02.01.2024;21
"0301";"31564";"1009538";" ";0.000;-496.00;587.00;0.00;02.01.2024;21
"0301";"31564";"1009541";" ";0.000;-1167.00;1258.00;0.00;02.01.2024;21
"0301";"31564";"1009544";" ";0.000;-556.00;799.00;0.00;02.01.2024;21
"0301";"31564";"1009546";" ";0.000;-711.00;954.00;0.00;02.01.2024;21
"0301";"31564";"1009548";" ";0.000;-443.00;497.00;0.00;02.01.2024;21
"0301";"31564";"1009549";" ";0.000;-45.00;99.00;0.00;02.01.2024;21
"0301";"31564";"1009550";" ";0.000;-496.00;587.00;0.00;02.01.2024;21
"0301";"31564";"1009552";" ";0.000;-162.00;253.00;0.00;02.01.2024;21
"0301";"31564";"1009561";" ";0.000;-62.00;116.00;0.00;02.01.2024;21
"0301";"31564";"1009566";" ";0.000;-863.00;1106.00;0.00;02.01.2024;21
"0301";"31564";"1009568";" ";0.000;-863.00;1106.00;0.00;02.01.2024;21
"0301";"31564";"1009594";" ";0.000;-233.00;1408.00;0.00;02.01.2024;21
"0301";"31564";"1009595";" ";0.000;-151.00;915.00;0.00;02.01.2024;21
"0301";"31564";"1009596";" ";0.000;-233.00;1408.00;0.00;02.01.2024;21
"0301";"31564";"1009597";" ";0.000;-151.00;915.00;0.00;02.01.2024;21
"0301";"31564";"1009598";" ";0.000;-233.00;1408.00;0.00;02.01.2024;21
"0301";"31564";"1009599";" ";0.000;-151.00;915.00;0.00;02.01.2024;21
"0301";"31564";"1009600";" ";0.000;-233.00;1408.00;0.00;02.01.2024;21
"0301";"31564";"1009601";" ";0.000;-151.00;915.00;0.00;02.01.2024;21
"0301";"31564";"1009602";" ";0.000;-233.00;1408.00;0.00;02.01.2024;21
"0301";"31564";"1009602";"1";0.000;-233.00;1408.00;0.00;02.01.2024;21
"0301";"31564";"1009603";" ";0.000;-151.00;915.00;0.00;02.01.2024;21
"0301";"31564";"1009604";" ";0.000;-107.02;1106.00;0.00;02.01.2024;21
"0301";"31564";"1009605";" ";0.000;-69.00;719.00;0.00;02.01.2024;21
"0301";"31564";"1009606";" ";0.000;-107.02;1106.00;0.00;02.01.2024;21
"0301";"31564";"1009607";" ";0.000;-69.00;719.00;0.00;02.01.2024;21
"0301";"31564";"1009608";" ";0.000;-107.02;1106.00;0.00;02.01.2024;21
"0301";"31564";"1009609";" ";0.000;-69.00;719.00;0.00;02.01.2024;21
"0301";"31564";"1009610";" ";0.000;-107.02;1106.00;0.00;02.01.2024;21
"0301";"31564";"1009611";" ";0.000;-69.00;719.00;0.00;02.01.2024;21
"0301";"31564";"1009612";" ";0.000;-107.02;1106.00;0.00;02.01.2024;21
"0301";"31564";"1009613";" ";0.000;-69.00;719.00;0.00;02.01.2024;21
"0301";"31564";"1009624";" ";0.000;-307.00;1715.00;0.00;02.01.2024;21
"0301";"31564";"1009625";" ";0.000;-199.00;1114.00;0.00;02.01.2024;21
"0301";"31564";"1009626";" ";0.000;-307.00;1715.00;0.00;02.01.2024;21
"0301";"31564";"1009627";" ";0.000;-199.00;1114.00;0.00;02.01.2024;21
"0301";"31564";"1009628";" ";0.000;-307.00;1715.00;0.00;02.01.2024;21
"0301";"31564";"1009629";" ";0.000;-199.00;1114.00;0.00;02.01.2024;21
"0301";"31564";"1009661";" ";0.000;-92.00;741.00;0.00;02.01.2024;21
"0301";"31564";"1009662";" ";0.000;-92.00;741.00;0.00;02.01.2024;21
"0301";"31564";"1009663";" ";0.000;-92.00;741.00;0.00;02.01.2024;21
"0301";"31564";"1009664";" ";0.000;-92.00;741.00;0.00;02.01.2024;21
"0301";"31564";"1009693";" ";0.000;-783.00;1026.00;0.00;02.01.2024;21
"0301";"31564";"1009693";"1";0.000;-783.00;1026.00;0.00;02.01.2024;21
"0301";"31564";"1009694";" ";0.000;-783.00;1026.00;0.00;02.01.2024;21
"0301";"31564";"1009694";"1";0.000;-783.00;1026.00;0.00;02.01.2024;21
"0301";"31564";"1009695";" ";0.000;-556.00;799.00;0.00;02.01.2024;21
"0301";"31564";"1009695";"1";0.000;-556.00;799.00;0.00;02.01.2024;21
"0301";"31564";"1009696";" ";0.000;-556.00;799.00;0.00;02.01.2024;21
"0301";"31564";"1009696";"1";0.000;-556.00;799.00;0.00;02.01.2024;21
"0301";"31564";"1009697";" ";0.000;-556.00;799.00;0.00;02.01.2024;21
"0301";"31564";"1009697";"1";0.000;-556.00;799.00;0.00;02.01.2024;21
"0301";"31564";"1009698";" ";0.000;-556.00;799.00;0.00;02.01.2024;21
"0301";"31564";"1009699";" ";0.000;-79.00;1408.00;0.00;02.01.2024;21
"0301";"31564";"1009700";" ";0.000;-51.00;915.00;0.00;02.01.2024;21
"0301";"31564";"1009701";" ";0.000;-79.00;1408.00;0.00;02.01.2024;21
"0301";"31564";"1009702";" ";0.000;-51.00;915.00;0.00;02.01.2024;21
"0301";"31564";"1009703";" ";0.000;-79.00;1408.00;0.00;02.01.2024;21
"0301";"31564";"1009704";" ";0.000;-51.00;915.00;0.00;02.01.2024;21
"0301";"31564";"1009705";" ";0.000;-79.00;1408.00;0.00;02.01.2024;21
"0301";"31564";"1009706";" ";0.000;-51.00;915.00;0.00;02.01.2024;21
"0301";"31564";"1009707";" ";0.000;-79.00;1408.00;0.00;02.01.2024;21
"0301";"31564";"1009708";" ";0.000;-51.00;915.00;0.00;02.01.2024;21
"0301";"31564";"1009709";" ";0.000;-79.00;1408.00;0.00;02.01.2024;21
"0301";"31564";"1009710";" ";0.000;-51.00;915.00;0.00;02.01.2024;21
"0301";"31564";"1009711";" ";0.000;72.00;954.00;0.00;02.01.2024;21
"0301";"31564";"1009712";" ";0.000;47.00;620.00;0.00;02.01.2024;21
"0301";"31564";"1009713";" ";0.000;72.00;954.00;0.00;02.01.2024;21
"0301";"31564";"1009714";" ";0.000;47.00;620.00;0.00;02.01.2024;21
"0301";"31564";"1009715";" ";0.000;72.00;954.00;0.00;02.01.2024;21
"0301";"31564";"1009716";" ";0.000;47.00;620.00;0.00;02.01.2024;21
"0301";"31564";"1009717";" ";0.000;72.00;954.00;0.00;02.01.2024;21
"0301";"31564";"1009718";" ";0.000;47.00;620.00;0.00;02.01.2024;21
"0301";"31564";"1009719";" ";0.000;72.00;954.00;0.00;02.01.2024;21
"0301";"31564";"1009720";" ";0.000;47.00;620.00;0.00;02.01.2024;21
"0301";"31564";"1009721";" ";0.000;72.00;954.00;0.00;02.01.2024;21
"0301";"31564";"1009722";" ";0.000;47.00;620.00;0.00;02.01.2024;21
"0301";"31564";"1009753";" ";0.000;-642.00;885.00;0.00;02.01.2024;21
"0301";"31564";"1009753";"1";0.000;-642.00;885.00;0.00;02.01.2024;21
"0301";"31564";"1009753";"2";0.000;-642.00;885.00;0.00;02.01.2024;21
"0301";"31564";"1009753";"3";0.000;-642.00;885.00;0.00;02.01.2024;21
"0301";"31564";"1009753";"4";0.000;-642.00;885.00;0.00;02.01.2024;21
"0301";"31564";"1009754";" ";15.120;-642.00;885.00;0.00;02.01.2024;21
"0301";"31564";"1009754";"1";0.000;-642.00;885.00;0.00;02.01.2024;21
"0301";"31564";"1009755";" ";0.000;-642.00;885.00;0.00;02.01.2024;21
"0301";"31564";"1009755";"1";0.000;-642.00;885.00;0.00;02.01.2024;21
"0301";"31564";"1009755";"2";0.000;-642.00;885.00;0.00;02.01.2024;21
"0301";"31564";"1009756";" ";0.000;-642.00;885.00;0.00;02.01.2024;21
"0301";"31564";"1009756";"1";0.000;-642.00;885.00;0.00;02.01.2024;21
"0301";"31564";"1009757";" ";0.000;-412.00;466.00;0.00;02.01.2024;21
"0301";"31564";"1009758";" ";0.000;-412.00;466.00;0.00;02.01.2024;21
"0301";"31564";"1009759";" ";0.000;-412.00;466.00;0.00;02.01.2024;21
"0301";"31564";"1009760";" ";0.000;-498.00;741.00;0.00;02.01.2024;21
"0301";"31564";"1009761";" ";0.000;-498.00;741.00;0.00;02.01.2024;21
"0301";"31564";"1009761";"1";0.000;-498.00;741.00;0.00;02.01.2024;21
"0301";"31564";"1009762";" ";0.000;-642.00;885.00;0.00;02.01.2024;21
"0301";"31564";"1009763";" ";0.000;-642.00;885.00;0.00;02.01.2024;21
"0301";"31564";"1009764";" ";0.000;-533.00;587.00;0.00;02.01.2024;21
"0301";"31564";"1009765";" ";0.000;-533.00;587.00;0.00;02.01.2024;21
"0301";"31564";"1009766";" ";0.000;-412.00;466.00;0.00;02.01.2024;21
"0301";"31564";"1009767";" ";0.000;-412.00;466.00;0.00;02.01.2024;21
"0301";"31564";"1009778";" ";0.000;-62.00;649.00;0.00;02.01.2024;21
"0301";"31564";"1009779";" ";0.000;-41.00;422.00;0.00;02.01.2024;21
"0301";"31564";"1009780";" ";0.000;-62.00;649.00;0.00;02.01.2024;21
"0301";"31564";"1009781";" ";0.000;-41.00;422.00;0.00;02.01.2024;21
"0301";"31564";"1009782";" ";0.000;-62.00;649.00;0.00;02.01.2024;21
"0301";"31564";"1009783";" ";0.000;-41.00;422.00;0.00;02.01.2024;21
"0301";"31564";"1009787";" ";0.000;-62.00;649.00;0.00;02.01.2024;21
"0301";"31564";"1009788";" ";0.000;-41.00;422.00;0.00;02.01.2024;21
"0301";"31564";"1009789";" ";0.000;-62.00;649.00;0.00;02.01.2024;21
"0301";"31564";"1009789";"1";0.000;-62.00;649.00;0.00;02.01.2024;21
"0301";"31564";"1009790";" ";0.000;-41.00;422.00;0.00;02.01.2024;21
"0301";"31564";"1009791";" ";0.000;-62.00;649.00;0.00;02.01.2024;21
"0301";"31564";"1009792";" ";0.000;-41.00;422.00;0.00;02.01.2024;21
"0301";"31564";"1009793";" ";0.000;-62.00;649.00;0.00;02.01.2024;21
"0301";"31564";"1009794";" ";0.000;-41.00;422.00;0.00;02.01.2024;21
"0301";"31564";"1009795";" ";0.000;-62.00;649.00;0.00;02.01.2024;21
"0301";"31564";"1009796";" ";0.000;-41.00;422.00;0.00;02.01.2024;21
"0301";"31564";"1009822";" ";0.000;-92.00;741.00;0.00;02.01.2024;21
"0301";"31564";"1009823";" ";0.000;-60.00;482.00;0.00;02.01.2024;21
"0301";"31564";"1009824";" ";0.000;-92.00;741.00;0.00;02.01.2024;21
"0301";"31564";"1009825";" ";0.000;-60.00;482.00;0.00;02.01.2024;21
"0301";"31564";"1009826";" ";0.000;-92.00;741.00;0.00;02.01.2024;21
"0301";"31564";"1009827";" ";0.000;-60.00;482.00;0.00;02.01.2024;21
"0301";"31564";"1009828";" ";0.000;-92.00;741.00;0.00;02.01.2024;21
"0301";"31564";"1009829";" ";0.000;-60.00;482.00;0.00;02.01.2024;21
"0301";"31564";"1009885";" ";0.000;-62.00;649.00;0.00;02.01.2024;21
"0301";"31564";"1009886";" ";0.000;-41.00;422.00;0.00;02.01.2024;21
"0301";"31564";"1009911";" ";0.000;-92.00;741.00;0.00;02.01.2024;21
"0301";"31564";"1009912";" ";0.000;-60.00;482.00;0.00;02.01.2024;21
"0301";"31564";"1009913";" ";0.000;-92.00;741.00;0.00;02.01.2024;21
"0301";"31564";"1009914";" ";0.000;-60.00;482.00;0.00;02.01.2024;21
"0301";"31564";"1009915";" ";0.000;-92.00;741.00;0.00;02.01.2024;21
"0301";"31564";"1009916";" ";0.000;-60.00;482.00;0.00;02.01.2024;21
"0301";"31564";"1009917";" ";0.000;-92.00;741.00;0.00;02.01.2024;21
"0301";"31564";"1009918";" ";0.000;-60.00;482.00;0.00;02.01.2024;21
"0301";"31564";"1009919";" ";0.000;-92.00;741.00;0.00;02.01.2024;21
"0301";"31564";"1009920";" ";0.000;-60.00;482.00;0.00;02.01.2024;21
"0301";"31564";"1009965";" ";0.000;-412.00;466.00;0.00;02.01.2024;21
"0301";"31564";"1009966";" ";0.000;-412.00;466.00;0.00;02.01.2024;21
"0301";"31564";"1009967";" ";0.000;-498.00;741.00;0.00;02.01.2024;21
"0301";"31564";"1009967";"1";0.000;-498.00;741.00;0.00;02.01.2024;21
"0301";"31564";"1009969";" ";0.000;-498.00;741.00;0.00;02.01.2024;21
"0301";"31564";"1009971";" ";0.000;-498.00;741.00;0.00;02.01.2024;21
"0301";"31564";"1009973";" ";0.000;-498.00;741.00;0.00;02.01.2024;21
"0301";"31564";"1009975";" ";0.000;-498.00;741.00;0.00;02.01.2024;21
"0301";"31564";"1009975";"1";0.000;-498.00;741.00;0.00;02.01.2024;21
"0301";"31564";"1009977";" ";0.000;-642.00;885.00;0.00;02.01.2024;21
"0301";"31564";"1009978";" ";0.000;-642.00;885.00;0.00;02.01.2024;21
"0301";"31564";"1009979";" ";0.000;-642.00;885.00;0.00;02.01.2024;21
"0301";"31564";"1009980";" ";0.000;-556.00;799.00;0.00;02.01.2024;21
"0301";"31564";"1009982";" ";0.000;-556.00;799.00;0.00;02.01.2024;21
"0301";"31564";"1009984";" ";0.000;-556.00;799.00;0.00;02.01.2024;21
"0301";"31564";"1009986";" ";0.000;-556.00;799.00;0.00;02.01.2024;21
"0301";"31564";"1009988";" ";0.000;-556.00;799.00;0.00;02.01.2024;21
"0301";"31564";"1009990";" ";0.000;-783.00;1026.00;0.00;02.01.2024;21
"0301";"31564";"1009992";" ";0.000;-783.00;1026.00;0.00;02.01.2024;21
"0301";"31564";"1009994";" ";0.000;-80.00;1106.00;0.00;02.01.2024;21
"0301";"31564";"1009996";" ";0.000;-80.00;1106.00;0.00;02.01.2024;21
"0301";"31564";"1009998";" ";0.000;-80.00;1106.00;0.00;02.01.2024;21
"0301";"31564";"1010000";" ";0.000;-80.00;1106.00;0.00;02.01.2024;21
"0301";"31564";"1010002";" ";0.000;-80.00;1106.00;0.00;02.01.2024;21
"0301";"31564";"1010004";" ";0.000;-374.00;1632.00;0.00;02.01.2024;21
"0301";"31564";"1010005";" ";0.000;-243.00;1061.00;0.00;02.01.2024;21
"0301";"31564";"1010009";" ";0.000;-412.00;466.00;0.00;02.01.2024;21
"0301";"31564";"1010010";" ";0.000;-972.00;1026.00;0.00;02.01.2024;21
"0301";"31564";"1010012";" ";0.000;-412.00;466.00;0.00;02.01.2024;21
"0301";"31564";"1010013";" ";0.000;-972.00;1026.00;0.00;02.01.2024;21
"0301";"31564";"1010014";" ";0.000;-642.00;885.00;0.00;02.01.2024;21
"0301";"31564";"1010016";" ";0.000;-80.00;1106.00;0.00;02.01.2024;21
"0301";"31564";"1010018";" ";0.000;-642.00;885.00;0.00;02.01.2024;21
"0301";"31564";"1010020";" ";0.000;-80.00;1106.00;0.00;02.01.2024;21
"0301";"31564";"1010022";" ";0.000;-783.00;1026.00;0.00;02.01.2024;21
"0301";"31564";"1010023";" ";0.000;-783.00;1026.00;0.00;02.01.2024;21
"0301";"31564";"1010030";" ";0.000;-935.00;1026.00;0.00;02.01.2024;21
"0301";"31564";"1010034";" ";0.000;-711.00;954.00;0.00;02.01.2024;21
"0301";"31564";"1010034";"1";0.000;-711.00;954.00;0.00;02.01.2024;21
"0301";"31564";"1010036";" ";0.000;-232.00;1258.00;0.00;02.01.2024;21
"0301";"31564";"1010036";"1";0.000;-232.00;1258.00;0.00;02.01.2024;21
"0301";"31564";"1010038";" ";0.000;-711.00;954.00;0.00;02.01.2024;21
"0301";"31564";"1010039";" ";0.000;-232.00;1258.00;0.00;02.01.2024;21
"0301";"31564";"1010043";" ";0.000;-412.00;466.00;0.00;02.01.2024;21
"0301";"31564";"1010044";" ";0.000;-412.00;466.00;0.00;02.01.2024;21
"0301";"31564";"1010045";" ";0.000;-412.00;466.00;0.00;02.01.2024;21
"0301";"31564";"1010046";" ";0.000;-783.00;1026.00;0.00;02.01.2024;21
"0301";"31564";"1010048";" ";0.000;-783.00;1026.00;0.00;02.01.2024;21
"0301";"31564";"1010050";" ";0.000;-783.00;1026.00;0.00;02.01.2024;21
"0301";"31564";"1010052";" ";0.000;-498.00;741.00;0.00;02.01.2024;21
"0301";"31564";"1010054";" ";0.000;-498.00;741.00;0.00;02.01.2024;21
"0301";"31564";"1010056";" ";0.000;-498.00;741.00;0.00;02.01.2024;21
"0301";"31564";"1010058";" ";0.000;-155.00;954.00;0.00;02.01.2024;21
"0301";"31564";"1010058";"1";0.000;-155.00;954.00;0.00;02.01.2024;21
"0301";"31564";"1010059";" ";0.000;-101.00;620.00;0.00;02.01.2024;21
"0301";"31564";"1010060";" ";0.000;-412.00;466.00;0.00;02.01.2024;21
"0301";"31564";"1010062";" ";0.000;-783.00;1026.00;0.00;02.01.2024;21
"0301";"31564";"1010068";" ";0.000;-498.00;741.00;0.00;02.01.2024;21
"0301";"31564";"1010070";" ";0.000;-498.00;741.00;0.00;02.01.2024;21
"0301";"31564";"1010075";" ";0.000;-412.00;466.00;0.00;02.01.2024;21
"0301";"31564";"1010076";" ";0.000;-412.00;466.00;0.00;02.01.2024;21
"0301";"31564";"1010077";" ";0.000;-412.00;466.00;0.00;02.01.2024;21
"0301";"31564";"1010078";" ";0.000;-711.00;954.00;0.00;02.01.2024;21
"0301";"31564";"1010078";"1";0.000;-711.00;954.00;0.00;02.01.2024;21
"0301";"31564";"1010080";" ";0.000;-783.00;1026.00;0.00;02.01.2024;21
"0301";"31564";"1010080";"1";0.000;-783.00;1026.00;0.00;02.01.2024;21
"0301";"31564";"1010082";" ";0.000;-783.00;1026.00;0.00;02.01.2024;21
"0301";"31564";"1010084";" ";0.000;-863.00;1106.00;0.00;02.01.2024;21
"0301";"31564";"1010086";" ";0.000;-863.00;1106.00;0.00;02.01.2024;21
"0301";"31564";"1010088";" ";0.000;-863.00;1106.00;0.00;02.01.2024;21
"0301";"31564";"1010090";" ";0.000;-374.00;1632.00;0.00;02.01.2024;21
"0301";"31564";"1010091";" ";0.000;-243.00;1061.00;0.00;02.01.2024;21
"0301";"31564";"1010093";" ";0.000;-412.00;466.00;0.00;02.01.2024;21
"0301";"31564";"1010094";" ";0.000;-412.00;466.00;0.00;02.01.2024;21
"0301";"31564";"1010095";" ";0.000;-642.00;885.00;0.00;02.01.2024;21
"0301";"31564";"1010097";" ";0.000;-642.00;885.00;0.00;02.01.2024;21
"0301";"31564";"1010099";" ";0.000;-80.00;1106.00;0.00;02.01.2024;21
"0301";"31564";"1010101";" ";0.000;-80.00;1106.00;0.00;02.01.2024;21
"0301";"31564";"1010108";" ";0.000;-150.00;799.00;0.00;02.01.2024;21
"0301";"31564";"1010109";" ";0.000;-97.00;519.00;0.00;02.01.2024;21
"0301";"31564";"1010110";" ";0.000;-150.00;799.00;0.00;02.01.2024;21
"0301";"31564";"1010111";" ";0.000;-97.00;519.00;0.00;02.01.2024;21
"0301";"31564";"1010112";" ";0.000;-285.00;1026.00;0.00;02.01.2024;21
"0301";"31564";"1010113";" ";0.000;-185.00;667.00;0.00;02.01.2024;21
"0301";"31564";"1010114";" ";0.000;-80.00;1106.00;0.00;02.01.2024;21
"0301";"31564";"1010115";" ";0.000;-52.00;719.00;0.00;02.01.2024;21
"0301";"31564";"1010116";" ";0.000;-285.00;1026.00;0.00;02.01.2024;21
"0301";"31564";"1010117";" ";0.000;-185.00;667.00;0.00;02.01.2024;21
"0301";"31564";"1010118";" ";0.000;-80.00;1106.00;0.00;02.01.2024;21
"0301";"31564";"1010119";" ";0.000;-52.00;719.00;0.00;02.01.2024;21
"0301";"31564";"1010120";" ";0.000;-412.00;466.00;0.00;02.01.2024;21
"0301";"31564";"1010121";" ";0.000;-412.00;466.00;0.00;02.01.2024;21
"0301";"31564";"1010122";" ";0.000;-412.00;466.00;0.00;02.01.2024;21
"0301";"31564";"1010123";" ";0.000;-412.00;466.00;0.00;02.01.2024;21
"0301";"31564";"1010124";" ";0.000;-412.00;466.00;0.00;02.01.2024;21
"0301";"31564";"1010125";" ";0.000;-498.00;741.00;0.00;02.01.2024;21
"0301";"31564";"1010127";" ";0.000;-498.00;741.00;0.00;02.01.2024;21
"0301";"31564";"1010129";" ";0.000;-498.00;741.00;0.00;02.01.2024;21
"0301";"31564";"1010131";" ";0.000;-498.00;741.00;0.00;02.01.2024;21
"0301";"31564";"1010133";" ";0.000;-498.00;741.00;0.00;02.01.2024;21
"0301";"31564";"1010135";" ";0.000;-783.00;1026.00;0.00;02.01.2024;21
"0301";"31564";"1010137";" ";0.000;-783.00;1026.00;0.00;02.01.2024;21
"0301";"31564";"1010139";" ";0.000;-152.00;1106.00;0.00;02.01.2024;21
"0301";"31564";"1010139";"1";0.000;-152.00;1106.00;0.00;02.01.2024;21
"0301";"31564";"1010141";" ";0.000;-152.00;1106.00;0.00;02.01.2024;21
"0301";"31564";"1010148";" ";0.000;-30.00;587.00;0.00;02.01.2024;21
"0301";"31564";"1010149";" ";0.000;-24.00;469.00;0.00;02.01.2024;21
"0301";"31564";"1010150";" ";0.000;-30.00;587.00;0.00;02.01.2024;21
"0301";"31564";"1010151";" ";0.000;-24.00;469.00;0.00;02.01.2024;21
"0301";"31564";"1010152";" ";0.000;-30.00;587.00;0.00;02.01.2024;21
"0301";"31564";"1010153";" ";0.000;-24.00;469.00;0.00;02.01.2024;21
"0301";"31564";"1010160";" ";0.000;-30.00;587.00;0.00;02.01.2024;21
"0301";"31564";"1010161";" ";0.000;-24.00;469.00;0.00;02.01.2024;21
"0301";"31564";"1010162";" ";0.000;-30.00;587.00;0.00;02.01.2024;21
"0301";"31564";"1010163";" ";0.000;-24.00;469.00;0.00;02.01.2024;21
"0301";"31564";"1010164";" ";0.000;-30.00;587.00;0.00;02.01.2024;21
"0301";"31564";"1010165";" ";0.000;-24.00;469.00;0.00;02.01.2024;21
"0301";"31564";"1010166";" ";0.000;-30.00;587.00;0.00;02.01.2024;21
"0301";"31564";"1010166";"1";0.000;-30.00;587.00;0.00;02.01.2024;21
"0301";"31564";"1010167";" ";0.000;-24.00;469.00;0.00;02.01.2024;21
"0301";"31564";"1010168";" ";0.000;-30.00;587.00;0.00;02.01.2024;21
"0301";"31564";"1010169";" ";0.000;-24.00;469.00;0.00;02.01.2024;21
"0301";"31564";"1010183";" ";0.000;-91.00;557.00;0.00;02.01.2024;21
"0301";"31564";"1010184";" ";0.000;-72.00;445.00;0.00;02.01.2024;21
"0301";"31564";"1010185";" ";0.000;-91.00;557.00;0.00;02.01.2024;21
"0301";"31564";"1010185";"1";0.000;-91.00;557.00;0.00;02.01.2024;21
"0301";"31564";"1010185";"2";0.000;-91.00;557.00;0.00;02.01.2024;21
"0301";"31564";"1010186";" ";0.000;-72.00;445.00;0.00;02.01.2024;21
"0301";"31564";"1010187";" ";0.000;-91.00;557.00;0.00;02.01.2024;21
"0301";"31564";"1010188";" ";0.000;-72.00;445.00;0.00;02.01.2024;21
"0301";"31564";"1010195";" ";0.000;-62.00;649.00;0.00;02.01.2024;21
"0301";"31564";"1010195";"1";0.000;-62.00;649.00;0.00;02.01.2024;21
"0301";"31564";"1010196";" ";0.000;-41.00;422.00;0.00;02.01.2024;21
"0301";"31564";"1010197";" ";0.000;-62.00;649.00;0.00;02.01.2024;21
"0301";"31564";"1010197";"1";0.000;-62.00;649.00;0.00;02.01.2024;21
"0301";"31564";"1010198";" ";0.000;-41.00;422.00;0.00;02.01.2024;21
"0301";"31564";"1010199";" ";0.000;-62.00;649.00;0.00;02.01.2024;21
"0301";"31564";"1010200";" ";0.000;-41.00;422.00;0.00;02.01.2024;21
"0301";"31564";"1010201";" ";0.000;-62.00;649.00;0.00;02.01.2024;21
"0301";"31564";"1010202";" ";0.000;-41.00;422.00;0.00;02.01.2024;21
"0301";"31564";"1010207";" ";0.000;402.00;317.00;0.00;02.01.2024;21
"0301";"31564";"1010302";" ";0.000;80.00;1026.00;0.00;02.01.2024;21
"0301";"31564";"1010304";" ";0.000;80.00;1026.00;0.00;02.01.2024;21
"0301";"31564";"1010306";" ";0.000;141.00;885.00;0.00;02.01.2024;21
"0301";"31564";"1010307";" ";0.000;141.00;885.00;0.00;02.01.2024;21
"0301";"31564";"1010308";" ";0.000;141.00;885.00;0.00;02.01.2024;21
"0301";"31564";"1010326";" ";0.000;72.00;954.00;0.00;02.01.2024;21
"0301";"31564";"1010327";" ";0.000;72.00;954.00;0.00;02.01.2024;21
"0301";"31564";"1010328";" ";0.000;72.00;954.00;0.00;02.01.2024;21
"0301";"31564";"1010329";" ";0.000;72.00;954.00;0.00;02.01.2024;21
"0301";"31564";"1010330";" ";0.000;-141.00;1026.00;0.00;02.01.2024;21
"0301";"31564";"1010331";" ";0.000;-141.00;1026.00;0.00;02.01.2024;21
"0301";"31564";"1010340";" ";0.000;80.00;1026.00;0.00;02.01.2024;21
"0301";"31564";"1010341";" ";0.000;80.00;1026.00;0.00;02.01.2024;21
"0301";"31564";"1010346";" ";0.000;-86.00;885.00;0.00;02.01.2024;21
"0301";"31564";"1010347";" ";0.000;-56.00;575.00;0.00;02.01.2024;21
"0301";"31564";"1010348";" ";0.000;-86.00;885.00;0.00;02.01.2024;21
"0301";"31564";"1010349";" ";0.000;-56.00;575.00;0.00;02.01.2024;21
"0301";"31564";"1010350";" ";0.000;-86.00;885.00;0.00;02.01.2024;21
"0301";"31564";"1010351";" ";0.000;-56.00;575.00;0.00;02.01.2024;21
"0301";"31564";"1010352";" ";0.000;-86.00;885.00;0.00;02.01.2024;21
"0301";"31564";"1010353";" ";0.000;-56.00;575.00;0.00;02.01.2024;21
"0301";"31564";"1010354";" ";0.000;-141.00;1026.00;0.00;02.01.2024;21
"0301";"31564";"1010355";" ";0.000;-92.00;667.00;0.00;02.01.2024;21
"0301";"31564";"1010356";" ";0.000;-141.00;1026.00;0.00;02.01.2024;21
"0301";"31564";"1010357";" ";0.000;-92.00;667.00;0.00;02.01.2024;21
"0301";"31564";"1010358";" ";0.000;-141.00;1026.00;0.00;02.01.2024;21
"0301";"31564";"1010359";" ";0.000;-92.00;667.00;0.00;02.01.2024;21
"0301";"31564";"1010360";" ";0.000;-141.00;1026.00;0.00;02.01.2024;21
"0301";"31564";"1010361";" ";0.000;-92.00;667.00;0.00;02.01.2024;21
"0301";"31564";"1010362";" ";0.000;-86.00;885.00;0.00;02.01.2024;21
"0301";"31564";"1010363";" ";0.000;-56.00;575.00;0.00;02.01.2024;21
"0301";"31564";"1010364";" ";0.000;-86.00;885.00;0.00;02.01.2024;21
"0301";"31564";"1010365";" ";0.000;-56.00;575.00;0.00;02.01.2024;21
"0301";"31564";"1010366";" ";0.000;-86.00;885.00;0.00;02.01.2024;21
"0301";"31564";"1010367";" ";0.000;-56.00;575.00;0.00;02.01.2024;21
"0301";"31564";"1010368";" ";0.000;-86.00;885.00;0.00;02.01.2024;21
"0301";"31564";"1010369";" ";0.000;-56.00;575.00;0.00;02.01.2024;21
"0301";"31564";"1010370";" ";0.000;-141.00;1026.00;0.00;02.01.2024;21
"0301";"31564";"1010371";" ";0.000;-92.00;667.00;0.00;02.01.2024;21
"0301";"31564";"1010372";" ";0.000;-141.00;1026.00;0.00;02.01.2024;21
"0301";"31564";"1010373";" ";0.000;-92.00;667.00;0.00;02.01.2024;21
"0301";"31564";"1010374";" ";0.000;-141.00;1026.00;0.00;02.01.2024;21
"0301";"31564";"1010375";" ";0.000;-92.00;667.00;0.00;02.01.2024;21
"0301";"31564";"1010376";" ";0.000;-141.00;1026.00;0.00;02.01.2024;21
"0301";"31564";"1010377";" ";0.000;-92.00;667.00;0.00;02.01.2024;21
"0301";"31564";"1010388";" ";0.000;80.00;1026.00;0.00;02.01.2024;21
"0301";"31564";"1010389";" ";0.000;80.00;1026.00;0.00;02.01.2024;21
"0301";"31564";"1010390";" ";0.000;80.00;1026.00;0.00;02.01.2024;21
"0301";"31564";"1010391";" ";0.000;80.00;1026.00;0.00;02.01.2024;21
"0301";"31564";"1010392";" ";0.000;80.00;1026.00;0.00;02.01.2024;21
"0301";"31564";"1010393";" ";0.000;80.00;1026.00;0.00;02.01.2024;21
"0301";"31564";"1010399";" ";0.000;-92.00;741.00;0.00;02.01.2024;21
"0301";"31564";"1010401";" ";0.000;-92.00;741.00;0.00;02.01.2024;21
"0301";"31564";"1010403";" ";0.000;-92.00;741.00;0.00;02.01.2024;21
"0301";"31564";"1010420";" ";0.000;-92.00;741.00;0.00;02.01.2024;21
"0301";"31564";"1010422";" ";0.000;-92.00;741.00;0.00;02.01.2024;21
"0301";"31564";"1010427";" ";0.000;-155.00;954.00;0.00;02.01.2024;21
"0301";"31564";"1010436";" ";0.000;-86.00;885.00;0.00;02.01.2024;21
"0301";"31564";"1010437";" ";0.000;-86.00;885.00;0.00;02.01.2024;21
"0301";"31564";"1010438";" ";0.000;-86.00;885.00;0.00;02.01.2024;21
"0301";"31564";"1010439";" ";0.000;-152.00;1106.00;0.00;02.01.2024;21
"0301";"31564";"1010441";" ";0.000;-152.00;1106.00;0.00;02.01.2024;21
"0301";"31564";"1010443";" ";0.000;-152.00;1106.00;0.00;02.01.2024;21
"0301";"31564";"1010445";" ";57.600;-141.00;1026.00;0.00;02.01.2024;21
"0301";"31564";"1010446";" ";0.000;-141.00;1026.00;0.00;02.01.2024;21
"0301";"31564";"1010447";" ";0.000;-141.00;1026.00;0.00;02.01.2024;21
"0301";"31564";"1010449";" ";0.000;-141.00;1026.00;0.00;02.01.2024;21
"0301";"31564";"1010450";" ";0.000;-141.00;1026.00;0.00;02.01.2024;21
"0301";"31564";"1010451";" ";0.000;-141.00;1026.00;0.00;02.01.2024;21
"0301";"31564";"1010479";" ";0.000;80.00;1026.00;0.00;02.01.2024;21
"0301";"31564";"1010480";" ";0.000;80.00;1026.00;0.00;02.01.2024;21
"0301";"31564";"1010481";" ";0.000;80.00;1026.00;0.00;02.01.2024;21
"0301";"31564";"1010482";" ";0.000;80.00;1026.00;0.00;02.01.2024;21
"0301";"31564";"1010483";" ";0.000;-150.00;799.00;0.00;02.01.2024;21
"0301";"31564";"1010484";" ";0.000;-150.00;799.00;0.00;02.01.2024;21
"0301";"31564";"1010485";" ";0.000;-150.00;799.00;0.00;02.01.2024;21
"0301";"31564";"1010486";" ";0.000;-150.00;799.00;0.00;02.01.2024;21
"0301";"31564";"1010489";" ";0.000;-152.00;1106.00;0.00;02.01.2024;21
"0301";"31564";"1010490";" ";0.000;-152.00;1106.00;0.00;02.01.2024;21
"0301";"31564";"1010491";" ";0.000;-152.00;1106.00;0.00;02.01.2024;21
"0301";"31564";"1010492";" ";0.000;-152.00;1106.00;0.00;02.01.2024;21
"0301";"31564";"1010493";" ";0.000;-152.00;1106.00;0.00;02.01.2024;21
"0301";"31564";"1010494";" ";0.000;-152.00;1106.00;0.00;02.01.2024;21
"0301";"31564";"1010503";" ";0.000;-141.00;1026.00;0.00;02.01.2024;21
"0301";"31564";"1010504";" ";0.000;-141.00;1026.00;0.00;02.01.2024;21
"0301";"31564";"1010504";"1";0.000;-141.00;1026.00;0.00;02.01.2024;21
"0301";"31564";"1010505";" ";0.000;-141.00;1026.00;0.00;02.01.2024;21
"0301";"31564";"1010513";" ";0.000;-150.00;799.00;0.00;02.01.2024;21
"0301";"31564";"1010514";" ";0.000;60.00;362.00;0.00;02.01.2024;21
"0301";"31564";"1010515";" ";0.000;-150.00;799.00;0.00;02.01.2024;21
"0301";"31564";"1010516";" ";0.000;60.00;362.00;0.00;02.01.2024;21
"0301";"31564";"1010517";" ";0.000;-150.00;799.00;0.00;02.01.2024;21
"0301";"31564";"1010518";" ";0.000;60.00;362.00;0.00;02.01.2024;21
"0301";"31564";"1010519";" ";0.000;-150.00;799.00;0.00;02.01.2024;21
"0301";"31564";"1010520";" ";0.000;60.00;362.00;0.00;02.01.2024;21
"0301";"31564";"1010701";" ";0.000;-155.00;954.00;0.00;02.01.2024;21
"0301";"31564";"1010702";" ";0.000;-101.00;620.00;0.00;02.01.2024;21
"0301";"31564";"1010703";" ";0.000;-69.00;954.00;0.00;02.01.2024;21
"0301";"31564";"1010704";" ";0.000;-45.00;620.00;0.00;02.01.2024;21
"0301";"31564";"1010705";" ";0.000;-155.00;954.00;0.00;02.01.2024;21
"0301";"31564";"1010706";" ";0.000;-101.00;620.00;0.00;02.01.2024;21
"0301";"31564";"1010707";" ";0.000;-155.00;954.00;0.00;02.01.2024;21
"0301";"31564";"1010708";" ";0.000;-101.00;620.00;0.00;02.01.2024;21
"0301";"31564";"1010709";" ";0.000;-155.00;954.00;0.00;02.01.2024;21
"0301";"31564";"1010710";" ";0.000;-101.00;620.00;0.00;02.01.2024;21
"0301";"31564";"1010711";" ";0.000;-155.00;954.00;0.00;02.01.2024;21
"0301";"31564";"1010712";" ";0.000;-101.00;620.00;0.00;02.01.2024;21
"0301";"31564";"1010907";" ";0.000;-92.00;741.00;0.00;02.01.2024;21
"0301";"31564";"1010909";" ";0.000;-92.00;741.00;0.00;02.01.2024;21
"0301";"31564";"1010911";" ";0.000;-92.00;741.00;0.00;02.01.2024;21
"0301";"31564";"1010913";" ";0.000;-92.00;741.00;0.00;02.01.2024;21
"0301";"31564";"1010915";" ";0.000;-92.00;741.00;0.00;02.01.2024;21
"0301";"31564";"1010926";" ";0.000;-150.00;799.00;0.00;02.01.2024;21
"0301";"31564";"1010927";" ";0.000;-150.00;799.00;0.00;02.01.2024;21
"0301";"31564";"1010928";" ";0.000;-150.00;799.00;0.00;02.01.2024;21
"0301";"31564";"1010929";" ";0.000;-150.00;799.00;0.00;02.01.2024;21
"0301";"31564";"1010930";" ";0.000;-72.00;1026.00;0.00;02.01.2024;21
"0301";"31564";"1010931";" ";0.000;-47.00;667.00;0.00;02.01.2024;21
"0301";"31564";"1010932";" ";0.000;-72.00;1026.00;0.00;02.01.2024;21
"0301";"31564";"1010933";" ";0.000;-47.00;667.00;0.00;02.01.2024;21
"0301";"31564";"1010934";" ";0.000;-72.00;1026.00;0.00;02.01.2024;21
"0301";"31564";"1010935";" ";0.000;-47.00;667.00;0.00;02.01.2024;21
"0301";"31564";"1010936";" ";0.000;-72.00;1026.00;0.00;02.01.2024;21
"0301";"31564";"1010937";" ";0.000;-47.00;667.00;0.00;02.01.2024;21
"0301";"31564";"1010957";" ";0.000;221.00;885.00;0.00;02.01.2024;21
"0301";"31564";"1010958";" ";0.000;221.00;885.00;0.00;02.01.2024;21
"0301";"31564";"5900001";" ";0.000;287.00;9023.00;0.00;02.01.2024;21
"0301";"31564";"5900002";" ";0.000;307.00;9702.00;0.00;02.01.2024;21
"0301";"31564";"5900003";" ";0.000;296.00;9302.00;0.00;02.01.2024;21
"0301";"31564";"5900004";" ";0.000;317.00;9987.00;0.00;02.01.2024;21
"0301";"31564";"5900005";" ";0.000;334.00;10566.00;0.00;02.01.2024;21
"0301";"31564";"5900006";" ";0.000;358.00;11288.00;0.00;02.01.2024;21
"0301";"31564";"5900007";" ";0.000;347.00;10977.00;0.00;02.01.2024;21
"0301";"31564";"5900008";" ";0.000;371.00;11713.00;0.00;02.01.2024;21
"0301";"31564";"5900009";" ";0.000;392.00;12380.00;0.00;02.01.2024;21
"0301";"31564";"5900010";" ";0.000;418.00;13156.00;0.00;02.01.2024;21
"0301";"31564";"5900011";" ";0.000;415.00;13103.00;0.00;02.01.2024;21
"0301";"31564";"5900012";" ";0.000;439.00;13904.00;0.00;02.01.2024;21
"0301";"31564";"5900013";" ";0.000;456.00;14394.00;0.00;02.01.2024;21
"0301";"31564";"5900014";" ";0.000;209.00;6625.00;0.00;02.01.2024;21
"0301";"31564";"5900015";" ";0.000;230.00;7230.00;0.00;02.01.2024;21
"0301";"31564";"5900016";" ";0.000;370.00;11685.00;0.00;02.01.2024;21
"0301";"31564";"5900017";" ";0.000;389.00;12251.00;0.00;02.01.2024;21
"0301";"31564";"5900018";" ";0.000;422.00;13331.00;0.00;02.01.2024;21
"0301";"31564";"5900019";" ";0.000;467.00;14752.00;0.00;02.01.2024;21
"0301";"31564";"5900020";" ";0.000;494.00;15588.00;0.00;02.01.2024;21
"0301";"31564";"5900021";" ";0.000;288.00;9092.00;0.00;02.01.2024;21
"0301";"31564";"5900022";" ";0.000;317.00;10018.00;0.00;02.01.2024;21
"0301";"31564";"5900023";" ";0.000;313.00;9849.00;0.00;02.01.2024;21
"0301";"31564";"5900024";" ";0.000;325.00;10289.00;0.00;02.01.2024;21
"0301";"31564";"5900025";" ";0.000;357.00;11253.00;0.00;02.01.2024;21
"0301";"31564";"5900026";" ";0.000;246.00;7778.00;0.00;02.01.2024;21
"0301";"31564";"5900027";" ";0.000;270.00;8532.00;0.00;02.01.2024;21
"0301";"31564";"5900036";" ";0.000;775.00;24444.00;0.00;02.01.2024;21
"0301";"31564";"5900037";" ";0.000;891.00;28089.00;0.00;02.01.2024;21
"0301";"31564";"5900038";" ";0.000;639.00;20155.00;0.00;02.01.2024;21
"0301";"31564";"5900039";" ";0.000;679.00;21442.00;0.00;02.01.2024;21
"0301";"31564";"5900044";" ";0.000;-4512.00;25838.00;0.00;02.01.2024;21
"0301";"31564";"5900045";" ";0.000;-6007.00;30532.00;0.00;02.01.2024;21
"0301";"31564";"5900046";" ";0.000;-5864.00;35060.00;0.00;02.01.2024;21
"0301";"31564";"5900047";" ";0.000;-4725.00;27053.00;0.00;02.01.2024;21
"0301";"31564";"5900048";" ";0.000;-6112.00;31789.00;0.00;02.01.2024;21
"0301";"31564";"5900049";" ";0.000;-5970.00;36318.00;0.00;02.01.2024;21
"0301";"31564";"5900050";" ";0.000;-5301.00;30347.00;0.00;02.01.2024;21
"0301";"31564";"5900051";" ";0.000;-7106.00;35909.00;0.00;02.01.2024;21
"0301";"31564";"5900052";" ";0.000;-6963.00;40438.00;0.00;02.01.2024;21
"0301";"31564";"5900053";" ";0.000;-5555.00;31811.00;0.00;02.01.2024;21
"0301";"31564";"5900054";" ";0.000;-7224.00;37417.00;0.00;02.01.2024;21
"0301";"31564";"5900055";" ";0.000;-7080.00;41945.00;0.00;02.01.2024;21
"0301";"31564";"5900056";" ";0.000;-5825.00;33351.00;0.00;02.01.2024;21
"0301";"31564";"5900057";" ";0.000;-7839.00;39494.00;0.00;02.01.2024;21
"0301";"31564";"5900058";" ";0.000;-7696.00;44023.00;0.00;02.01.2024;21
"0301";"31564";"5900059";" ";0.000;-6111.00;34984.00;0.00;02.01.2024;21
"0301";"31564";"5900060";" ";0.000;-7963.00;41168.00;0.00;02.01.2024;21
"0301";"31564";"5900061";" ";0.000;-7820.00;45697.00;0.00;02.01.2024;21
"0301";"31564";"5900062";" ";0.000;-4512.00;25838.00;0.00;02.01.2024;21
"0301";"31564";"5900063";" ";0.000;-6007.00;30532.00;0.00;02.01.2024;21
"0301";"31564";"5900064";" ";0.000;-5864.00;35060.00;0.00;02.01.2024;21
"0301";"31564";"5900065";" ";0.000;-4725.00;27053.00;0.00;02.01.2024;21
"0301";"31564";"5900066";" ";0.000;-6112.00;31789.00;0.00;02.01.2024;21
"0301";"31564";"5900067";" ";0.000;-5970.00;36318.00;0.00;02.01.2024;21
"0301";"31564";"5900068";" ";0.000;-5301.00;30347.00;0.00;02.01.2024;21
"0301";"31564";"5900069";" ";0.000;-7106.00;35909.00;0.00;02.01.2024;21
"0301";"31564";"5900070";" ";0.000;-6963.00;40438.00;0.00;02.01.2024;21
"0301";"31564";"5900071";" ";0.000;-5555.00;31811.00;0.00;02.01.2024;21
"0301";"31564";"5900072";" ";0.000;-7224.00;37417.00;0.00;02.01.2024;21
"0301";"31564";"5900073";" ";0.000;-7080.00;41945.00;0.00;02.01.2024;21
"0301";"31564";"5900074";" ";0.000;-5825.00;33351.00;0.00;02.01.2024;21
"0301";"31564";"5900075";" ";0.000;-7839.00;39494.00;0.00;02.01.2024;21
"0301";"31564";"5900076";" ";0.000;-7696.00;44023.00;0.00;02.01.2024;21
"0301";"31564";"5900077";" ";0.000;-6111.00;34984.00;0.00;02.01.2024;21
"0301";"31564";"5900078";" ";0.000;-7963.00;41168.00;0.00;02.01.2024;21
"0301";"31564";"5900079";" ";0.000;-7820.00;45697.00;0.00;02.01.2024;21
"0301";"31564";"5900080";" ";0.000;-12687.00;26204.00;0.00;02.01.2024;21
"0301";"31564";"5900081";" ";0.000;-12544.00;30733.00;0.00;02.01.2024;21
"0301";"31564";"5900082";" ";0.000;-10149.00;20963.00;0.00;02.01.2024;21
"0301";"31564";"5900083";" ";0.000;-14334.00;29605.00;0.00;02.01.2024;21
"0301";"31564";"5900084";" ";0.000;-14191.00;34134.00;0.00;02.01.2024;21
"0301";"31564";"5900085";" ";0.000;-11468.00;23685.00;0.00;02.01.2024;21
"0301";"31564";"5900086";" ";0.000;-13318.00;27508.00;0.00;02.01.2024;21
"0301";"31564";"5900087";" ";0.000;-13175.00;32036.00;0.00;02.01.2024;21
"0301";"31564";"5900088";" ";0.000;-10654.00;22006.00;0.00;02.01.2024;21
"0301";"31564";"5900089";" ";0.000;-14982.00;30946.00;0.00;02.01.2024;21
"0301";"31564";"5900090";" ";0.000;-14841.00;35475.00;0.00;02.01.2024;21
"0301";"31564";"5900091";" ";0.000;-11987.00;24757.00;0.00;02.01.2024;21
"0301";"31564";"5900092";" ";0.000;-15270.00;31540.00;0.00;02.01.2024;21
"0301";"31564";"5900093";" ";0.000;-15128.00;36068.00;0.00;02.01.2024;21
"0301";"31564";"5900094";" ";0.000;-12215.00;25231.00;0.00;02.01.2024;21
"0301";"31564";"5900095";" ";0.000;-16989.00;35091.00;0.00;02.01.2024;21
"0301";"31564";"5900096";" ";0.000;-16848.00;39620.00;0.00;02.01.2024;21
"0301";"31564";"5900097";" ";0.000;-13592.00;28073.00;0.00;02.01.2024;21
"0301";"31564";"5900098";" ";0.000;-16004.00;33057.00;0.00;02.01.2024;21
"0301";"31564";"5900099";" ";0.000;-15861.00;37585.00;0.00;02.01.2024;21
"0301";"31564";"5900100";" ";0.000;-12804.00;26446.00;0.00;02.01.2024;21
"0301";"31564";"5900101";" ";0.000;-17745.00;36651.00;0.00;02.01.2024;21
"0301";"31564";"5900102";" ";0.000;-17602.00;41180.00;0.00;02.01.2024;21
"0301";"31564";"5900103";" ";0.000;-14196.00;29321.00;0.00;02.01.2024;21
"0301";"31564";"5900104";" ";0.000;-16993.00;35097.00;0.00;02.01.2024;21
"0301";"31564";"5900105";" ";0.000;-16849.00;39625.00;0.00;02.01.2024;21
"0301";"31564";"5900106";" ";0.000;-13593.00;28077.00;0.00;02.01.2024;21
"0301";"31564";"5900107";" ";0.000;-18760.00;38748.00;0.00;02.01.2024;21
"0301";"31564";"5900108";" ";0.000;-18616.00;43276.00;0.00;02.01.2024;21
"0301";"31564";"5900109";" ";0.000;-15009.00;30999.00;0.00;02.01.2024;21
"0301";"31564";"5900110";" ";0.000;-17795.00;36756.00;0.00;02.01.2024;21
"0301";"31564";"5900111";" ";0.000;-17652.00;41285.00;0.00;02.01.2024;21
"0301";"31564";"5900112";" ";0.000;-14236.00;29405.00;0.00;02.01.2024;21
"0301";"31564";"5900113";" ";0.000;-19586.00;40455.00;0.00;02.01.2024;21
"0301";"31564";"5900114";" ";0.000;-19442.00;44983.00;0.00;02.01.2024;21
"0301";"31564";"5900115";" ";0.000;-15670.00;32364.00;0.00;02.01.2024;21
"0301";"31564";"5900116";" ";0.000;-12687.00;26204.00;0.00;02.01.2024;21
"0301";"31564";"5900117";" ";0.000;-12544.00;30733.00;0.00;02.01.2024;21
"0301";"31564";"5900118";" ";0.000;-10149.00;20963.00;0.00;02.01.2024;21
"0301";"31564";"5900119";" ";0.000;-14334.00;29605.00;0.00;02.01.2024;21
"0301";"31564";"5900120";" ";0.000;-14191.00;34134.00;0.00;02.01.2024;21
"0301";"31564";"5900121";" ";0.000;-11468.00;23685.00;0.00;02.01.2024;21
"0301";"31564";"5900122";" ";0.000;-13318.00;27508.00;0.00;02.01.2024;21
"0301";"31564";"5900123";" ";0.000;-13175.00;32036.00;0.00;02.01.2024;21
"0301";"31564";"5900124";" ";0.000;-10654.00;22006.00;0.00;02.01.2024;21
"0301";"31564";"5900125";" ";0.000;-14982.00;30946.00;0.00;02.01.2024;21
"0301";"31564";"5900126";" ";0.000;-14841.00;35475.00;0.00;02.01.2024;21
"0301";"31564";"5900127";" ";0.000;-11987.00;24757.00;0.00;02.01.2024;21
"0301";"31564";"5900128";" ";0.000;-15270.00;31540.00;0.00;02.01.2024;21
"0301";"31564";"5900129";" ";0.000;-15128.00;36068.00;0.00;02.01.2024;21
"0301";"31564";"5900130";" ";0.000;-12215.00;25231.00;0.00;02.01.2024;21
"0301";"31564";"5900131";" ";0.000;-16989.00;35091.00;0.00;02.01.2024;21
"0301";"31564";"5900132";" ";0.000;-16848.00;39620.00;0.00;02.01.2024;21
"0301";"31564";"5900133";" ";0.000;-13592.00;28073.00;0.00;02.01.2024;21
"0301";"31564";"5900134";" ";0.000;-16004.00;33057.00;0.00;02.01.2024;21
"0301";"31564";"5900135";" ";0.000;-15861.00;37585.00;0.00;02.01.2024;21
"0301";"31564";"5900136";" ";0.000;-12804.00;26446.00;0.00;02.01.2024;21
"0301";"31564";"5900137";" ";0.000;-17745.00;36651.00;0.00;02.01.2024;21
"0301";"31564";"5900138";" ";0.000;-17602.00;41180.00;0.00;02.01.2024;21
"0301";"31564";"5900139";" ";0.000;-14196.00;29321.00;0.00;02.01.2024;21
"0301";"31564";"5900140";" ";0.000;-16993.00;35097.00;0.00;02.01.2024;21
"0301";"31564";"5900141";" ";0.000;-16849.00;39625.00;0.00;02.01.2024;21
"0301";"31564";"5900142";" ";0.000;-13593.00;28077.00;0.00;02.01.2024;21
"0301";"31564";"5900143";" ";0.000;-18760.00;38748.00;0.00;02.01.2024;21
"0301";"31564";"5900144";" ";0.000;-18616.00;43276.00;0.00;02.01.2024;21
"0301";"31564";"5900145";" ";0.000;-15009.00;30999.00;0.00;02.01.2024;21
"0301";"31564";"5900146";" ";0.000;-17795.00;36756.00;0.00;02.01.2024;21
"0301";"31564";"5900147";" ";0.000;-17652.00;41285.00;0.00;02.01.2024;21
"0301";"31564";"5900148";" ";0.000;-14236.00;29405.00;0.00;02.01.2024;21
"0301";"31564";"5900149";" ";0.000;-19586.00;40455.00;0.00;02.01.2024;21
"0301";"31564";"5900150";" ";0.000;-19442.00;44983.00;0.00;02.01.2024;21
"0301";"31564";"5900151";" ";0.000;-15670.00;32364.00;0.00;02.01.2024;21
"0301";"31564";"5900152";" ";0.000;1130.00;35654.00;0.00;02.01.2024;21
"0301";"31564";"5900153";" ";0.000;1273.00;40183.00;0.00;02.01.2024;21
"0301";"31564";"5900154";" ";0.000;904.00;28523.00;0.00;02.01.2024;21
"0301";"31564";"5900155";" ";0.000;1236.00;39013.00;0.00;02.01.2024;21
"0301";"31564";"5900156";" ";0.000;1379.00;43542.00;0.00;02.01.2024;21
"0301";"31564";"5900157";" ";0.000;988.00;31211.00;0.00;02.01.2024;21
"0301";"31564";"5900158";" ";0.000;1366.00;43139.00;0.00;02.01.2024;21
"0301";"31564";"5900159";" ";0.000;1510.00;47667.00;0.00;02.01.2024;21
"0301";"31564";"5900160";" ";0.000;1094.00;34510.00;0.00;02.01.2024;21
"0301";"31564";"5900161";" ";0.000;1474.00;46498.00;0.00;02.01.2024;21
"0301";"31564";"5900162";" ";0.000;1615.00;51027.00;0.00;02.01.2024;21
"0301";"31564";"5900163";" ";0.000;1177.00;37199.00;0.00;02.01.2024;21
"0301";"31564";"5900164";" ";0.000;1357.00;42872.00;0.00;02.01.2024;21
"0301";"31564";"5900165";" ";0.000;1502.00;47399.00;0.00;02.01.2024;21
"0301";"31564";"5900166";" ";0.000;1086.00;34297.00;0.00;02.01.2024;21
"0301";"31564";"5900167";" ";0.000;1510.00;47673.00;0.00;02.01.2024;21
"0301";"31564";"5900168";" ";0.000;1653.00;52202.00;0.00;02.01.2024;21
"0301";"31564";"5900169";" ";0.000;1208.00;38139.00;0.00;02.01.2024;21
"0301";"31564";"5900170";" ";0.000;1687.00;53242.00;0.00;02.01.2024;21
"0301";"31564";"5900171";" ";0.000;1831.00;57770.00;0.00;02.01.2024;21
"0301";"31564";"5900172";" ";0.000;1350.00;42594.00;0.00;02.01.2024;21
"0301";"31564";"5900173";" ";0.000;1839.00;58045.00;0.00;02.01.2024;21
"0301";"31564";"5900174";" ";0.000;1983.00;62573.00;0.00;02.01.2024;21
"0301";"31564";"5900175";" ";0.000;1472.00;46436.00;0.00;02.01.2024;21
"0301";"31564";"5900176";" ";0.000;1225.00;38699.00;0.00;02.01.2024;21
"0301";"31564";"5900177";" ";0.000;1369.00;43227.00;0.00;02.01.2024;21
"0301";"31564";"5900178";" ";0.000;980.00;30959.00;0.00;02.01.2024;21
"0301";"31564";"5900179";" ";0.000;1351.00;42666.00;0.00;02.01.2024;21
"0301";"31564";"5900180";" ";0.000;1495.00;47194.00;0.00;02.01.2024;21
"0301";"31564";"5900181";" ";0.000;1080.00;34133.00;0.00;02.01.2024;21
"0301";"31564";"5900182";" ";0.000;1501.00;47402.00;0.00;02.01.2024;21
"0301";"31564";"5900183";" ";0.000;1644.00;51930.00;0.00;02.01.2024;21
"0301";"31564";"5900184";" ";0.000;1202.00;37921.00;0.00;02.01.2024;21
"0301";"31564";"5900185";" ";0.000;1628.00;51368.00;0.00;02.01.2024;21
"0301";"31564";"5900186";" ";0.000;1770.00;55897.00;0.00;02.01.2024;21
"0301";"31564";"5900187";" ";0.000;1301.00;41095.00;0.00;02.01.2024;21
"0301";"31564";"5900188";" ";0.000;1536.00;48493.00;0.00;02.01.2024;21
"0301";"31564";"5900189";" ";0.000;1679.00;53021.00;0.00;02.01.2024;21
"0301";"31564";"5900190";" ";0.000;1229.00;38794.00;0.00;02.01.2024;21
"0301";"31564";"5900191";" ";0.000;1725.00;54420.00;0.00;02.01.2024;21
"0301";"31564";"5900192";" ";0.000;1867.00;58949.00;0.00;02.01.2024;21
"0301";"31564";"5900193";" ";0.000;1378.00;43537.00;0.00;02.01.2024;21
"0301";"31564";"5900194";" ";0.000;1938.00;61113.00;0.00;02.01.2024;21
"0301";"31564";"5900195";" ";0.000;2078.00;65643.00;0.00;02.01.2024;21
"0301";"31564";"5900196";" ";0.000;1549.00;48891.00;0.00;02.01.2024;21
"0301";"31564";"5900197";" ";0.000;2125.00;67041.00;0.00;02.01.2024;21
"0301";"31564";"5900198";" ";0.000;2267.00;71570.00;0.00;02.01.2024;21
"0301";"31564";"5900199";" ";0.000;1699.00;53633.00;0.00;02.01.2024;21
"0301";"31564";"5900206";" ";0.000;328.00;10344.00;0.00;02.01.2024;21
"0301";"31564";"5900207";" ";0.000;341.00;10786.00;0.00;02.01.2024;21
"0301";"31564";"5900208";" ";0.000;357.00;11228.00;0.00;02.01.2024;21
"0301";"31564";"5900208";"1";0.000;357.00;11228.00;0.00;02.01.2024;21
"0301";"31564";"5900209";" ";0.000;515.00;16256.00;0.00;02.01.2024;21
"0301";"31564";"5900210";" ";0.000;592.00;18680.00;0.00;02.01.2024;21
"0301";"31564";"5900211";" ";0.000;654.00;20690.00;0.00;02.01.2024;21
"0301";"31564";"5900212";" ";0.000;-4422.00;25319.00;0.00;02.01.2024;21
"0301";"31564";"5900213";" ";0.000;-4278.00;29847.00;0.00;02.01.2024;21
"0301";"31564";"5900214";" ";0.000;-3538.00;20255.00;0.00;02.01.2024;21
"0301";"31564";"5900215";" ";0.000;-4766.00;27288.00;0.00;02.01.2024;21
"0301";"31564";"5900216";" ";0.000;-4623.00;31817.00;0.00;02.01.2024;21
"0301";"31564";"5900217";" ";0.000;-3813.00;21831.00;0.00;02.01.2024;21
"0301";"31564";"5900218";" ";0.000;-6664.00;38154.00;0.00;02.01.2024;21
"0301";"31564";"5900219";" ";0.000;2014.00;63555.00;0.00;02.01.2024;21
"0301";"31564";"5900220";" ";0.000;-7664.00;43877.00;0.00;02.01.2024;21
"0301";"31564";"5900221";" ";0.000;-7520.00;48405.00;0.00;02.01.2024;21
"0301";"31564";"5900222";" ";0.000;-4923.00;28188.00;0.00;02.01.2024;21
"0301";"31564";"5900223";" ";0.000;-4780.00;32716.00;0.00;02.01.2024;21
"0301";"31564";"5900223";"1";0.000;-4780.00;32716.00;0.00;02.01.2024;21
"0301";"31564";"5900224";" ";0.000;-3939.00;22551.00;0.00;02.01.2024;21
"0301";"31564";"5900225";" ";0.000;-7585.00;43429.00;0.00;02.01.2024;21
"0301";"31564";"5900226";" ";0.000;2336.00;73774.00;0.00;02.01.2024;21
"0301";"31564";"5900227";" ";0.000;-8723.00;49943.00;0.00;02.01.2024;21
"0301";"31564";"5900228";" ";0.000;-8579.00;54471.00;0.00;02.01.2024;21
"0301";"31564";"5900229";" ";0.000;-5542.00;31732.00;0.00;02.01.2024;21
"0301";"31564";"5900230";" ";0.000;-5399.00;36261.00;0.00;02.01.2024;21
"0301";"31564";"5900231";" ";0.000;-4434.00;25386.00;0.00;02.01.2024;21
"0301";"31564";"5900232";" ";0.000;-7623.00;43648.00;0.00;02.01.2024;21
"0301";"31564";"5900233";" ";0.000;2304.00;72738.00;0.00;02.01.2024;21
"0301";"31564";"5900234";" ";0.000;-8768.00;50197.00;0.00;02.01.2024;21
"0301";"31564";"5900235";" ";0.000;-8624.00;54725.00;0.00;02.01.2024;21
"0301";"31564";"5900236";" ";0.000;-5808.00;33252.00;0.00;02.01.2024;21
"0301";"31564";"5900237";" ";0.000;-5664.00;37780.00;0.00;02.01.2024;21
"0301";"31564";"5900238";" ";0.000;-4647.00;26602.00;0.00;02.01.2024;21
"0301";"31564";"5900239";" ";0.000;-8614.00;49318.00;0.00;02.01.2024;21
"0301";"31564";"5900240";" ";0.000;2738.00;86467.00;0.00;02.01.2024;21
"0301";"31564";"5900241";" ";0.000;-9905.00;56716.00;0.00;02.01.2024;21
"0301";"31564";"5900242";" ";0.000;-9762.00;61244.00;0.00;02.01.2024;21
"0301";"31564";"5900243";" ";0.000;-6230.00;35672.00;0.00;02.01.2024;21
"0301";"31564";"5900244";" ";0.000;-6088.00;40200.00;0.00;02.01.2024;21
"0301";"31564";"5900245";" ";0.000;-4984.00;28537.00;0.00;02.01.2024;21
"0301";"31564";"5900246";" ";0.000;-6387.00;36572.00;0.00;02.01.2024;21
"0301";"31564";"5900247";" ";0.000;-6244.00;41100.00;0.00;02.01.2024;21
"0301";"31564";"5900248";" ";0.000;-5110.00;29258.00;0.00;02.01.2024;21
"0301";"31564";"5900249";" ";0.000;-4284.00;24530.00;0.00;02.01.2024;21
"0301";"31564";"5900250";" ";0.000;-4140.00;29058.00;0.00;02.01.2024;21
"0301";"31564";"5900251";" ";0.000;-3428.00;19625.00;0.00;02.01.2024;21
"0301";"31564";"5900252";" ";0.000;1346.00;42490.00;0.00;02.01.2024;21
"0301";"31564";"5900253";" ";0.000;1451.00;45821.00;0.00;02.01.2024;21
"0301";"31564";"5900254";" ";0.000;1554.00;49062.00;0.00;02.01.2024;21
"0301";"31564";"5900255";" ";0.000;1691.00;53383.00;0.00;02.01.2024;21
"0301";"31564";"5900256";" ";0.000;1766.00;55724.00;0.00;02.01.2024;21
"0301";"31564";"5900257";" ";0.000;1915.00;60450.00;0.00;02.01.2024;21
"0301";"31564";"5900258";" ";0.000;1975.00;62340.00;0.00;02.01.2024;21
"0301";"31564";"5900259";" ";0.000;1304.00;41185.00;0.00;02.01.2024;21
"0301";"31564";"5900260";" ";0.000;280.00;8841.00;0.00;02.01.2024;21
"0301";"31564";"5900261";" ";0.000;424.00;13369.00;0.00;02.01.2024;21
"0301";"31564";"5900262";" ";0.000;226.00;7072.00;0.00;02.01.2024;21
"0301";"31564";"5900263";" ";0.000;810.00;25556.00;0.00;02.01.2024;21
"0301";"31564";"5900264";" ";0.000;290.00;9127.00;0.00;02.01.2024;21
"0301";"31564";"5900265";" ";0.000;433.00;13656.00;0.00;02.01.2024;21
"0301";"31564";"5900266";" ";0.000;231.00;7302.00;0.00;02.01.2024;21
"0301";"31564";"5900267";" ";0.000;857.00;27011.00;0.00;02.01.2024;21
"0301";"31564";"5900268";" ";0.000;305.00;9652.00;0.00;02.01.2024;21
"0301";"31564";"5900269";" ";0.000;449.00;14180.00;0.00;02.01.2024;21
"0301";"31564";"5900270";" ";0.000;244.00;7721.00;0.00;02.01.2024;21
"0301";"31564";"5900274";" ";0.000;1001.00;31559.00;0.00;02.01.2024;21
"0301";"31564";"5900275";" ";0.000;341.00;10769.00;0.00;02.01.2024;21
"0301";"31564";"5900276";" ";0.000;485.00;15297.00;0.00;02.01.2024;21
"0301";"31564";"5900277";" ";0.000;272.00;8615.00;0.00;02.01.2024;21
"0301";"31564";"5900278";" ";0.000;1084.00;34213.00;0.00;02.01.2024;21
"0301";"31564";"5900279";" ";0.000;358.00;11316.00;0.00;02.01.2024;21
"0301";"31564";"5900280";" ";0.000;502.00;15844.00;0.00;02.01.2024;21
"0301";"31564";"5900281";" ";0.000;287.00;9052.00;0.00;02.01.2024;21
"0301";"31564";"5900285";" ";0.000;1060.00;33476.00;0.00;02.01.2024;21
"0301";"31564";"5900286";" ";0.000;382.00;12047.00;0.00;02.01.2024;21
"0301";"31564";"5900287";" ";0.000;525.00;16576.00;0.00;02.01.2024;21
"0301";"31564";"5900288";" ";0.000;305.00;9638.00;0.00;02.01.2024;21
"0301";"31564";"5900289";" ";0.000;1146.00;36195.00;0.00;02.01.2024;21
"0301";"31564";"5900290";" ";0.000;404.00;12779.00;0.00;02.01.2024;21
"0301";"31564";"5900291";" ";0.000;548.00;17307.00;0.00;02.01.2024;21
"0301";"31564";"5900292";" ";0.000;323.00;10223.00;0.00;02.01.2024;21
"0301";"31564";"5900296";" ";0.000;241.00;7607.00;0.00;02.01.2024;21
"0301";"31564";"5900297";" ";0.000;385.00;12135.00;0.00;02.01.2024;21
"0301";"31564";"5900298";" ";0.000;194.00;6085.00;0.00;02.01.2024;21
"0301";"31564";"5900299";" ";0.000;688.00;21724.00;0.00;02.01.2024;21
"0301";"31564";"5900300";" ";0.000;249.00;7847.00;0.00;02.01.2024;21
"0301";"31564";"5900301";" ";0.000;392.00;12376.00;0.00;02.01.2024;21
"0301";"31564";"5900302";" ";0.000;200.00;6277.00;0.00;02.01.2024;21
"0301";"31564";"5900303";" ";0.000;727.00;22961.00;0.00;02.01.2024;21
"0301";"31564";"5900304";" ";0.000;260.00;8205.00;0.00;02.01.2024;21
"0301";"31564";"5900305";" ";0.000;404.00;12733.00;0.00;02.01.2024;21
"0301";"31564";"5900306";" ";0.000;208.00;6564.00;0.00;02.01.2024;21
"0301";"31564";"5900307";" ";0.000;522.00;16462.00;0.00;02.01.2024;21
"0301";"31564";"5900308";" ";0.000;665.00;20990.00;0.00;02.01.2024;21
"0301";"31564";"5900309";" ";0.000;454.00;14314.00;0.00;02.01.2024;21
"0301";"31564";"5900310";" ";0.000;533.00;16857.00;0.00;02.01.2024;21
"0301";"31564";"5900311";" ";0.000;676.00;21386.00;0.00;02.01.2024;21
"0301";"31564";"5900312";" ";0.000;465.00;14658.00;0.00;02.01.2024;21
"0301";"31564";"5900313";" ";0.000;628.00;19840.00;0.00;02.01.2024;21
"0301";"31564";"5900314";" ";0.000;772.00;24368.00;0.00;02.01.2024;21
"0301";"31564";"5900315";" ";0.000;547.00;17252.00;0.00;02.01.2024;21
"0301";"31564";"5900316";" ";0.000;367.00;11552.00;0.00;02.01.2024;21
"0301";"31564";"5900317";" ";0.000;508.00;16081.00;0.00;02.01.2024;21
"0301";"31564";"5900318";" ";0.000;319.00;10045.00;0.00;02.01.2024;21
"0301";"31564";"5900319";" ";0.000;427.00;13492.00;0.00;02.01.2024;21
"0301";"31564";"5900320";" ";0.000;569.00;18021.00;0.00;02.01.2024;21
"0301";"31564";"5900321";" ";0.000;372.00;11732.00;0.00;02.01.2024;21
"0301";"31564";"5900322";" ";0.000;510.00;16121.00;0.00;02.01.2024;21
"0301";"31564";"5900323";" ";0.000;654.00;20649.00;0.00;02.01.2024;21
"0301";"31564";"5900324";" ";0.000;444.00;14018.00;0.00;02.01.2024;21
"0301";"31564";"5900325";" ";0.000;510.00;16154.00;0.00;02.01.2024;21
"0301";"31564";"5900326";" ";0.000;443.00;13979.00;0.00;02.01.2024;21
"0301";"31564";"5900327";" ";0.000;587.00;18507.00;0.00;02.01.2024;21
"0301";"31564";"5900328";" ";0.000;354.00;11183.00;0.00;02.01.2024;21
"0301";"31564";"5900329";" ";0.000;576.00;18184.00;0.00;02.01.2024;21
"0301";"31564";"5900330";" ";0.000;501.00;15793.00;0.00;02.01.2024;21
"0301";"31564";"5900331";" ";0.000;644.00;20322.00;0.00;02.01.2024;21
"0301";"31564";"5900332";" ";0.000;400.00;12635.00;0.00;02.01.2024;21
"0301";"31564";"5900333";" ";0.000;447.00;14127.00;0.00;02.01.2024;21
"0301";"31564";"5900334";" ";0.000;385.00;12170.00;0.00;02.01.2024;21
"0301";"31564";"5900335";" ";0.000;529.00;16698.00;0.00;02.01.2024;21
"0301";"31564";"5900336";" ";0.000;308.00;9736.00;0.00;02.01.2024;21
"0301";"31564";"5900337";" ";0.000;556.00;17534.00;0.00;02.01.2024;21
"0301";"31564";"5900338";" ";0.000;482.00;15212.00;0.00;02.01.2024;21
"0301";"31564";"5900339";" ";0.000;626.00;19740.00;0.00;02.01.2024;21
"0301";"31564";"5900340";" ";0.000;386.00;12169.00;0.00;02.01.2024;21
"0301";"31564";"5900341";" ";0.000;626.00;19796.00;0.00;02.01.2024;21
"0301";"31564";"5900342";" ";0.000;546.00;17230.00;0.00;02.01.2024;21
"0301";"31564";"5900343";" ";0.000;690.00;21758.00;0.00;02.01.2024;21
"0301";"31564";"5900344";" ";0.000;437.00;13784.00;0.00;02.01.2024;21
"0301";"31564";"5900345";" ";0.000;483.00;15274.00;0.00;02.01.2024;21
"0301";"31564";"5900346";" ";0.000;417.00;13193.00;0.00;02.01.2024;21
"0301";"31564";"5900347";" ";0.000;562.00;17720.00;0.00;02.01.2024;21
"0301";"31564";"5900348";" ";0.000;334.00;10554.00;0.00;02.01.2024;21
"0301";"31564";"5900349";" ";0.000;605.00;19074.00;0.00;02.01.2024;21
"0301";"31564";"5900350";" ";0.000;526.00;16588.00;0.00;02.01.2024;21
"0301";"31564";"5900351";" ";0.000;670.00;21116.00;0.00;02.01.2024;21
"0301";"31564";"5900352";" ";0.000;420.00;13271.00;0.00;02.01.2024;21
"0301";"31564";"5900353";" ";0.000;685.00;21608.00;0.00;02.01.2024;21
"0301";"31564";"5900354";" ";0.000;597.00;18849.00;0.00;02.01.2024;21
"0301";"31564";"5900355";" ";0.000;741.00;23377.00;0.00;02.01.2024;21
"0301";"31564";"5900356";" ";0.000;478.00;15079.00;0.00;02.01.2024;21
"0301";"31564";"5900357";" ";0.000;524.00;16542.00;0.00;02.01.2024;21
"0301";"31564";"5900358";" ";0.000;455.00;14325.00;0.00;02.01.2024;21
"0301";"31564";"5900358";"1";0.000;455.00;14325.00;0.00;02.01.2024;21
"0301";"31564";"5900359";" ";0.000;598.00;18854.00;0.00;02.01.2024;21
"0301";"31564";"5900360";" ";0.000;364.00;11460.00;0.00;02.01.2024;21
"0301";"31564";"5900361";" ";0.000;279.00;8809.00;0.00;02.01.2024;21
"0301";"31564";"5900362";" ";0.000;350.00;11011.00;0.00;02.01.2024;21
"0301";"31564";"5900363";" ";0.000;493.00;15540.00;0.00;02.01.2024;21
"0301";"31564";"5900364";" ";0.000;349.00;10989.00;0.00;02.01.2024;21
"0301";"31564";"5900365";" ";0.000;436.00;13737.00;0.00;02.01.2024;21
"0301";"31564";"5900366";" ";0.000;578.00;18265.00;0.00;02.01.2024;21
"0301";"31564";"5900367";" ";0.000;400.00;12624.00;0.00;02.01.2024;21
"0301";"31564";"5900368";" ";0.000;500.00;15781.00;0.00;02.01.2024;21
"0301";"31564";"5900369";" ";0.000;643.00;20309.00;0.00;02.01.2024;21
"0301";"31564";"5900370";" ";0.000;306.00;9639.00;0.00;02.01.2024;21
"0301";"31564";"5900371";" ";0.000;382.00;12050.00;0.00;02.01.2024;21
"0301";"31564";"5900372";" ";0.000;525.00;16578.00;0.00;02.01.2024;21
"0301";"31564";"5900373";" ";0.000;386.00;12153.00;0.00;02.01.2024;21
"0301";"31564";"5900374";" ";0.000;481.00;15192.00;0.00;02.01.2024;21
"0301";"31564";"5900375";" ";0.000;624.00;19721.00;0.00;02.01.2024;21
"0301";"31564";"5900376";" ";0.000;445.00;14037.00;0.00;02.01.2024;21
"0301";"31564";"5900377";" ";0.000;556.00;17547.00;0.00;02.01.2024;21
"0301";"31564";"5900378";" ";0.000;700.00;22075.00;0.00;02.01.2024;21
"0301";"31564";"5900379";" ";0.000;431.00;13599.00;0.00;02.01.2024;21
"0301";"31564";"5900380";" ";0.000;533.00;16870.00;0.00;02.01.2024;21
"0301";"31564";"5900381";" ";0.000;613.00;19322.00;0.00;02.01.2024;21
"0301";"31564";"5900382";" ";0.000;471.00;14845.00;0.00;02.01.2024;21
"0301";"31564";"5900383";" ";0.000;589.00;18616.00;0.00;02.01.2024;21
"0301";"31564";"5900384";" ";0.000;680.00;21442.00;0.00;02.01.2024;21
"0301";"31564";"5900385";" ";0.000;757.00;2678.00;0.00;02.01.2024;21
"0301";"31564";"5900386";" ";0.000;757.00;2678.00;0.00;02.01.2024;21
"0301";"31564";"5900387";" ";0.000;344.00;10873.00;0.00;02.01.2024;21
"0301";"31564";"5900388";" ";0.000;1122.00;35412.00;0.00;02.01.2024;21
"0301";"31564";"5900389";" ";0.000;1265.00;39940.00;0.00;02.01.2024;21
"0301";"31564";"5900390";" ";0.000;896.00;28330.00;0.00;02.01.2024;21
"0301";"31564";"5900391";" ";0.000;1142.00;36070.00;0.00;02.01.2024;21
"0301";"31564";"5900392";" ";0.000;1286.00;40598.00;0.00;02.01.2024;21
"0301";"31564";"5900393";" ";0.000;914.00;28856.00;0.00;02.01.2024;21
"0301";"31564";"5900394";" ";0.000;1173.00;37057.00;0.00;02.01.2024;21
"0301";"31564";"5900395";" ";0.000;1317.00;41585.00;0.00;02.01.2024;21
"0301";"31564";"5900396";" ";0.000;939.00;29645.00;0.00;02.01.2024;21
"0301";"31564";"5900397";" ";0.000;1302.00;41072.00;0.00;02.01.2024;21
"0301";"31564";"5900398";" ";0.000;1445.00;45601.00;0.00;02.01.2024;21
"0301";"31564";"5900399";" ";0.000;1041.00;32858.00;0.00;02.01.2024;21
"0301";"31564";"5900400";" ";0.000;1327.00;41862.00;0.00;02.01.2024;21
"0301";"31564";"5900401";" ";0.000;1470.00;46390.00;0.00;02.01.2024;21
"0301";"31564";"5900402";" ";0.000;1061.00;33489.00;0.00;02.01.2024;21
"0301";"31564";"5900403";" ";0.000;1364.00;43047.00;0.00;02.01.2024;21
"0301";"31564";"5900404";" ";0.000;1506.00;47575.00;0.00;02.01.2024;21
"0301";"31564";"5900405";" ";0.000;1090.00;34438.00;0.00;02.01.2024;21
"0301";"31564";"5900406";" ";0.000;1442.00;45481.00;0.00;02.01.2024;21
"0301";"31564";"5900407";" ";0.000;1583.00;50011.00;0.00;02.01.2024;21
"0301";"31564";"5900408";" ";0.000;1152.00;36386.00;0.00;02.01.2024;21
"0301";"31564";"5900409";" ";0.000;1468.00;46337.00;0.00;02.01.2024;21
"0301";"31564";"5900410";" ";0.000;1611.00;50865.00;0.00;02.01.2024;21
"0301";"31564";"5900411";" ";0.000;1174.00;37070.00;0.00;02.01.2024;21
"0301";"31564";"5900412";" ";0.000;1509.00;47655.00;0.00;02.01.2024;21
"0301";"31564";"5900413";" ";0.000;1653.00;52182.00;0.00;02.01.2024;21
"0301";"31564";"5900414";" ";0.000;1208.00;38123.00;0.00;02.01.2024;21
"0301";"31564";"5900415";" ";0.000;1136.00;35873.00;0.00;02.01.2024;21
"0301";"31564";"5900416";" ";0.000;1280.00;40401.00;0.00;02.01.2024;21
"0301";"31564";"5900417";" ";0.000;908.00;28699.00;0.00;02.01.2024;21
"0301";"31564";"5900418";" ";0.000;1161.00;36662.00;0.00;02.01.2024;21
"0301";"31564";"5900419";" ";0.000;1305.00;41190.00;0.00;02.01.2024;21
"0301";"31564";"5900420";" ";0.000;928.00;29330.00;0.00;02.01.2024;21
"0301";"31564";"5900421";" ";0.000;1023.00;32251.00;0.00;02.01.2024;21
"0301";"31564";"5900422";" ";0.000;1166.00;36780.00;0.00;02.01.2024;21
"0301";"31564";"5900423";" ";0.000;817.00;25802.00;0.00;02.01.2024;21
"0301";"31564";"5900424";" ";0.000;1041.00;32844.00;0.00;02.01.2024;21
"0301";"31564";"5900425";" ";0.000;1185.00;37372.00;0.00;02.01.2024;21
"0301";"31564";"5900426";" ";0.000;833.00;26275.00;0.00;02.01.2024;21
"0301";"31564";"5900427";" ";0.000;1070.00;33765.00;0.00;02.01.2024;21
"0301";"31564";"5900428";" ";0.000;1213.00;38294.00;0.00;02.01.2024;21
"0301";"31564";"5900429";" ";0.000;857.00;27012.00;0.00;02.01.2024;21
"0301";"31564";"5900430";" ";0.000;2160.00;41072.00;0.00;02.01.2024;21
"0301";"31564";"5900431";" ";0.000;2303.00;45600.00;0.00;02.01.2024;21
"0301";"31564";"5900432";" ";0.000;1154.00;36438.00;0.00;02.01.2024;21
"0301";"31564";"5900433";" ";0.000;2878.00;44651.00;0.00;02.01.2024;21
"0301";"31564";"5900434";" ";0.000;3021.00;49180.00;0.00;02.01.2024;21
"0301";"31564";"5900435";" ";0.000;1270.00;40059.00;0.00;02.01.2024;21
"0301";"31564";"5900436";" ";0.000;2878.00;45201.00;0.00;02.01.2024;21
"0301";"31564";"5900437";" ";0.000;3022.00;49729.00;0.00;02.01.2024;21
"0301";"31564";"5900438";" ";0.000;1284.00;40524.00;0.00;02.01.2024;21
"0301";"31564";"5900439";" ";0.000;1928.00;48401.00;0.00;02.01.2024;21
"0301";"31564";"5900440";" ";0.000;2070.00;52929.00;0.00;02.01.2024;21
"0301";"31564";"5900441";" ";0.000;1343.00;42420.00;0.00;02.01.2024;21
"0301";"31564";"5900442";" ";0.000;1992.00;49287.00;0.00;02.01.2024;21
"0301";"31564";"5900443";" ";0.000;2135.00;53815.00;0.00;02.01.2024;21
"0301";"31564";"5900444";" ";0.000;1370.00;43220.00;0.00;02.01.2024;21
"0301";"31564";"5900445";" ";0.000;2185.00;50593.00;0.00;02.01.2024;21
"0301";"31564";"5900446";" ";0.000;2330.00;55120.00;0.00;02.01.2024;21
"0301";"31564";"5900447";" ";0.000;1410.00;44484.00;0.00;02.01.2024;21
"0301";"31564";"5900448";" ";0.000;1835.00;36648.00;0.00;02.01.2024;21
"0301";"31564";"5900449";" ";0.000;1977.00;41178.00;0.00;02.01.2024;21
"0301";"31564";"5900450";" ";0.000;1028.00;32436.00;0.00;02.01.2024;21
"0301";"31564";"5900451";" ";0.000;2072.00;40917.00;0.00;02.01.2024;21
"0301";"31564";"5900452";" ";0.000;2216.00;45445.00;0.00;02.01.2024;21
"0301";"31564";"5900453";" ";0.000;1149.00;36233.00;0.00;02.01.2024;21
"0301";"31564";"5900454";" ";0.000;2783.00;45005.00;0.00;02.01.2024;21
"0301";"31564";"5900455";" ";0.000;2926.00;49534.00;0.00;02.01.2024;21
"0301";"31564";"5900456";" ";0.000;1277.00;40278.00;0.00;02.01.2024;21
"0301";"31564";"5900457";" ";0.000;1875.00;49095.00;0.00;02.01.2024;21
"0301";"31564";"5900458";" ";0.000;2020.00;53622.00;0.00;02.01.2024;21
"0301";"31564";"5900459";" ";0.000;1360.00;42961.00;0.00;02.01.2024;21
"0301";"31564";"5900460";" ";0.000;2066.00;50369.00;0.00;02.01.2024;21
"0301";"31564";"5900461";" ";0.000;2209.00;54898.00;0.00;02.01.2024;21
"0301";"31564";"5900462";" ";0.000;1400.00;44196.00;0.00;02.01.2024;21
"0301";"31564";"5900463";" ";0.000;958.00;30279.00;0.00;02.01.2024;21
"0301";"31564";"5900464";" ";0.000;1102.00;34807.00;0.00;02.01.2024;21
"0301";"31564";"5900465";" ";0.000;767.00;24223.00;0.00;02.01.2024;21
"0301";"31564";"5900466";" ";0.000;979.00;30937.00;0.00;02.01.2024;21
"0301";"31564";"5900467";" ";0.000;1123.00;35465.00;0.00;02.01.2024;21
"0301";"31564";"5900468";" ";0.000;784.00;24749.00;0.00;02.01.2024;21
"0301";"31564";"5900469";" ";0.000;1012.00;31923.00;0.00;02.01.2024;21
"0301";"31564";"5900470";" ";0.000;1156.00;36451.00;0.00;02.01.2024;21
"0301";"31564";"5900471";" ";0.000;810.00;25538.00;0.00;02.01.2024;21
"0301";"31564";"5900472";" ";0.000;1134.00;35806.00;0.00;02.01.2024;21
"0301";"31564";"5900473";" ";0.000;1278.00;40334.00;0.00;02.01.2024;21
"0301";"31564";"5900474";" ";0.000;908.00;28644.00;0.00;02.01.2024;21
"0301";"31564";"5900475";" ";0.000;1157.00;36531.00;0.00;02.01.2024;21
"0301";"31564";"5900476";" ";0.000;1301.00;41059.00;0.00;02.01.2024;21
"0301";"31564";"5900477";" ";0.000;927.00;29224.00;0.00;02.01.2024;21
"0301";"31564";"5900478";" ";0.000;1193.00;37649.00;0.00;02.01.2024;21
"0301";"31564";"5900479";" ";0.000;1337.00;42177.00;0.00;02.01.2024;21
"0301";"31564";"5900480";" ";0.000;955.00;30119.00;0.00;02.01.2024;21
"0301";"31564";"5900481";" ";0.000;1266.00;40020.00;0.00;02.01.2024;21
"0301";"31564";"5900482";" ";0.000;1411.00;44547.00;0.00;02.01.2024;21
"0301";"31564";"5900483";" ";0.000;1014.00;32015.00;0.00;02.01.2024;21
"0301";"31564";"5900484";" ";0.000;1295.00;40875.00;0.00;02.01.2024;21
"0301";"31564";"5900485";" ";0.000;1438.00;45404.00;0.00;02.01.2024;21
"0301";"31564";"5900486";" ";0.000;1036.00;32700.00;0.00;02.01.2024;21
"0301";"31564";"5900487";" ";0.000;1335.00;42126.00;0.00;02.01.2024;21
"0301";"31564";"5900488";" ";0.000;1479.00;46654.00;0.00;02.01.2024;21
"0301";"31564";"5900489";" ";0.000;1067.00;33701.00;0.00;02.01.2024;21
"0301";"31564";"5900490";" ";0.000;865.00;27316.00;0.00;02.01.2024;21
"0301";"31564";"5900491";" ";0.000;1009.00;31844.00;0.00;02.01.2024;21
"0301";"31564";"5900492";" ";0.000;692.00;21853.00;0.00;02.01.2024;21
"0301";"31564";"5900493";" ";0.000;882.00;27843.00;0.00;02.01.2024;21
"0301";"31564";"5900494";" ";0.000;1026.00;32371.00;0.00;02.01.2024;21
"0301";"31564";"5900495";" ";0.000;706.00;22274.00;0.00;02.01.2024;21
"0301";"31564";"5900496";" ";0.000;911.00;28765.00;0.00;02.01.2024;21
"0301";"31564";"5900497";" ";0.000;1055.00;33293.00;0.00;02.01.2024;21
"0301";"31564";"5900498";" ";0.000;729.00;23012.00;0.00;02.01.2024;21
"0301";"31564";"5900499";" ";0.000;1422.00;37112.00;0.00;02.01.2024;21
"0301";"31564";"5900500";" ";0.000;1565.00;41640.00;0.00;02.01.2024;21
"0301";"31564";"5900501";" ";0.000;1028.00;32479.00;0.00;02.01.2024;21
"0301";"31564";"5900502";" ";0.000;2051.00;40230.00;0.00;02.01.2024;21
"0301";"31564";"5900503";" ";0.000;2195.00;44758.00;0.00;02.01.2024;21
"0301";"31564";"5900504";" ";0.000;1128.00;35638.00;0.00;02.01.2024;21
"0301";"31564";"5900505";" ";0.000;2109.00;41072.00;0.00;02.01.2024;21
"0301";"31564";"5900506";" ";0.000;2253.00;45600.00;0.00;02.01.2024;21
"0301";"31564";"5900507";" ";0.000;1153.00;36396.00;0.00;02.01.2024;21
"0301";"31564";"5900508";" ";0.000;1133.00;44148.00;0.00;02.01.2024;21
"0301";"31564";"5900509";" ";0.000;1276.00;48676.00;0.00;02.01.2024;21
"0301";"31564";"5900510";" ";0.000;1210.00;38165.00;0.00;02.01.2024;21
"0301";"31564";"5900511";" ";0.000;1199.00;45031.00;0.00;02.01.2024;21
"0301";"31564";"5900512";" ";0.000;1343.00;49559.00;0.00;02.01.2024;21
"0301";"31564";"5900513";" ";0.000;1235.00;38966.00;0.00;02.01.2024;21
"0301";"31564";"5900514";" ";0.000;1383.00;46296.00;0.00;02.01.2024;21
"0301";"31564";"5900515";" ";0.000;1527.00;50824.00;0.00;02.01.2024;21
"0301";"31564";"5900516";" ";0.000;1272.00;40187.00;0.00;02.01.2024;21
"0301";"31564";"5900517";" ";0.000;1191.00;33195.00;0.00;02.01.2024;21
"0301";"31564";"5900518";" ";0.000;1335.00;37723.00;0.00;02.01.2024;21
"0301";"31564";"5900519";" ";0.000;918.00;28982.00;0.00;02.01.2024;21
"0301";"31564";"5900520";" ";0.000;1326.00;36915.00;0.00;02.01.2024;21
"0301";"31564";"5900521";" ";0.000;1468.00;41443.00;0.00;02.01.2024;21
"0301";"31564";"5900522";" ";0.000;1020.00;32232.00;0.00;02.01.2024;21
"0301";"31564";"5900523";" ";0.000;2003.00;40833.00;0.00;02.01.2024;21
"0301";"31564";"5900524";" ";0.000;2148.00;45360.00;0.00;02.01.2024;21
"0301";"31564";"5900525";" ";0.000;1145.00;36105.00;0.00;02.01.2024;21
"0301";"31564";"5900526";" ";0.000;1077.00;44792.00;0.00;02.01.2024;21
"0301";"31564";"5900527";" ";0.000;1219.00;49320.00;0.00;02.01.2024;21
"0301";"31564";"5900528";" ";0.000;1224.00;38661.00;0.00;02.01.2024;21
"0301";"31564";"5900529";" ";0.000;1255.00;46027.00;0.00;02.01.2024;21
"0301";"31564";"5900530";" ";0.000;1399.00;50555.00;0.00;02.01.2024;21
"0301";"31564";"5900531";" ";0.000;1262.00;39853.00;0.00;02.01.2024;21
"0301";"31564";"5900532";" ";0.000;1347.00;42494.00;0.00;02.01.2024;21
"0301";"31564";"5900533";" ";0.000;1873.00;59133.00;0.00;02.01.2024;21
"0301";"31564";"5900534";" ";0.000;2221.00;70139.00;0.00;02.01.2024;21
"0301";"31564";"5900535";" ";0.000;149.00;4689.00;0.00;02.01.2024;21
"0301";"31564";"5900538";" ";0.000;161.00;5080.00;0.00;02.01.2024;21
"0301";"31564";"5900540";" ";0.000;173.00;5470.00;0.00;02.01.2024;21
"0301";"31564";"5900541";" ";0.000;262.00;8301.00;0.00;02.01.2024;21
"0301";"31564";"5900542";" ";0.000;273.00;8658.00;0.00;02.01.2024;21
"0301";"31564";"5900543";" ";0.000;301.00;9523.00;0.00;02.01.2024;21
"0301";"31564";"5900544";" ";0.000;152.00;4816.00;0.00;02.01.2024;21
"0301";"31564";"5900545";" ";0.000;152.00;4816.00;0.00;02.01.2024;21
"0301";"31564";"5900546";" ";0.000;152.00;4816.00;0.00;02.01.2024;21
"0301";"31564";"5900547";" ";0.000;183.00;5744.00;0.00;02.01.2024;21
"0301";"31564";"5900548";" ";0.000;55.00;1761.00;0.00;02.01.2024;21
"0301";"31564";"5900550";" ";0.000;93.00;2931.00;0.00;02.01.2024;21
"0301";"31564";"5900551";" ";0.000;133.00;4175.00;0.00;02.01.2024;21
"0301";"31564";"5900552";" ";0.000;-1510.00;2007.00;0.00;02.01.2024;21
"0301";"31564";"5900552";"1";1.000;-1510.00;2007.00;0.00;02.01.2024;21
"0301";"31564";"5900553";" ";0.000;-1773.00;2768.00;0.00;02.01.2024;21
"0301";"31564";"5900554";" ";0.000;212.00;6690.00;0.00;02.01.2024;21
"0301";"31564";"5900555";" ";0.000;23.00;748.00;0.00;02.01.2024;21
"0301";"31564";"5900556";" ";0.000;34.00;1055.00;0.00;02.01.2024;21
"0301";"31564";"5900557";" ";0.000;3.00;88.00;0.00;02.01.2024;21
"0301";"31564";"5900558";" ";0.000;7.00;220.00;0.00;02.01.2024;21
"0301";"31564";"5900559";" ";0.000;3.00;88.00;0.00;02.01.2024;21
"0301";"31564";"5900560";" ";0.000;7.00;220.00;0.00;02.01.2024;21
"0301";"31564";"5900561";" ";0.000;3.00;88.00;0.00;02.01.2024;21
"0301";"31564";"5900562";" ";0.000;7.00;220.00;0.00;02.01.2024;21
"0301";"31564";"5900563";" ";0.000;3.00;88.00;0.00;02.01.2024;21
"0301";"31564";"5900564";" ";0.000;7.00;220.00;0.00;02.01.2024;21
"0301";"31564";"5900565";" ";0.000;3.00;88.00;0.00;02.01.2024;21
"0301";"31564";"5900566";" ";0.000;7.00;220.00;0.00;02.01.2024;21
"0301";"31564";"5900567";" ";0.000;75.00;2358.00;0.00;02.01.2024;21
"0301";"31564";"5900568";" ";0.000;75.00;2358.00;0.00;02.01.2024;21
"0301";"31564";"5900569";" ";0.000;117.00;3692.00;0.00;02.01.2024;21
"0301";"31564";"5900570";" ";0.000;117.00;3692.00;0.00;02.01.2024;21
"0301";"31564";"5900571";" ";0.000;156.00;4932.00;0.00;02.01.2024;21
"0301";"31564";"5900572";" ";0.000;131.00;4116.00;0.00;02.01.2024;21
"0301";"31564";"5900573";" ";0.000;131.00;4116.00;0.00;02.01.2024;21
"0301";"31564";"5900574";" ";0.000;156.00;4932.00;0.00;02.01.2024;21
"0301";"31564";"5900575";" ";0.000;131.00;4116.00;0.00;02.01.2024;21
"0301";"31564";"5900576";" ";0.000;131.00;4116.00;0.00;02.01.2024;21
"0301";"31564";"5900577";" ";0.000;127.00;3988.00;0.00;02.01.2024;21
"0301";"31564";"5900578";" ";0.000;127.00;3988.00;0.00;02.01.2024;21
"0301";"31564";"5900579";" ";0.000;192.00;6090.00;0.00;02.01.2024;21
"0301";"31564";"5900580";" ";0.000;127.00;3988.00;0.00;02.01.2024;21
"0301";"31564";"5900581";" ";0.000;127.00;3988.00;0.00;02.01.2024;21
"0301";"31564";"5900582";" ";0.000;168.00;5299.00;0.00;02.01.2024;21
"0301";"31564";"5900583";" ";0.000;129.00;4089.00;0.00;02.01.2024;21
"0301";"31564";"5900584";" ";0.000;358.00;3860.00;0.00;02.01.2024;21
"0301";"31564";"5900585";" ";0.000;168.00;5299.00;0.00;02.01.2024;21
"0301";"31564";"5900586";" ";0.000;129.00;4089.00;0.00;02.01.2024;21
"0301";"31564";"5900587";" ";0.000;129.00;4089.00;0.00;02.01.2024;21
"0301";"31564";"5900588";" ";0.000;215.00;6814.00;0.00;02.01.2024;21
"0301";"31564";"5900588";"1";0.000;215.00;6814.00;0.00;02.01.2024;21
"0301";"31564";"5900589";" ";0.000;16.00;484.00;0.00;02.01.2024;21
"0301";"31564";"5900590";" ";0.000;16.00;484.00;0.00;02.01.2024;21
"0301";"31564";"5900591";" ";0.000;21.00;659.00;0.00;02.01.2024;21
"0301";"31564";"5900592";" ";0.000;7.00;220.00;0.00;02.01.2024;21
"0301";"31564";"5900593";" ";0.000;7.00;220.00;0.00;02.01.2024;21
"0301";"31564";"5900594";" ";0.000;34.00;1100.00;0.00;02.01.2024;21
"0301";"31564";"5900595";" ";0.000;34.00;1100.00;0.00;02.01.2024;21
"0301";"31564";"5900596";" ";0.000;11.00;352.00;0.00;02.01.2024;21
"0301";"31564";"5900597";" ";0.000;11.00;352.00;0.00;02.01.2024;21
"0301";"31564";"5900598";" ";0.000;11.00;352.00;0.00;02.01.2024;21
"0301";"31564";"5900599";" ";0.000;36.00;1114.00;0.00;02.01.2024;21
"0301";"31564";"5900601";" ";0.000;196.00;6200.00;0.00;02.01.2024;21
"0301";"31564";"5900604";" ";0.000;211.00;6616.00;0.00;02.01.2024;21
"0301";"31564";"5900606";" ";0.000;249.00;7865.00;0.00;02.01.2024;21
"0301";"31564";"5900608";" ";0.000;82.00;2598.00;0.00;02.01.2024;21
"0301";"31564";"5900609";" ";0.000;71.00;2253.00;0.00;02.01.2024;21
"0301";"31564";"5900610";" ";0.000;75.00;2379.00;0.00;02.01.2024;21
"0301";"31564";"5900611";" ";0.000;79.00;2468.00;0.00;02.01.2024;21
"0301";"31564";"5900612";" ";0.000;289.00;9125.00;0.00;02.01.2024;21
"0301";"31564";"5900613";" ";0.000;-869.00;7519.00;0.00;02.01.2024;21
"0301";"31564";"5900614";" ";0.000;-807.00;7867.00;0.00;02.01.2024;21
"0301";"31564";"5900615";" ";0.000;-904.00;8537.00;0.00;02.01.2024;21
"0301";"31564";"5900615";"1";0.000;-904.00;8537.00;0.00;02.01.2024;21
"0301";"31564";"5900616";" ";0.000;180.00;5708.00;0.00;02.01.2024;21
"0301";"31564";"5900617";" ";0.000;168.00;5325.00;0.00;02.01.2024;21
"0301";"31564";"5900618";" ";0.000;284.00;8933.00;0.00;02.01.2024;21
"0301";"31564";"5900619";" ";0.000;224.00;7071.00;0.00;02.01.2024;21
"0301";"31564";"5900619";"1";0.000;224.00;7071.00;0.00;02.01.2024;21
"0301";"31564";"5900620";" ";0.000;168.00;5325.00;0.00;02.01.2024;21
"0301";"31564";"5900621";" ";0.000;228.00;7198.00;0.00;02.01.2024;21
"0301";"31564";"5900622";" ";0.000;53.00;1649.00;0.00;02.01.2024;21
"0301";"31564";"5900623";" ";0.000;33.00;1081.00;0.00;02.01.2024;21
"0301";"31564";"5900624";" ";0.000;52.00;1647.00;0.00;02.01.2024;21
"0301";"31564";"5900624";"1";0.000;52.00;1647.00;0.00;02.01.2024;21
"0301";"31564";"5900625";" ";0.000;37.00;1175.00;0.00;02.01.2024;21
"0301";"31564";"5900626";" ";1.000;53.00;1649.00;0.00;02.01.2024;21
"0301";"31564";"5900626";"1";0.000;53.00;1649.00;0.00;02.01.2024;21
"0301";"31564";"5900627";" ";0.000;1081.00;34166.00;0.00;02.01.2024;21
"0301";"31564";"5900628";" ";0.000;1224.00;38695.00;0.00;02.01.2024;21
"0301";"31564";"5900629";" ";0.000;865.00;27333.00;0.00;02.01.2024;21
"0301";"31564";"5900630";" ";0.000;1343.00;42373.00;0.00;02.01.2024;21
"0301";"31564";"5900631";" ";0.000;1486.00;46902.00;0.00;02.01.2024;21
"0301";"31564";"5900632";" ";0.000;1075.00;33898.00;0.00;02.01.2024;21
"0301";"31564";"5900633";" ";0.000;945.00;29840.00;0.00;02.01.2024;21
"0301";"31564";"5900634";" ";0.000;1089.00;34368.00;0.00;02.01.2024;21
"0301";"31564";"5900635";" ";0.000;756.00;23871.00;0.00;02.01.2024;21
"0301";"31564";"5900636";" ";0.000;1081.00;34166.00;0.00;02.01.2024;21
"0301";"31564";"5900637";" ";0.000;1224.00;38695.00;0.00;02.01.2024;21
"0301";"31564";"5900638";" ";0.000;865.00;27333.00;0.00;02.01.2024;21
"0301";"31564";"5900639";" ";1.000;1343.00;42373.00;0.00;02.01.2024;21
"0301";"31564";"5900639";"1";-1.000;1343.00;42373.00;0.00;02.01.2024;21
"0301";"31564";"5900640";" ";0.000;1486.00;46902.00;0.00;02.01.2024;21
"0301";"31564";"5900641";" ";0.000;1075.00;33898.00;0.00;02.01.2024;21
"0301";"31564";"5900642";" ";0.000;945.00;29840.00;0.00;02.01.2024;21
"0301";"31564";"5900643";" ";0.000;1089.00;34368.00;0.00;02.01.2024;21
"0301";"31564";"5900644";" ";0.000;756.00;23871.00;0.00;02.01.2024;21
"0301";"31564";"5900645";" ";0.000;195.00;6141.00;0.00;02.01.2024;21
"0301";"31564";"5900646";" ";0.000;251.00;7932.00;0.00;02.01.2024;21
"0301";"31564";"5900647";" ";0.000;83.00;2632.00;0.00;02.01.2024;21
"0301";"31564";"5900648";" ";0.000;553.00;17455.00;0.00;02.01.2024;21
"0301";"31564";"5900649";" ";0.000;697.00;21983.00;0.00;02.01.2024;21
"0301";"31564";"5900650";" ";0.000;441.00;13965.00;0.00;02.01.2024;21
"0301";"31564";"5900651";" ";0.000;582.00;18345.00;0.00;02.01.2024;21
"0301";"31564";"5900652";" ";0.000;723.00;22874.00;0.00;02.01.2024;21
"0301";"31564";"5900653";" ";0.000;465.00;14676.00;0.00;02.01.2024;21
"0301";"31564";"5900654";" ";0.000;651.00;20535.00;0.00;02.01.2024;21
"0301";"31564";"5900655";" ";0.000;794.00;25064.00;0.00;02.01.2024;21
"0301";"31564";"5900656";" ";0.000;520.00;16428.00;0.00;02.01.2024;21
"0301";"31564";"5900657";" ";0.000;686.00;21631.00;0.00;02.01.2024;21
"0301";"31564";"5900658";" ";0.000;829.00;26159.00;0.00;02.01.2024;21
"0301";"31564";"5900659";" ";0.000;549.00;17305.00;0.00;02.01.2024;21
"0301";"31564";"5900660";" ";0.000;728.00;23000.00;0.00;02.01.2024;21
"0301";"31564";"5900661";" ";0.000;871.00;27529.00;0.00;02.01.2024;21
"0301";"31564";"5900662";" ";0.000;583.00;18399.00;0.00;02.01.2024;21
"0301";"31564";"5900663";" ";0.000;767.00;24234.00;0.00;02.01.2024;21
"0301";"31564";"5900664";" ";0.000;911.00;28762.00;0.00;02.01.2024;21
"0301";"31564";"5900665";" ";0.000;614.00;19387.00;0.00;02.01.2024;21
"0301";"31564";"5900666";" ";0.000;452.00;14283.00;0.00;02.01.2024;21
"0301";"31564";"5900667";" ";0.000;596.00;18811.00;0.00;02.01.2024;21
"0301";"31564";"5900668";" ";0.000;362.00;11426.00;0.00;02.01.2024;21
"0301";"31564";"5900669";" ";0.000;481.00;15144.00;0.00;02.01.2024;21
"0301";"31564";"5900670";" ";0.000;624.00;19673.00;0.00;02.01.2024;21
"0301";"31564";"5900671";" ";0.000;385.00;12116.00;0.00;02.01.2024;21
"0301";"31564";"5900672";" ";0.000;506.00;15967.00;0.00;02.01.2024;21
"0301";"31564";"5900673";" ";0.000;650.00;20495.00;0.00;02.01.2024;21
"0301";"31564";"5900674";" ";0.000;405.00;12773.00;0.00;02.01.2024;21
"0301";"31564";"5900675";" ";0.000;1046.00;33022.00;0.00;02.01.2024;21
"0301";"31564";"5900676";" ";0.000;1101.00;34774.00;0.00;02.01.2024;21
"0301";"31564";"5900677";" ";0.000;1235.00;38991.00;0.00;02.01.2024;21
"0301";"31564";"5900678";" ";0.000;1299.00;41018.00;0.00;02.01.2024;21
"0301";"31564";"5900679";" ";0.000;1381.00;43590.00;0.00;02.01.2024;21
"0301";"31564";"5900680";" ";0.000;1455.00;45890.00;0.00;02.01.2024;21
"0301";"31564";"5900681";" ";0.000;760.00;23958.00;0.00;02.01.2024;21
"0301";"31564";"5900682";" ";0.000;948.00;29938.00;0.00;02.01.2024;21
"0301";"31564";"5900683";" ";0.000;1000.00;31537.00;0.00;02.01.2024;21
"0301";"31564";"5900684";" ";0.000;703.00;22201.00;0.00;02.01.2024;21
"0301";"31564";"5900685";" ";0.000;847.00;26729.00;0.00;02.01.2024;21
"0301";"31564";"5900686";" ";0.000;639.00;20183.00;0.00;02.01.2024;21
"0301";"31564";"5900687";" ";0.000;817.00;25786.00;0.00;02.01.2024;21
"0301";"31564";"5900688";" ";0.000;961.00;30314.00;0.00;02.01.2024;21
"0301";"31564";"5900689";" ";0.000;692.00;21843.00;0.00;02.01.2024;21
"0301";"31564";"5900690";" ";0.000;764.00;24120.00;0.00;02.01.2024;21
"0301";"31564";"5900691";" ";0.000;907.00;28648.00;0.00;02.01.2024;21
"0301";"31564";"5900692";" ";0.000;694.00;21928.00;0.00;02.01.2024;21
"0301";"31564";"5900693";" ";0.000;837.00;26430.00;0.00;02.01.2024;21
"0301";"31564";"5900694";" ";0.000;981.00;30958.00;0.00;02.01.2024;21
"0301";"31564";"5900695";" ";0.000;761.00;24027.00;0.00;02.01.2024;21
"0301";"31564";"5900696";" ";0.000;962.00;30358.00;0.00;02.01.2024;21
"0301";"31564";"5900697";" ";0.000;1104.00;34887.00;0.00;02.01.2024;21
"0301";"31564";"5900698";" ";0.000;826.00;26059.00;0.00;02.01.2024;21
"0301";"31564";"5900699";" ";0.000;1018.00;32117.00;0.00;02.01.2024;21
"0301";"31564";"5900700";" ";0.000;1160.00;36646.00;0.00;02.01.2024;21
"0301";"31564";"5900701";" ";0.000;854.00;26966.00;0.00;02.01.2024;21
"0301";"31564";"5900702";" ";0.000;1214.00;38300.00;0.00;02.01.2024;21
"0301";"31564";"5900703";" ";0.000;1311.00;41404.00;0.00;02.01.2024;21
"0301";"31564";"5900704";" ";0.000;1431.00;45171.00;0.00;02.01.2024;21
"0301";"31564";"5900705";" ";0.000;1591.00;50226.00;0.00;02.01.2024;21
"0301";"31564";"5900706";" ";0.000;1692.00;53396.00;0.00;02.01.2024;21
"0301";"31564";"5900707";" ";0.000;1734.00;54746.00;0.00;02.01.2024;21
"0301";"31564";"5900708";" ";0.000;1330.00;42003.00;0.00;02.01.2024;21
"0301";"31564";"5900709";" ";0.000;1461.00;46139.00;0.00;02.01.2024;21
"0301";"31564";"5900710";" ";0.000;1569.00;49550.00;0.00;02.01.2024;21
"0301";"31564";"5900711";" ";0.000;1744.00;55067.00;0.00;02.01.2024;21
"0301";"31564";"5900712";" ";0.000;1948.00;61484.00;0.00;02.01.2024;21
"0301";"31564";"5900713";" ";0.000;1953.00;61616.00;0.00;02.01.2024;21
"0301";"31564";"5900714";" ";0.000;1312.00;41401.00;0.00;02.01.2024;21
"0301";"31564";"5900715";" ";0.000;1393.00;43974.00;0.00;02.01.2024;21
"0301";"31564";"5900716";" ";0.000;1562.00;49287.00;0.00;02.01.2024;21
"0301";"31564";"5900717";" ";0.000;1659.00;52353.00;0.00;02.01.2024;21
"0301";"31564";"5900718";" ";0.000;1878.00;59252.00;0.00;02.01.2024;21
"0301";"31564";"5900719";" ";0.000;1993.00;62922.00;0.00;02.01.2024;21
"0301";"31564";"5900720";" ";0.000;952.00;30066.00;0.00;02.01.2024;21
"0301";"31564";"5900721";" ";0.000;1189.00;37495.00;0.00;02.01.2024;21
"0301";"31564";"5900722";" ";0.000;1263.00;39870.00;0.00;02.01.2024;21
"0301";"31564";"5900723";" ";0.000;776.00;24515.00;0.00;02.01.2024;21
"0301";"31564";"5900724";" ";0.000;921.00;29042.00;0.00;02.01.2024;21
"0301";"31564";"5900725";" ";0.000;654.00;20678.00;0.00;02.01.2024;21
"0301";"31564";"5900726";" ";0.000;817.00;25786.00;0.00;02.01.2024;21
"0301";"31564";"5900727";" ";0.000;961.00;30314.00;0.00;02.01.2024;21
"0301";"31564";"5900728";" ";0.000;692.00;21843.00;0.00;02.01.2024;21
"0301";"31564";"5900729";" ";0.000;835.00;26362.00;0.00;02.01.2024;21
"0301";"31564";"5900730";" ";0.000;978.00;30891.00;0.00;02.01.2024;21
"0301";"31564";"5900731";" ";0.000;713.00;22489.00;0.00;02.01.2024;21
"0301";"31564";"5900732";" ";0.000;917.00;28919.00;0.00;02.01.2024;21
"0301";"31564";"5900733";" ";0.000;1060.00;33448.00;0.00;02.01.2024;21
"0301";"31564";"5900734";" ";0.000;779.00;24621.00;0.00;02.01.2024;21
"0301";"31564";"5900735";" ";0.000;962.00;30358.00;0.00;02.01.2024;21
"0301";"31564";"5900736";" ";0.000;1104.00;34887.00;0.00;02.01.2024;21
"0301";"31564";"5900737";" ";0.000;826.00;26059.00;0.00;02.01.2024;21
"0301";"31564";"5900738";" ";0.000;1018.00;32117.00;0.00;02.01.2024;21
"0301";"31564";"5900739";" ";0.000;1160.00;36646.00;0.00;02.01.2024;21
"0301";"31564";"5900740";" ";0.000;854.00;26966.00;0.00;02.01.2024;21
"0301";"31564";"5900741";" ";0.000;1244.00;39261.00;0.00;02.01.2024;21
"0301";"31564";"5900742";" ";0.000;1311.00;41404.00;0.00;02.01.2024;21
"0301";"31564";"5900743";" ";0.000;1467.00;46293.00;0.00;02.01.2024;21
"0301";"31564";"5900744";" ";0.000;1631.00;51481.00;0.00;02.01.2024;21
"0301";"31564";"5900745";" ";0.000;1692.00;53396.00;0.00;02.01.2024;21
"0301";"31564";"5900746";" ";0.000;1778.00;56136.00;0.00;02.01.2024;21
"0301";"31564";"5900747";" ";0.000;1364.00;43061.00;0.00;02.01.2024;21
"0301";"31564";"5900748";" ";0.000;1461.00;46139.00;0.00;02.01.2024;21
"0301";"31564";"5900749";" ";0.000;1610.00;50805.00;0.00;02.01.2024;21
"0301";"31564";"5900750";" ";0.000;1788.00;56455.00;0.00;02.01.2024;21
"0301";"31564";"5900751";" ";0.000;1948.00;61484.00;0.00;02.01.2024;21
"0301";"31564";"5900752";" ";0.000;2000.00;63169.00;0.00;02.01.2024;21
"0301";"31564";"5900756";" ";0.000;314.00;4371.00;0.00;02.01.2024;21
"0301";"31564";"5900757";" ";0.000;480.00;6634.00;0.00;02.01.2024;21
"0301";"31564";"5900758";" ";0.000;253.00;3496.00;0.00;02.01.2024;21
"0301";"31564";"5900759";" ";0.000;283.00;3919.00;0.00;02.01.2024;21
"0301";"31564";"5900760";" ";0.000;447.00;6183.00;0.00;02.01.2024;21
"0301";"31564";"5900761";" ";0.000;226.00;3135.00;0.00;02.01.2024;21
"0301";"31564";"5900762";" ";0.000;299.00;4132.00;0.00;02.01.2024;21
"0301";"31564";"5900763";" ";0.000;461.00;6397.00;0.00;02.01.2024;21
"0301";"31564";"5900764";" ";0.000;238.00;3307.00;0.00;02.01.2024;21
"0301";"31564";"5900765";" ";0.000;332.00;4599.00;0.00;02.01.2024;21
"0301";"31564";"5900765";"1";0.000;332.00;4599.00;0.00;02.01.2024;21
"0301";"31564";"5900766";" ";0.000;495.00;6863.00;0.00;02.01.2024;21
"0301";"31564";"5900767";" ";0.000;267.00;3678.00;0.00;02.01.2024;21
"0301";"31564";"5900767";"1";0.000;267.00;3678.00;0.00;02.01.2024;21
"0301";"31564";"5900768";" ";0.000;326.00;4507.00;0.00;02.01.2024;21
"0301";"31564";"5900769";" ";0.000;489.00;6771.00;0.00;02.01.2024;21
"0301";"31564";"5900770";" ";0.000;260.00;3606.00;0.00;02.01.2024;21
"0301";"31564";"5900771";" ";0.000;358.00;4976.00;0.00;02.01.2024;21
"0301";"31564";"5900772";" ";0.000;522.00;7239.00;0.00;02.01.2024;21
"0301";"31564";"5900773";" ";0.000;286.00;3980.00;0.00;02.01.2024;21
"0301";"31564";"5900774";" ";0.000;350.00;4848.00;0.00;02.01.2024;21
"0301";"31564";"5900775";" ";0.000;513.00;7112.00;0.00;02.01.2024;21
"0301";"31564";"5900776";" ";0.000;280.00;3879.00;0.00;02.01.2024;21
"0301";"31564";"5900777";" ";0.000;325.00;4516.00;0.00;02.01.2024;21
"0301";"31564";"5900778";" ";0.000;488.00;6780.00;0.00;02.01.2024;21
"0301";"31564";"5900779";" ";0.000;261.00;3612.00;0.00;02.01.2024;21
"0301";"31564";"5900780";" ";0.000;360.00;4986.00;0.00;02.01.2024;21
"0301";"31564";"5900781";" ";0.000;523.00;7250.00;0.00;02.01.2024;21
"0301";"31564";"5900782";" ";0.000;288.00;3988.00;0.00;02.01.2024;21
"0301";"31564";"5900782";"1";0.000;288.00;3988.00;0.00;02.01.2024;21
"0301";"31564";"5900783";" ";0.000;345.00;4781.00;0.00;02.01.2024;21
"0301";"31564";"5900784";" ";0.000;508.00;7045.00;0.00;02.01.2024;21
"0301";"31564";"5900785";" ";0.000;276.00;3825.00;0.00;02.01.2024;21
"0301";"31564";"5900786";" ";0.000;378.00;5247.00;0.00;02.01.2024;21
"0301";"31564";"5900787";" ";0.000;543.00;7510.00;0.00;02.01.2024;21
"0301";"31564";"5900788";" ";0.000;303.00;4197.00;0.00;02.01.2024;21
"0301";"31564";"5900789";" ";0.000;382.00;5299.00;0.00;02.01.2024;21
"0301";"31564";"5900790";" ";0.000;545.00;7563.00;0.00;02.01.2024;21
"0301";"31564";"5900791";" ";0.000;306.00;4239.00;0.00;02.01.2024;21
"0301";"31564";"5900792";" ";0.000;416.00;5766.00;0.00;02.01.2024;21
"0301";"31564";"5900793";" ";0.000;578.00;8031.00;0.00;02.01.2024;21
"0301";"31564";"5900794";" ";0.000;332.00;4613.00;0.00;02.01.2024;21
"0301";"31564";"5900795";" ";0.000;440.00;6081.00;0.00;02.01.2024;21
"0301";"31564";"5900796";" ";0.000;603.00;8345.00;0.00;02.01.2024;21
"0301";"31564";"5900797";" ";0.000;351.00;4865.00;0.00;02.01.2024;21
"0301";"31564";"5900798";" ";0.000;378.00;5233.00;0.00;02.01.2024;21
"0301";"31564";"5900799";" ";0.000;541.00;7497.00;0.00;02.01.2024;21
"0301";"31564";"5900800";" ";0.000;302.00;4187.00;0.00;02.01.2024;21
"0301";"31564";"5900801";" ";0.000;412.00;5689.00;0.00;02.01.2024;21
"0301";"31564";"5900802";" ";0.000;575.00;7953.00;0.00;02.01.2024;21
"0301";"31564";"5900803";" ";0.000;328.00;4552.00;0.00;02.01.2024;21
"0301";"31564";"5900804";" ";0.000;402.00;5549.00;0.00;02.01.2024;21
"0301";"31564";"5900805";" ";0.000;563.00;7814.00;0.00;02.01.2024;21
"0301";"31564";"5900806";" ";0.000;321.00;4439.00;0.00;02.01.2024;21
"0301";"31564";"5900807";" ";0.000;434.00;6017.00;0.00;02.01.2024;21
"0301";"31564";"5900808";" ";0.000;598.00;8281.00;0.00;02.01.2024;21
"0301";"31564";"5900809";" ";0.000;348.00;4813.00;0.00;02.01.2024;21
"0301";"31564";"5900810";" ";0.000;451.00;6225.00;0.00;02.01.2024;21
"0301";"31564";"5900811";" ";0.000;612.00;8491.00;0.00;02.01.2024;21
"0301";"31564";"5900812";" ";0.000;360.00;4980.00;0.00;02.01.2024;21
"0301";"31564";"5900813";" ";0.000;483.00;6694.00;0.00;02.01.2024;21
"0301";"31564";"5900814";" ";0.000;646.00;8958.00;0.00;02.01.2024;21
"0301";"31564";"5900815";" ";0.000;386.00;5355.00;0.00;02.01.2024;21
"0301";"31564";"5900816";" ";0.000;512.00;7087.00;0.00;02.01.2024;21
"0301";"31564";"5900817";" ";0.000;674.00;9352.00;0.00;02.01.2024;21
"0301";"31564";"5900818";" ";0.000;409.00;5670.00;0.00;02.01.2024;21
"0301";"31564";"5900819";" ";0.000;225.00;3111.00;0.00;02.01.2024;21
"0301";"31564";"5900820";" ";0.000;388.00;5375.00;0.00;02.01.2024;21
"0301";"31564";"5900821";" ";0.000;179.00;2489.00;0.00;02.01.2024;21
"0301";"31564";"5900822";" ";0.000;257.00;3577.00;0.00;02.01.2024;21
"0301";"31564";"5900823";" ";0.000;422.00;5841.00;0.00;02.01.2024;21
"0301";"31564";"5900824";" ";0.000;207.00;2862.00;0.00;02.01.2024;21
"0301";"31564";"5900825";" ";0.000;234.00;3239.00;0.00;02.01.2024;21
"0301";"31564";"5900826";" ";0.000;397.00;5503.00;0.00;02.01.2024;21
"0301";"31564";"5900827";" ";0.000;187.00;2591.00;0.00;02.01.2024;21
"0301";"31564";"5900828";" ";0.000;268.00;3707.00;0.00;02.01.2024;21
"0301";"31564";"5900829";" ";0.000;431.00;5971.00;0.00;02.01.2024;21
"0301";"31564";"5900830";" ";0.000;214.00;2966.00;0.00;02.01.2024;21
"0301";"31564";"5900831";" ";0.000;255.00;3543.00;0.00;02.01.2024;21
"0301";"31564";"5900832";" ";0.000;418.00;5807.00;0.00;02.01.2024;21
"0301";"31564";"5900833";" ";0.000;204.00;2834.00;0.00;02.01.2024;21
"0301";"31564";"5900837";" ";0.000;243.00;3380.00;0.00;02.01.2024;21
"0301";"31564";"5900838";" ";0.000;305.00;4224.00;0.00;02.01.2024;21
"0301";"31564";"5900839";" ";0.000;467.00;6489.00;0.00;02.01.2024;21
"0301";"31564";"5900840";" ";0.000;502.00;6955.00;0.00;02.01.2024;21
"0301";"31564";"5900841";" ";0.000;339.00;4690.00;0.00;02.01.2024;21
"0301";"31564";"5900842";" ";0.000;271.00;3752.00;0.00;02.01.2024;21
"0301";"31564";"5900843";" ";0.000;267.00;3709.00;0.00;02.01.2024;21
"0301";"31564";"5900844";" ";0.000;334.00;4637.00;0.00;02.01.2024;21
"0301";"31564";"5900845";" ";0.000;498.00;6901.00;0.00;02.01.2024;21
"0301";"31564";"5900846";" ";0.000;367.00;5103.00;0.00;02.01.2024;21
"0301";"31564";"5900847";" ";0.000;532.00;7366.00;0.00;02.01.2024;21
"0301";"31564";"5900848";" ";0.000;296.00;4081.00;0.00;02.01.2024;21
"0301";"31564";"5900849";" ";0.000;304.00;4200.00;0.00;02.01.2024;21
"0301";"31564";"5900850";" ";0.000;379.00;5250.00;0.00;02.01.2024;21
"0301";"31564";"5900851";" ";0.000;542.00;7515.00;0.00;02.01.2024;21
"0301";"31564";"5900852";" ";0.000;413.00;5716.00;0.00;02.01.2024;21
"0301";"31564";"5900853";" ";0.000;576.00;7980.00;0.00;02.01.2024;21
"0301";"31564";"5900854";" ";0.000;330.00;4573.00;0.00;02.01.2024;21
"0301";"31564";"5900855";" ";0.000;282.00;3900.00;0.00;02.01.2024;21
"0301";"31564";"5900856";" ";0.000;352.00;4875.00;0.00;02.01.2024;21
"0301";"31564";"5900857";" ";0.000;514.00;7140.00;0.00;02.01.2024;21
"0301";"31564";"5900858";" ";0.000;548.00;7606.00;0.00;02.01.2024;21
"0301";"31564";"5900859";" ";0.000;385.00;5342.00;0.00;02.01.2024;21
"0301";"31564";"5900860";" ";0.000;307.00;4274.00;0.00;02.01.2024;21
"0301";"31564";"5900861";" ";0.000;311.00;4312.00;0.00;02.01.2024;21
"0301";"31564";"5900862";" ";0.000;388.00;5392.00;0.00;02.01.2024;21
"0301";"31564";"5900863";" ";0.000;551.00;7656.00;0.00;02.01.2024;21
"0301";"31564";"5900864";" ";0.000;424.00;5856.00;0.00;02.01.2024;21
"0301";"31564";"5900865";" ";0.000;585.00;8122.00;0.00;02.01.2024;21
"0301";"31564";"5900866";" ";0.000;339.00;4685.00;0.00;02.01.2024;21
"0301";"31564";"5900867";" ";0.000;357.00;4942.00;0.00;02.01.2024;21
"0301";"31564";"5900868";" ";0.000;447.00;6177.00;0.00;02.01.2024;21
"0301";"31564";"5900869";" ";0.000;609.00;8442.00;0.00;02.01.2024;21
"0301";"31564";"5900870";" ";0.000;479.00;6644.00;0.00;02.01.2024;21
"0301";"31564";"5900871";" ";0.000;643.00;8908.00;0.00;02.01.2024;21
"0301";"31564";"5900872";" ";0.000;384.00;5314.00;0.00;02.01.2024;21
"0301";"31564";"5900873";" ";0.000;325.00;4500.00;0.00;02.01.2024;21
"0301";"31564";"5900874";" ";0.000;407.00;5625.00;0.00;02.01.2024;21
"0301";"31564";"5900875";" ";0.000;570.00;7889.00;0.00;02.01.2024;21
"0301";"31564";"5900876";" ";0.000;603.00;8355.00;0.00;02.01.2024;21
"0301";"31564";"5900877";" ";0.000;439.00;6091.00;0.00;02.01.2024;21
"0301";"31564";"5900878";" ";0.000;352.00;4873.00;0.00;02.01.2024;21
"0301";"31564";"5900879";" ";0.000;360.00;5000.00;0.00;02.01.2024;21
"0301";"31564";"5900880";" ";0.000;450.00;6251.00;0.00;02.01.2024;21
"0301";"31564";"5900881";" ";0.000;614.00;8514.00;0.00;02.01.2024;21
"0301";"31564";"5900882";" ";0.000;484.00;6716.00;0.00;02.01.2024;21
"0301";"31564";"5900883";" ";0.000;648.00;8979.00;0.00;02.01.2024;21
"0301";"31564";"5900884";" ";0.000;388.00;5372.00;0.00;02.01.2024;21
"0301";"31564";"5900885";" ";0.000;414.00;5746.00;0.00;02.01.2024;21
"0301";"31564";"5900886";" ";0.000;517.00;7183.00;0.00;02.01.2024;21
"0301";"31564";"5900887";" ";0.000;683.00;9446.00;0.00;02.01.2024;21
"0301";"31564";"5900888";" ";0.000;553.00;7648.00;0.00;02.01.2024;21
"0301";"31564";"5900889";" ";0.000;715.00;9914.00;0.00;02.01.2024;21
"0301";"31564";"5900890";" ";0.000;442.00;6119.00;0.00;02.01.2024;21
"0301";"31564";"5900891";" ";0.000;194.00;2686.00;0.00;02.01.2024;21
"0301";"31564";"5900892";" ";0.000;242.00;3358.00;0.00;02.01.2024;21
"0301";"31564";"5900893";" ";0.000;405.00;5622.00;0.00;02.01.2024;21
"0301";"31564";"5900894";" ";0.000;276.00;3822.00;0.00;02.01.2024;21
"0301";"31564";"5900895";" ";0.000;439.00;6088.00;0.00;02.01.2024;21
"0301";"31564";"5900896";" ";0.000;220.00;3059.00;0.00;02.01.2024;21
"0301";"31564";"5900897";" ";0.000;210.00;2915.00;0.00;02.01.2024;21
"0301";"31564";"5900898";" ";0.000;264.00;3643.00;0.00;02.01.2024;21
"0301";"31564";"5900899";" ";0.000;426.00;5908.00;0.00;02.01.2024;21
"0301";"31564";"5900900";" ";0.000;297.00;4110.00;0.00;02.01.2024;21
"0301";"31564";"5900901";" ";0.000;460.00;6374.00;0.00;02.01.2024;21
"0301";"31564";"5900902";" ";0.000;237.00;3289.00;0.00;02.01.2024;21
"0301";"31564";"5900903";" ";0.000;318.00;10044.00;0.00;02.01.2024;21
"0301";"31564";"5900903";"1";0.000;318.00;10044.00;0.00;02.01.2024;21
"0301";"31564";"5900904";" ";0.000;366.00;11551.00;0.00;02.01.2024;21
"0301";"31564";"5900905";" ";0.000;438.00;13815.00;0.00;02.01.2024;21
"0301";"31564";"5900906";" ";1.000;358.00;11320.00;0.00;02.01.2024;21
"0301";"31564";"5900907";" ";2.000;413.00;13017.00;0.00;02.01.2024;21
"0301";"31564";"5900908";" ";0.000;484.00;15281.00;0.00;02.01.2024;21
"0301";"31564";"5900909";" ";0.000;318.00;10014.00;0.00;02.01.2024;21
"0301";"31564";"5900910";" ";0.000;388.00;12279.00;0.00;02.01.2024;21
"0301";"31564";"5900911";" ";0.000;276.00;8708.00;0.00;02.01.2024;21
"0301";"31564";"5900912";" ";0.000;327.00;10375.00;0.00;02.01.2024;21
"0301";"31564";"5900913";" ";0.000;411.00;12968.00;0.00;02.01.2024;21
"0301";"31564";"5900914";" ";0.000;555.00;17495.00;0.00;02.01.2024;21
"0301";"31564";"5900916";" ";0.000;360.00;11385.00;0.00;02.01.2024;21
"0301";"31564";"5900917";" ";0.000;451.00;14231.00;0.00;02.01.2024;21
"0301";"31564";"5900918";" ";0.000;594.00;18760.00;0.00;02.01.2024;21
"0301";"31564";"5900920";" ";0.000;381.00;12000.00;0.00;02.01.2024;21
"0301";"31564";"5900921";" ";0.000;476.00;15000.00;0.00;02.01.2024;21
"0301";"31564";"5900921";"1";0.000;476.00;15000.00;0.00;02.01.2024;21
"0301";"31564";"5900922";" ";0.000;619.00;19528.00;0.00;02.01.2024;21
"0301";"31564";"5900924";" ";0.000;424.00;13362.00;0.00;02.01.2024;21
"0301";"31564";"5900925";" ";0.000;529.00;16703.00;0.00;02.01.2024;21
"0301";"31564";"5900926";" ";0.000;671.00;21232.00;0.00;02.01.2024;21
"0301";"31564";"5900928";" ";0.000;450.00;14198.00;0.00;02.01.2024;21
"0301";"31564";"5900929";" ";0.000;562.00;17748.00;0.00;02.01.2024;21
"0301";"31564";"5900930";" ";0.000;706.00;22276.00;0.00;02.01.2024;21
"0301";"31564";"5900932";" ";0.000;480.00;15165.00;0.00;02.01.2024;21
"0301";"31564";"5900933";" ";0.000;600.00;18956.00;0.00;02.01.2024;21
"0301";"31564";"5900934";" ";0.000;744.00;23484.00;0.00;02.01.2024;21
"0301";"31564";"5900937";" ";0.000;324.00;10220.00;0.00;02.01.2024;21
"0301";"31564";"5900938";" ";0.000;467.00;14749.00;0.00;02.01.2024;21
"0301";"31564";"5900940";" ";0.000;282.00;8924.00;0.00;02.01.2024;21
"0301";"31564";"5900941";" ";0.000;354.00;11154.00;0.00;02.01.2024;21
"0301";"31564";"5900942";" ";0.000;496.00;15683.00;0.00;02.01.2024;21
"0301";"31564";"5900944";" ";0.000;606.00;19122.00;0.00;02.01.2024;21
"0301";"31564";"5900945";" ";0.000;667.00;21055.00;0.00;02.01.2024;21
"0301";"31564";"5900946";" ";0.000;713.00;22461.00;0.00;02.01.2024;21
"0301";"31564";"5900947";" ";0.000;810.00;25538.00;0.00;02.01.2024;21
"0301";"31564";"5900948";" ";0.000;780.00;24615.00;0.00;02.01.2024;21
"0301";"31564";"5900949";" ";0.000;908.00;28615.00;0.00;02.01.2024;21
"0301";"31564";"5900950";" ";0.000;451.00;14242.00;0.00;02.01.2024;21
"0301";"31564";"5900951";" ";0.000;504.00;15913.00;0.00;02.01.2024;21
"0301";"31564";"5900952";" ";0.000;1736.00;54812.00;0.00;02.01.2024;21
"0301";"31564";"5900953";" ";0.000;1880.00;59340.00;0.00;02.01.2024;21
"0301";"31564";"5900954";" ";0.000;1389.00;43849.00;0.00;02.01.2024;21
"0301";"31564";"5900955";" ";0.000;1770.00;55907.00;0.00;02.01.2024;21
"0301";"31564";"5900956";" ";0.000;1914.00;60435.00;0.00;02.01.2024;21
"0301";"31564";"5900957";" ";0.000;1417.00;44725.00;0.00;02.01.2024;21
"0301";"31564";"5900958";" ";0.000;1827.00;57669.00;0.00;02.01.2024;21
"0301";"31564";"5900959";" ";0.000;1970.00;62198.00;0.00;02.01.2024;21
"0301";"31564";"5900960";" ";0.000;1462.00;46135.00;0.00;02.01.2024;21
"0301";"31564";"5900961";" ";0.000;2049.00;64656.00;0.00;02.01.2024;21
"0301";"31564";"5900962";" ";0.000;2192.00;69185.00;0.00;02.01.2024;21
"0301";"31564";"5900963";" ";0.000;1640.00;51725.00;0.00;02.01.2024;21
"0301";"31564";"5900964";" ";0.000;2091.00;65993.00;0.00;02.01.2024;21
"0301";"31564";"5900965";" ";0.000;2234.00;70522.00;0.00;02.01.2024;21
"0301";"31564";"5900966";" ";0.000;1672.00;52795.00;0.00;02.01.2024;21
"0301";"31564";"5900967";" ";0.000;2157.00;68121.00;0.00;02.01.2024;21
"0301";"31564";"5900968";" ";0.000;2302.00;72648.00;0.00;02.01.2024;21
"0301";"31564";"5900969";" ";0.000;1727.00;54496.00;0.00;02.01.2024;21
"0301";"31564";"5900970";" ";0.000;2293.00;72374.00;0.00;02.01.2024;21
"0301";"31564";"5900971";" ";0.000;2436.00;76902.00;0.00;02.01.2024;21
"0301";"31564";"5900972";" ";0.000;1834.00;57899.00;0.00;02.01.2024;21
"0301";"31564";"5900973";" ";0.000;2339.00;73832.00;0.00;02.01.2024;21
"0301";"31564";"5900974";" ";0.000;2482.00;78361.00;0.00;02.01.2024;21
"0301";"31564";"5900975";" ";0.000;1871.00;59066.00;0.00;02.01.2024;21
"0301";"31564";"5900976";" ";0.000;2412.00;76142.00;0.00;02.01.2024;21
"0301";"31564";"5900977";" ";0.000;2557.00;80669.00;0.00;02.01.2024;21
"0301";"31564";"5900978";" ";0.000;1930.00;60914.00;0.00;02.01.2024;21
"0301";"31564";"5900979";" ";0.000;2062.00;65075.00;0.00;02.01.2024;21
"0301";"31564";"5900980";" ";0.000;2204.00;69603.00;0.00;02.01.2024;21
"0301";"31564";"5900981";" ";0.000;1792.00;56587.00;0.00;02.01.2024;21
"0301";"31564";"5900982";" ";0.000;2435.00;76814.00;0.00;02.01.2024;21
"0301";"31564";"5900983";" ";0.000;2577.00;81343.00;0.00;02.01.2024;21
"0301";"31564";"5900984";" ";0.000;2116.00;66796.00;0.00;02.01.2024;21
"0301";"31564";"5900985";" ";0.000;2483.00;78380.00;0.00;02.01.2024;21
"0301";"31564";"5900986";" ";0.000;2627.00;82908.00;0.00;02.01.2024;21
"0301";"31564";"5900987";" ";0.000;2160.00;68156.00;0.00;02.01.2024;21
"0301";"31564";"5900988";" ";0.000;2721.00;85928.00;0.00;02.01.2024;21
"0301";"31564";"5900989";" ";0.000;2865.00;90456.00;0.00;02.01.2024;21
"0301";"31564";"5900990";" ";0.000;2367.00;74720.00;0.00;02.01.2024;21
"0301";"31564";"5900991";" ";0.000;2779.00;87717.00;0.00;02.01.2024;21
"0301";"31564";"5900992";" ";0.000;2921.00;92246.00;0.00;02.01.2024;21
"0301";"31564";"5900993";" ";0.000;2416.00;76276.00;0.00;02.01.2024;21
"0301";"31564";"5900994";" ";0.000;2864.00;90400.00;0.00;02.01.2024;21
"0301";"31564";"5900995";" ";0.000;3007.00;94929.00;0.00;02.01.2024;21
"0301";"31564";"5900996";" ";0.000;2490.00;78609.00;0.00;02.01.2024;21
"0301";"31564";"5901002";" ";0.000;2179.00;68789.00;0.00;02.01.2024;21
"0301";"31564";"5901003";" ";0.000;2324.00;73316.00;0.00;02.01.2024;21
"0301";"31564";"5901004";" ";0.000;1743.00;55031.00;0.00;02.01.2024;21
"0301";"31564";"5901005";" ";0.000;2215.00;69882.00;0.00;02.01.2024;21
"0301";"31564";"5901006";" ";0.000;2357.00;74411.00;0.00;02.01.2024;21
"0301";"31564";"5901007";" ";0.000;1771.00;55906.00;0.00;02.01.2024;21
"0301";"31564";"5901008";" ";0.000;2270.00;71645.00;0.00;02.01.2024;21
"0301";"31564";"5901009";" ";0.000;2414.00;76173.00;0.00;02.01.2024;21
"0301";"31564";"5901010";" ";0.000;1815.00;57316.00;0.00;02.01.2024;21
"0301";"31564";"5901011";" ";0.000;2491.00;78633.00;0.00;02.01.2024;21
"0301";"31564";"5901012";" ";0.000;2634.00;83162.00;0.00;02.01.2024;21
"0301";"31564";"5901013";" ";0.000;1993.00;62907.00;0.00;02.01.2024;21
"0301";"31564";"5901014";" ";0.000;2534.00;79970.00;0.00;02.01.2024;21
"0301";"31564";"5901015";" ";0.000;2677.00;84499.00;0.00;02.01.2024;21
"0301";"31564";"5901016";" ";0.000;2027.00;63976.00;0.00;02.01.2024;21
"0301";"31564";"5901017";" ";0.000;2602.00;82096.00;0.00;02.01.2024;21
"0301";"31564";"5901018";" ";0.000;2744.00;86625.00;0.00;02.01.2024;21
"0301";"31564";"5901019";" ";0.000;2080.00;65678.00;0.00;02.01.2024;21
"0301";"31564";"5901020";" ";0.000;2736.00;86350.00;0.00;02.01.2024;21
"0301";"31564";"5901021";" ";0.000;2879.00;90878.00;0.00;02.01.2024;21
"0301";"31564";"5901022";" ";0.000;2189.00;69080.00;0.00;02.01.2024;21
"0301";"31564";"5901023";" ";0.000;2781.00;87810.00;0.00;02.01.2024;21
"0301";"31564";"5901024";" ";0.000;2925.00;92338.00;0.00;02.01.2024;21
"0301";"31564";"5901025";" ";0.000;2225.00;70248.00;0.00;02.01.2024;21
"0301";"31564";"5901026";" ";0.000;2856.00;90118.00;0.00;02.01.2024;21
"0301";"31564";"5901027";" ";0.000;2999.00;94646.00;0.00;02.01.2024;21
"0301";"31564";"5901028";" ";0.000;2284.00;72095.00;0.00;02.01.2024;21
"0301";"31564";"5901029";" ";0.000;1557.00;49161.00;0.00;02.01.2024;21
"0301";"31564";"5901030";" ";0.000;1701.00;53689.00;0.00;02.01.2024;21
"0301";"31564";"5901031";" ";0.000;1246.00;39329.00;0.00;02.01.2024;21
"0301";"31564";"5901032";" ";0.000;1606.00;50681.00;0.00;02.01.2024;21
"0301";"31564";"5901033";" ";0.000;1748.00;55209.00;0.00;02.01.2024;21
"0301";"31564";"5901034";" ";0.000;1283.00;40545.00;0.00;02.01.2024;21
"0301";"31564";"5901035";" ";0.000;1839.00;58033.00;0.00;02.01.2024;21
"0301";"31564";"5901036";" ";0.000;1982.00;62562.00;0.00;02.01.2024;21
"0301";"31564";"5901037";" ";0.000;1472.00;46426.00;0.00;02.01.2024;21
"0301";"31564";"5901038";" ";0.000;1896.00;59856.00;0.00;02.01.2024;21
"0301";"31564";"5901039";" ";0.000;2040.00;64384.00;0.00;02.01.2024;21
"0301";"31564";"5901040";" ";0.000;1517.00;47885.00;0.00;02.01.2024;21
"0301";"31564";"5901041";" ";0.000;2057.00;64898.00;0.00;02.01.2024;21
"0301";"31564";"5901042";" ";0.000;2200.00;69427.00;0.00;02.01.2024;21
"0301";"31564";"5901043";" ";0.000;1644.00;51920.00;0.00;02.01.2024;21
"0301";"31564";"5901044";" ";0.000;2119.00;66905.00;0.00;02.01.2024;21
"0301";"31564";"5901045";" ";0.000;2262.00;71434.00;0.00;02.01.2024;21
"0301";"31564";"5901046";" ";0.000;1697.00;53523.00;0.00;02.01.2024;21
"0301";"31564";"5901047";" ";0.000;2330.00;73590.00;0.00;02.01.2024;21
"0301";"31564";"5901048";" ";0.000;2474.00;78118.00;0.00;02.01.2024;21
"0301";"31564";"5901049";" ";0.000;1865.00;58871.00;0.00;02.01.2024;21
"0301";"31564";"5901050";" ";0.000;2217.00;69938.00;0.00;02.01.2024;21
"0301";"31564";"5901051";" ";0.000;2358.00;74467.00;0.00;02.01.2024;21
"0301";"31564";"5901052";" ";0.000;1927.00;60816.00;0.00;02.01.2024;21
"0301";"31564";"5901053";" ";0.000;2286.00;72118.00;0.00;02.01.2024;21
"0301";"31564";"5901054";" ";0.000;2428.00;76647.00;0.00;02.01.2024;21
"0301";"31564";"5901055";" ";0.000;1987.00;62712.00;0.00;02.01.2024;21
"0301";"31564";"5901056";" ";0.000;2478.00;78212.00;0.00;02.01.2024;21
"0301";"31564";"5901057";" ";0.000;2621.00;82741.00;0.00;02.01.2024;21
"0301";"31564";"5901058";" ";0.000;2155.00;68010.00;0.00;02.01.2024;21
"0301";"31564";"5901059";" ";0.000;2556.00;80673.00;0.00;02.01.2024;21
"0301";"31564";"5901060";" ";0.000;2699.00;85201.00;0.00;02.01.2024;21
"0301";"31564";"5901061";" ";0.000;2223.00;70150.00;0.00;02.01.2024;21
"0301";"31564";"5901062";" ";0.000;2808.00;88668.00;0.00;02.01.2024;21
"0301";"31564";"5901063";" ";0.000;2953.00;93195.00;0.00;02.01.2024;21
"0301";"31564";"5901064";" ";0.000;2443.00;77101.00;0.00;02.01.2024;21
"0301";"31564";"5901070";" ";0.000;2000.00;63138.00;0.00;02.01.2024;21
"0301";"31564";"5901071";" ";0.000;2143.00;67667.00;0.00;02.01.2024;21
"0301";"31564";"5901072";" ";0.000;1600.00;50510.00;0.00;02.01.2024;21
"0301";"31564";"5901073";" ";0.000;2049.00;64656.00;0.00;02.01.2024;21
"0301";"31564";"5901074";" ";0.000;2192.00;69185.00;0.00;02.01.2024;21
"0301";"31564";"5901075";" ";0.000;1640.00;51725.00;0.00;02.01.2024;21
"0301";"31564";"5901076";" ";0.000;2280.00;72010.00;0.00;02.01.2024;21
"0301";"31564";"5901077";" ";0.000;2425.00;76537.00;0.00;02.01.2024;21
"0301";"31564";"5901078";" ";0.000;1825.00;57608.00;0.00;02.01.2024;21
"0301";"31564";"5901079";" ";0.000;2339.00;73832.00;0.00;02.01.2024;21
"0301";"31564";"5901080";" ";0.000;2482.00;78361.00;0.00;02.01.2024;21
"0301";"31564";"5901081";" ";0.000;1871.00;59066.00;0.00;02.01.2024;21
"0301";"31564";"5901082";" ";0.000;2499.00;78876.00;0.00;02.01.2024;21
"0301";"31564";"5901083";" ";0.000;2643.00;83404.00;0.00;02.01.2024;21
"0301";"31564";"5901084";" ";0.000;1998.00;63102.00;0.00;02.01.2024;21
"0301";"31564";"5901085";" ";0.000;2563.00;80881.00;0.00;02.01.2024;21
"0301";"31564";"5901086";" ";0.000;2705.00;85410.00;0.00;02.01.2024;21
"0301";"31564";"5901087";" ";0.000;2049.00;64705.00;0.00;02.01.2024;21
"0301";"31564";"5901088";" ";0.000;2775.00;87565.00;0.00;02.01.2024;21
"0301";"31564";"5901089";" ";0.000;2918.00;92094.00;0.00;02.01.2024;21
"0301";"31564";"5901090";" ";0.000;2219.00;70053.00;0.00;02.01.2024;21
"0301";"31564";"5901091";" ";0.000;1244.00;39279.00;0.00;02.01.2024;21
"0301";"31564";"5901092";" ";0.000;1388.00;43807.00;0.00;02.01.2024;21
"0301";"31564";"5901093";" ";0.000;996.00;31422.00;0.00;02.01.2024;21
"0301";"31564";"5901094";" ";0.000;1294.00;40852.00;0.00;02.01.2024;21
"0301";"31564";"5901095";" ";0.000;1437.00;45380.00;0.00;02.01.2024;21
"0301";"31564";"5901096";" ";0.000;1036.00;32681.00;0.00;02.01.2024;21
"0301";"31564";"5901097";" ";0.000;1345.00;42427.00;0.00;02.01.2024;21
"0301";"31564";"5901098";" ";0.000;1488.00;46956.00;0.00;02.01.2024;21
"0301";"31564";"5901099";" ";0.000;1074.00;33943.00;0.00;02.01.2024;21
"0301";"31564";"5901100";" ";0.000;1455.00;45938.00;0.00;02.01.2024;21
"0301";"31564";"5901101";" ";0.000;1599.00;50465.00;0.00;02.01.2024;21
"0301";"31564";"5901102";" ";0.000;1164.00;36750.00;0.00;02.01.2024;21
"0301";"31564";"5901103";" ";0.000;1512.00;47782.00;0.00;02.01.2024;21
"0301";"31564";"5901104";" ";0.000;1656.00;52310.00;0.00;02.01.2024;21
"0301";"31564";"5901105";" ";0.000;1210.00;38225.00;0.00;02.01.2024;21
"0301";"31564";"5901106";" ";0.000;1573.00;49626.00;0.00;02.01.2024;21
"0301";"31564";"5901107";" ";0.000;1714.00;54155.00;0.00;02.01.2024;21
"0301";"31564";"5901108";" ";0.000;1258.00;39701.00;0.00;02.01.2024;21
"0301";"31564";"5901109";" ";0.000;1066.00;33656.00;0.00;02.01.2024;21
"0301";"31564";"5901110";" ";0.000;1210.00;38184.00;0.00;02.01.2024;21
"0301";"31564";"5901111";" ";0.000;853.00;26925.00;0.00;02.01.2024;21
"0301";"31564";"5901112";" ";0.000;2005.00;63294.00;0.00;02.01.2024;21
"0301";"31564";"5901113";" ";0.000;2048.00;64593.00;0.00;02.01.2024;21
"0301";"31564";"5901114";" ";0.000;2086.00;65854.00;0.00;02.01.2024;21
"0301";"31564";"5901115";" ";0.000;2176.00;68661.00;0.00;02.01.2024;21
"0301";"31564";"5901116";" ";0.000;2222.00;70178.00;0.00;02.01.2024;21
"0301";"31564";"5901117";" ";0.000;2269.00;71647.00;0.00;02.01.2024;21
"0301";"31564";"5901118";" ";0.000;1860.00;58726.00;0.00;02.01.2024;21
"0301";"31564";"5901119";" ";0.000;1568.00;49490.00;0.00;02.01.2024;21
"0301";"31564";"5901120";" ";0.000;1711.00;54019.00;0.00;02.01.2024;21
"0301";"31564";"5901121";" ";0.000;1255.00;39592.00;0.00;02.01.2024;21
"0301";"31564";"5901122";" ";0.000;1631.00;51472.00;0.00;02.01.2024;21
"0301";"31564";"5901123";" ";0.000;1774.00;56001.00;0.00;02.01.2024;21
"0301";"31564";"5901124";" ";0.000;1304.00;41178.00;0.00;02.01.2024;21
"0301";"31564";"5901125";" ";0.000;1692.00;53451.00;0.00;02.01.2024;21
"0301";"31564";"5901126";" ";0.000;1837.00;57978.00;0.00;02.01.2024;21
"0301";"31564";"5901127";" ";0.000;1354.00;42760.00;0.00;02.01.2024;21
"0301";"31564";"5901128";" ";0.000;1834.00;57905.00;0.00;02.01.2024;21
"0301";"31564";"5901129";" ";0.000;1979.00;62432.00;0.00;02.01.2024;21
"0301";"31564";"5901130";" ";0.000;1467.00;46324.00;0.00;02.01.2024;21
"0301";"31564";"5901131";" ";0.000;1908.00;60246.00;0.00;02.01.2024;21
"0301";"31564";"5901132";" ";0.000;2052.00;64774.00;0.00;02.01.2024;21
"0301";"31564";"5901133";" ";0.000;1527.00;48197.00;0.00;02.01.2024;21
"0301";"31564";"5901134";" ";0.000;2013.00;63529.00;0.00;02.01.2024;21
"0301";"31564";"5901135";" ";0.000;2156.00;68058.00;0.00;02.01.2024;21
"0301";"31564";"5901136";" ";0.000;1610.00;50824.00;0.00;02.01.2024;21
"0301";"31564";"5901137";" ";0.000;1343.00;42383.00;0.00;02.01.2024;21
"0301";"31564";"5901138";" ";0.000;1486.00;46912.00;0.00;02.01.2024;21
"0301";"31564";"5901139";" ";0.000;1074.00;33907.00;0.00;02.01.2024;21
"0301";"31564";"5901192";" ";0.000;503.00;15896.00;0.00;02.01.2024;21
"0301";"31564";"5901193";" ";0.000;224.00;7064.00;0.00;02.01.2024;21
"0301";"31564";"5901194";" ";0.000;2134.00;67373.00;0.00;02.01.2024;21
"0301";"31564";"5901195";" ";0.000;2134.00;67373.00;0.00;02.01.2024;21
"0301";"31564";"5901196";" ";0.000;2134.00;67373.00;0.00;02.01.2024;21
"0301";"31564";"5901197";" ";0.000;2134.00;67373.00;0.00;02.01.2024;21
"0301";"31564";"5901198";" ";0.000;-3163.00;11385.00;0.00;02.01.2024;21
"0301";"31564";"5901199";" ";0.000;-2873.00;10344.00;0.00;02.01.2024;21
"0301";"31564";"5901200";" ";0.000;-3408.00;12265.00;0.00;02.01.2024;21
"0301";"31564";"5901201";" ";0.000;-3093.00;11131.00;0.00;02.01.2024;21
"0301";"31564";"5901202";" ";0.000;-3631.00;13069.00;0.00;02.01.2024;21
"0301";"31564";"5901203";" ";0.000;-3492.00;14856.00;0.00;02.01.2024;21
"0301";"31564";"5901204";" ";0.000;-3978.00;14316.00;0.00;02.01.2024;21
"0301";"31564";"5901205";" ";0.000;-4517.00;16256.00;0.00;02.01.2024;21
"0301";"31564";"5901206";" ";0.000;-4901.00;17641.00;0.00;02.01.2024;21
"0301";"31564";"5901207";" ";0.000;-5749.00;20690.00;0.00;02.01.2024;21
"0301";"31564";"5901208";" ";0.000;-6235.00;22443.00;0.00;02.01.2024;21
"0301";"31564";"5901220";" ";0.000;1277.00;40314.00;0.00;02.01.2024;21
"0301";"31564";"5901221";" ";0.000;129.00;4089.00;0.00;02.01.2024;21
"0301";"31564";"5901222";" ";0.000;129.00;4089.00;0.00;02.01.2024;21
"0301";"31564";"5901223";" ";0.000;643.00;20265.00;0.00;02.01.2024;21
"0301";"31564";"5901224";" ";0.000;675.00;21289.00;0.00;02.01.2024;21
"0301";"31564";"5901225";" ";0.000;897.00;28299.00;0.00;02.01.2024;21
"0301";"31564";"5901226";" ";0.000;679.00;21442.00;0.00;02.01.2024;21
"0301";"31564";"5901227";" ";0.000;713.00;22518.00;0.00;02.01.2024;21
"0301";"31564";"5901228";" ";0.000;944.00;29783.00;0.00;02.01.2024;21
"0301";"31564";"5901229";" ";0.000;716.00;22619.00;0.00;02.01.2024;21
"0301";"31564";"5901230";" ";0.000;754.00;23796.00;0.00;02.01.2024;21
"0301";"31564";"5901231";" ";0.000;993.00;31318.00;0.00;02.01.2024;21
"0301";"31564";"5901232";" ";0.000;803.00;25331.00;0.00;02.01.2024;21
"0301";"31564";"5901233";" ";0.000;843.00;26612.00;0.00;02.01.2024;21
"0301";"31564";"5901234";" ";0.000;1122.00;35374.00;0.00;02.01.2024;21
"0301";"31564";"5901235";" ";0.000;849.00;26803.00;0.00;02.01.2024;21
"0301";"31564";"5901236";" ";0.000;892.00;28147.00;0.00;02.01.2024;21
"0301";"31564";"5901237";" ";0.000;1180.00;37229.00;0.00;02.01.2024;21
"0301";"31564";"5901238";" ";0.000;895.00;28274.00;0.00;02.01.2024;21
"0301";"31564";"5901239";" ";0.000;942.00;29745.00;0.00;02.01.2024;21
"0301";"31564";"5901240";" ";0.000;1241.00;39148.00;0.00;02.01.2024;21
"0301";"31564";"5901241";" ";0.000;946.00;29859.00;0.00;02.01.2024;21
"0301";"31564";"5901242";" ";0.000;988.00;31139.00;0.00;02.01.2024;21
"0301";"31564";"5901243";" ";0.000;1265.00;39902.00;0.00;02.01.2024;21
"0301";"31564";"5901244";" ";0.000;993.00;31331.00;0.00;02.01.2024;21
"0301";"31564";"5901245";" ";0.000;1035.00;32676.00;0.00;02.01.2024;21
"0301";"31564";"5901246";" ";0.000;1323.00;41758.00;0.00;02.01.2024;21
"0301";"31564";"5901247";" ";0.000;1039.00;32802.00;0.00;02.01.2024;21
"0301";"31564";"5901248";" ";0.000;1086.00;34273.00;0.00;02.01.2024;21
"0301";"31564";"5901249";" ";0.000;1383.00;43677.00;0.00;02.01.2024;21
"0301";"31564";"5901250";" ";0.000;1348.00;42527.00;0.00;02.01.2024;21
"0301";"31564";"5901251";" ";0.000;1417.00;44726.00;0.00;02.01.2024;21
"0301";"31564";"5901252";" ";0.000;1873.00;59158.00;0.00;02.01.2024;21
"0301";"31564";"5901253";" ";0.000;1423.00;44932.00;0.00;02.01.2024;21
"0301";"31564";"5901254";" ";0.000;1495.00;47235.00;0.00;02.01.2024;21
"0301";"31564";"5901255";" ";0.000;1977.00;62434.00;0.00;02.01.2024;21
"0301";"31564";"5901256";" ";0.000;1501.00;47336.00;0.00;02.01.2024;21
"0301";"31564";"5901257";" ";0.000;1578.00;49793.00;0.00;02.01.2024;21
"0301";"31564";"5901258";" ";0.000;2081.00;65709.00;0.00;02.01.2024;21
"0301";"31564";"5901259";" ";0.000;1670.00;52710.00;0.00;02.01.2024;21
"0301";"31564";"5901260";" ";0.000;1760.00;55524.00;0.00;02.01.2024;21
"0301";"31564";"5901261";" ";0.000;2523.00;79628.00;0.00;02.01.2024;21
"0301";"31564";"5901262";" ";0.000;1783.00;56292.00;0.00;02.01.2024;21
"0301";"31564";"5901263";" ";0.000;1878.00;59260.00;0.00;02.01.2024;21
"0301";"31564";"5901264";" ";0.000;2688.00;84848.00;0.00;02.01.2024;21
"0301";"31564";"5901265";" ";0.000;1896.00;59822.00;0.00;02.01.2024;21
"0301";"31564";"5901266";" ";0.000;1994.00;62944.00;0.00;02.01.2024;21
"0301";"31564";"5901267";" ";0.000;2853.00;90068.00;0.00;02.01.2024;21
"0301";"31564";"5901268";" ";0.000;1177.00;37153.00;0.00;02.01.2024;21
"0301";"31564";"5901269";" ";0.000;1273.00;40173.00;0.00;02.01.2024;21
"0301";"31564";"5901270";" ";0.000;1504.00;47490.00;0.00;02.01.2024;21
"0301";"31564";"5901271";" ";0.000;1385.00;43755.00;0.00;02.01.2024;21
"0301";"31564";"5901272";" ";0.000;1562.00;49281.00;0.00;02.01.2024;21
"0301";"31564";"5901273";" ";0.000;1353.00;42726.00;0.00;02.01.2024;21
"0301";"31564";"5901274";" ";0.000;1464.00;46199.00;0.00;02.01.2024;21
"0301";"31564";"5901275";" ";0.000;1731.00;54613.00;0.00;02.01.2024;21
"0301";"31564";"5901276";" ";0.000;1593.00;50318.00;0.00;02.01.2024;21
"0301";"31564";"5901277";" ";0.000;1796.00;56674.00;0.00;02.01.2024;21
"0301";"31564";"5901278";" ";0.000;1497.00;47254.00;0.00;02.01.2024;21
"0301";"31564";"5901279";" ";0.000;1607.00;50728.00;0.00;02.01.2024;21
"0301";"31564";"5901280";" ";0.000;1873.00;59142.00;0.00;02.01.2024;21
"0301";"31564";"5901281";" ";0.000;1737.00;54846.00;0.00;02.01.2024;21
"0301";"31564";"5901282";" ";0.000;1938.00;61202.00;0.00;02.01.2024;21
"0301";"31564";"5901283";" ";0.000;2628.00;82954.00;0.00;02.01.2024;21
"0301";"31564";"5901284";" ";0.000;3127.00;98715.00;0.00;02.01.2024;21
"0301";"31564";"5901285";" ";0.000;2900.00;91551.00;0.00;02.01.2024;21
"0301";"31564";"5901286";" ";0.000;3252.00;102656.00;0.00;02.01.2024;21
"0301";"31564";"5901287";" ";0.000;1177.00;37153.00;0.00;02.01.2024;21
"0301";"31564";"5901288";" ";0.000;1273.00;40173.00;0.00;02.01.2024;21
"0301";"31564";"5901289";" ";0.000;1504.00;47490.00;0.00;02.01.2024;21
"0301";"31564";"5901290";" ";0.000;1385.00;43755.00;0.00;02.01.2024;21
"0301";"31564";"5901291";" ";0.000;1562.00;49281.00;0.00;02.01.2024;21
"0301";"31564";"5901292";" ";0.000;1353.00;42726.00;0.00;02.01.2024;21
"0301";"31564";"5901293";" ";0.000;1464.00;46199.00;0.00;02.01.2024;21
"0301";"31564";"5901294";" ";0.000;1731.00;54613.00;0.00;02.01.2024;21
"0301";"31564";"5901295";" ";0.000;1593.00;50318.00;0.00;02.01.2024;21
"0301";"31564";"5901296";" ";0.000;1796.00;56674.00;0.00;02.01.2024;21
"0301";"31564";"5901297";" ";0.000;1497.00;47254.00;0.00;02.01.2024;21
"0301";"31564";"5901298";" ";0.000;1607.00;50728.00;0.00;02.01.2024;21
"0301";"31564";"5901299";" ";0.000;1873.00;59142.00;0.00;02.01.2024;21
"0301";"31564";"5901300";" ";0.000;1737.00;54846.00;0.00;02.01.2024;21
"0301";"31564";"5901301";" ";0.000;1938.00;61202.00;0.00;02.01.2024;21
"0301";"31564";"5901302";" ";0.000;2628.00;82954.00;0.00;02.01.2024;21
"0301";"31564";"5901303";" ";0.000;3127.00;98715.00;0.00;02.01.2024;21
"0301";"31564";"5901304";" ";0.000;2900.00;91551.00;0.00;02.01.2024;21
"0301";"31564";"5901305";" ";0.000;3252.00;102656.00;0.00;02.01.2024;21
"0301";"31564";"5901306";" ";0.000;-4512.00;25838.00;0.00;02.01.2024;21
"0301";"31564";"5901307";" ";0.000;-4725.00;27053.00;0.00;02.01.2024;21
"0301";"31564";"5901308";" ";0.000;-5301.00;30347.00;0.00;02.01.2024;21
"0301";"31564";"5901309";" ";0.000;-5555.00;31811.00;0.00;02.01.2024;21
"0301";"31564";"5901310";" ";0.000;-5825.00;33351.00;0.00;02.01.2024;21
"0301";"31564";"5901311";" ";0.000;-6111.00;34984.00;0.00;02.01.2024;21
"0301";"31564";"5901312";" ";0.000;-4512.00;25838.00;0.00;02.01.2024;21
"0301";"31564";"5901313";" ";0.000;-4725.00;27053.00;0.00;02.01.2024;21
"0301";"31564";"5901314";" ";0.000;-5301.00;30347.00;0.00;02.01.2024;21
"0301";"31564";"5901315";" ";0.000;-5555.00;31811.00;0.00;02.01.2024;21
"0301";"31564";"5901316";" ";0.000;-5825.00;33351.00;0.00;02.01.2024;21
"0301";"31564";"5901317";" ";0.000;-6111.00;34984.00;0.00;02.01.2024;21
"0301";"31564";"5901318";" ";0.000;-10149.00;20963.00;0.00;02.01.2024;21
"0301";"31564";"5901319";" ";0.000;-11468.00;23685.00;0.00;02.01.2024;21
"0301";"31564";"5901320";" ";0.000;-10654.00;22006.00;0.00;02.01.2024;21
"0301";"31564";"5901321";" ";0.000;-11987.00;24757.00;0.00;02.01.2024;21
"0301";"31564";"5901322";" ";0.000;-12215.00;25231.00;0.00;02.01.2024;21
"0301";"31564";"5901323";" ";0.000;-13592.00;28073.00;0.00;02.01.2024;21
"0301";"31564";"5901324";" ";0.000;-12804.00;26446.00;0.00;02.01.2024;21
"0301";"31564";"5901325";" ";0.000;-14196.00;29321.00;0.00;02.01.2024;21
"0301";"31564";"5901326";" ";0.000;-13593.00;28077.00;0.00;02.01.2024;21
"0301";"31564";"5901327";" ";0.000;-15009.00;30999.00;0.00;02.01.2024;21
"0301";"31564";"5901328";" ";0.000;-14236.00;29405.00;0.00;02.01.2024;21
"0301";"31564";"5901329";" ";0.000;-15670.00;32364.00;0.00;02.01.2024;21
"0301";"31564";"5901330";" ";0.000;-10149.00;20963.00;0.00;02.01.2024;21
"0301";"31564";"5901331";" ";0.000;-11468.00;23685.00;0.00;02.01.2024;21
"0301";"31564";"5901332";" ";0.000;-10654.00;22006.00;0.00;02.01.2024;21
"0301";"31564";"5901333";" ";0.000;-11987.00;24757.00;0.00;02.01.2024;21
"0301";"31564";"5901334";" ";0.000;-12215.00;25231.00;0.00;02.01.2024;21
"0301";"31564";"5901335";" ";0.000;-13592.00;28073.00;0.00;02.01.2024;21
"0301";"31564";"5901336";" ";0.000;-12804.00;26446.00;0.00;02.01.2024;21
"0301";"31564";"5901337";" ";0.000;-14196.00;29321.00;0.00;02.01.2024;21
"0301";"31564";"5901338";" ";0.000;-13593.00;28077.00;0.00;02.01.2024;21
"0301";"31564";"5901339";" ";0.000;-15009.00;30999.00;0.00;02.01.2024;21
"0301";"31564";"5901340";" ";0.000;-14236.00;29405.00;0.00;02.01.2024;21
"0301";"31564";"5901341";" ";0.000;-15670.00;32364.00;0.00;02.01.2024;21
"0301";"31564";"5901342";" ";0.000;-3538.00;20255.00;0.00;02.01.2024;21
"0301";"31564";"5901343";" ";0.000;-3813.00;21831.00;0.00;02.01.2024;21
"0301";"31564";"5901343";"1";0.000;-3813.00;21831.00;0.00;02.01.2024;21
"0301";"31564";"5901344";" ";0.000;-3939.00;22551.00;0.00;02.01.2024;21
"0301";"31564";"5901344";"1";0.000;-3939.00;22551.00;0.00;02.01.2024;21
"0301";"31564";"5901345";" ";0.000;-4434.00;25386.00;0.00;02.01.2024;21
"0301";"31564";"5901345";"1";0.000;-4434.00;25386.00;0.00;02.01.2024;21
"0301";"31564";"5901346";" ";0.000;-4647.00;26602.00;0.00;02.01.2024;21
"0301";"31564";"5901346";"1";0.000;-4647.00;26602.00;0.00;02.01.2024;21
"0301";"31564";"5901347";" ";0.000;-4984.00;28537.00;0.00;02.01.2024;21
"0301";"31564";"5901347";"1";0.000;-4984.00;28537.00;0.00;02.01.2024;21
"0301";"31564";"5901348";" ";0.000;-5110.00;29258.00;0.00;02.01.2024;21
"0301";"31564";"5901349";" ";0.000;-3428.00;19625.00;0.00;02.01.2024;21
"0301";"31564";"5901350";" ";0.000;896.00;28330.00;0.00;02.01.2024;21
"0301";"31564";"5901351";" ";0.000;914.00;28856.00;0.00;02.01.2024;21
"0301";"31564";"5901352";" ";0.000;939.00;29645.00;0.00;02.01.2024;21
"0301";"31564";"5901353";" ";0.000;1041.00;32858.00;0.00;02.01.2024;21
"0301";"31564";"5901354";" ";0.000;1061.00;33489.00;0.00;02.01.2024;21
"0301";"31564";"5901355";" ";0.000;1090.00;34438.00;0.00;02.01.2024;21
"0301";"31564";"5901356";" ";0.000;1152.00;36386.00;0.00;02.01.2024;21
"0301";"31564";"5901357";" ";0.000;1174.00;37070.00;0.00;02.01.2024;21
"0301";"31564";"5901358";" ";0.000;1208.00;38123.00;0.00;02.01.2024;21
"0301";"31564";"5901359";" ";0.000;908.00;28699.00;0.00;02.01.2024;21
"0301";"31564";"5901360";" ";0.000;928.00;29330.00;0.00;02.01.2024;21
"0301";"31564";"5901361";" ";0.000;817.00;25802.00;0.00;02.01.2024;21
"0301";"31564";"5901362";" ";0.000;833.00;26275.00;0.00;02.01.2024;21
"0301";"31564";"5901363";" ";0.000;857.00;27012.00;0.00;02.01.2024;21
"0301";"31564";"5901364";" ";0.000;1154.00;36438.00;0.00;02.01.2024;21
"0301";"31564";"5901365";" ";0.000;1270.00;40059.00;0.00;02.01.2024;21
"0301";"31564";"5901366";" ";0.000;1284.00;40524.00;0.00;02.01.2024;21
"0301";"31564";"5901367";" ";0.000;1343.00;42420.00;0.00;02.01.2024;21
"0301";"31564";"5901368";" ";0.000;1370.00;43220.00;0.00;02.01.2024;21
"0301";"31564";"5901369";" ";0.000;1410.00;44484.00;0.00;02.01.2024;21
"0301";"31564";"5901370";" ";0.000;1028.00;32436.00;0.00;02.01.2024;21
"0301";"31564";"5901371";" ";0.000;1149.00;36233.00;0.00;02.01.2024;21
"0301";"31564";"5901372";" ";0.000;1277.00;40278.00;0.00;02.01.2024;21
"0301";"31564";"5901373";" ";0.000;1360.00;42961.00;0.00;02.01.2024;21
"0301";"31564";"5901374";" ";0.000;1400.00;44196.00;0.00;02.01.2024;21
"0301";"31564";"5901375";" ";0.000;767.00;24223.00;0.00;02.01.2024;21
"0301";"31564";"5901376";" ";0.000;784.00;24749.00;0.00;02.01.2024;21
"0301";"31564";"5901377";" ";0.000;810.00;25538.00;0.00;02.01.2024;21
"0301";"31564";"5901378";" ";0.000;908.00;28644.00;0.00;02.01.2024;21
"0301";"31564";"5901379";" ";0.000;927.00;29224.00;0.00;02.01.2024;21
"0301";"31564";"5901380";" ";0.000;955.00;30119.00;0.00;02.01.2024;21
"0301";"31564";"5901381";" ";0.000;1014.00;32015.00;0.00;02.01.2024;21
"0301";"31564";"5901382";" ";0.000;1036.00;32700.00;0.00;02.01.2024;21
"0301";"31564";"5901383";" ";0.000;1067.00;33701.00;0.00;02.01.2024;21
"0301";"31564";"5901384";" ";0.000;692.00;21853.00;0.00;02.01.2024;21
"0301";"31564";"5901385";" ";0.000;706.00;22274.00;0.00;02.01.2024;21
"0301";"31564";"5901386";" ";0.000;729.00;23012.00;0.00;02.01.2024;21
"0301";"31564";"5901387";" ";0.000;1028.00;32479.00;0.00;02.01.2024;21
"0301";"31564";"5901388";" ";0.000;1128.00;35638.00;0.00;02.01.2024;21
"0301";"31564";"5901389";" ";0.000;1153.00;36396.00;0.00;02.01.2024;21
"0301";"31564";"5901390";" ";0.000;1210.00;38165.00;0.00;02.01.2024;21
"0301";"31564";"5901391";" ";0.000;1235.00;38966.00;0.00;02.01.2024;21
"0301";"31564";"5901392";" ";0.000;1272.00;40187.00;0.00;02.01.2024;21
"0301";"31564";"5901392";"1";0.000;1272.00;40187.00;0.00;02.01.2024;21
"0301";"31564";"5901393";" ";0.000;918.00;28982.00;0.00;02.01.2024;21
"0301";"31564";"5901394";" ";0.000;1020.00;32232.00;0.00;02.01.2024;21
"0301";"31564";"5901395";" ";0.000;1145.00;36105.00;0.00;02.01.2024;21
"0301";"31564";"5901395";"1";0.000;1145.00;36105.00;0.00;02.01.2024;21
"0301";"31564";"5901396";" ";0.000;1224.00;38661.00;0.00;02.01.2024;21
"0301";"31564";"5901397";" ";0.000;1262.00;39853.00;0.00;02.01.2024;21
"0301";"31564";"5901398";" ";0.000;865.00;27333.00;0.00;02.01.2024;21
"0301";"31564";"5901399";" ";0.000;1075.00;33898.00;0.00;02.01.2024;21
"0301";"31564";"5901400";" ";0.000;756.00;23871.00;0.00;02.01.2024;21
"0301";"31564";"5901401";" ";0.000;865.00;27333.00;0.00;02.01.2024;21
"0301";"31564";"5901402";" ";0.000;1075.00;33898.00;0.00;02.01.2024;21
"0301";"31564";"5901403";" ";0.000;756.00;23871.00;0.00;02.01.2024;21
"0301";"31564";"5901404";" ";0.000;441.00;13965.00;0.00;02.01.2024;21
"0301";"31564";"5901405";" ";0.000;465.00;14676.00;0.00;02.01.2024;21
"0301";"31564";"5901406";" ";0.000;520.00;16428.00;0.00;02.01.2024;21
"0301";"31564";"5901407";" ";0.000;549.00;17305.00;0.00;02.01.2024;21
"0301";"31564";"5901408";" ";0.000;583.00;18399.00;0.00;02.01.2024;21
"0301";"31564";"5901409";" ";0.000;614.00;19387.00;0.00;02.01.2024;21
"0301";"31564";"5901410";" ";0.000;362.00;11426.00;0.00;02.01.2024;21
"0301";"31564";"5901411";" ";0.000;385.00;12116.00;0.00;02.01.2024;21
"0301";"31564";"5901412";" ";0.000;405.00;12773.00;0.00;02.01.2024;21
"0301";"31564";"5901413";" ";0.000;639.00;20183.00;0.00;02.01.2024;21
"0301";"31564";"5901414";" ";0.000;692.00;21843.00;0.00;02.01.2024;21
"0301";"31564";"5901415";" ";0.000;694.00;21928.00;0.00;02.01.2024;21
"0301";"31564";"5901416";" ";0.000;761.00;24027.00;0.00;02.01.2024;21
"0301";"31564";"5901417";" ";0.000;826.00;26059.00;0.00;02.01.2024;21
"0301";"31564";"5901418";" ";0.000;854.00;26966.00;0.00;02.01.2024;21
"0301";"31564";"5901419";" ";0.000;654.00;20678.00;0.00;02.01.2024;21
"0301";"31564";"5901420";" ";0.000;692.00;21843.00;0.00;02.01.2024;21
"0301";"31564";"5901421";" ";0.000;713.00;22489.00;0.00;02.01.2024;21
"0301";"31564";"5901422";" ";0.000;779.00;24621.00;0.00;02.01.2024;21
"0301";"31564";"5901423";" ";0.000;826.00;26059.00;0.00;02.01.2024;21
"0301";"31564";"5901424";" ";0.000;854.00;26966.00;0.00;02.01.2024;21
"0301";"31564";"5901425";" ";0.000;327.00;10375.00;0.00;02.01.2024;21
"0301";"31564";"5901426";" ";0.000;360.00;11385.00;0.00;02.01.2024;21
"0301";"31564";"5901427";" ";0.000;381.00;12000.00;0.00;02.01.2024;21
"0301";"31564";"5901428";" ";0.000;424.00;13362.00;0.00;02.01.2024;21
"0301";"31564";"5901429";" ";0.000;450.00;14198.00;0.00;02.01.2024;21
"0301";"31564";"5901430";" ";0.000;480.00;15165.00;0.00;02.01.2024;21
"0301";"31564";"5901432";" ";0.000;282.00;8924.00;0.00;02.01.2024;21
"0301";"31564";"5901433";" ";0.000;996.00;31422.00;0.00;02.01.2024;21
"0301";"31564";"5901434";" ";0.000;1036.00;32681.00;0.00;02.01.2024;21
"0301";"31564";"5901435";" ";0.000;1074.00;33943.00;0.00;02.01.2024;21
"0301";"31564";"5901436";" ";0.000;1164.00;36750.00;0.00;02.01.2024;21
"0301";"31564";"5901437";" ";0.000;1210.00;38225.00;0.00;02.01.2024;21
"0301";"31564";"5901438";" ";0.000;1258.00;39701.00;0.00;02.01.2024;21
"0301";"31564";"5901438";"1";0.000;1258.00;39701.00;0.00;02.01.2024;21
"0301";"31564";"5901439";" ";0.000;853.00;26925.00;0.00;02.01.2024;21
"0301";"31564";"5901440";" ";0.000;1255.00;39592.00;0.00;02.01.2024;21
"0301";"31564";"5901441";" ";0.000;1304.00;41178.00;0.00;02.01.2024;21
"0301";"31564";"5901442";" ";0.000;1354.00;42760.00;0.00;02.01.2024;21
"0301";"31564";"5901443";" ";0.000;1467.00;46324.00;0.00;02.01.2024;21
"0301";"31564";"5901444";" ";0.000;1527.00;48197.00;0.00;02.01.2024;21
"0301";"31564";"5901445";" ";0.000;1610.00;50824.00;0.00;02.01.2024;21
"0301";"31564";"5901446";" ";0.000;1074.00;33907.00;0.00;02.01.2024;21
"0301";"31564";"5901461";" ";0.000;643.00;20265.00;0.00;02.01.2024;21
"0301";"31564";"5901462";" ";0.000;675.00;21289.00;0.00;02.01.2024;21
"0301";"31564";"5901463";" ";0.000;897.00;28299.00;0.00;02.01.2024;21
"0301";"31564";"5901464";" ";0.000;679.00;21442.00;0.00;02.01.2024;21
"0301";"31564";"5901465";" ";0.000;713.00;22518.00;0.00;02.01.2024;21
"0301";"31564";"5901466";" ";0.000;944.00;29783.00;0.00;02.01.2024;21
"0301";"31564";"5901467";" ";0.000;716.00;22619.00;0.00;02.01.2024;21
"0301";"31564";"5901468";" ";0.000;754.00;23796.00;0.00;02.01.2024;21
"0301";"31564";"5901469";" ";0.000;993.00;31318.00;0.00;02.01.2024;21
"0301";"31564";"5901470";" ";0.000;1177.00;37153.00;0.00;02.01.2024;21
"0301";"31564";"5901471";" ";0.000;1273.00;40173.00;0.00;02.01.2024;21
"0301";"31564";"5901472";" ";0.000;1504.00;47490.00;0.00;02.01.2024;21
"0301";"31564";"5901473";" ";0.000;1385.00;43755.00;0.00;02.01.2024;21
"0301";"31564";"5901474";" ";0.000;1562.00;49281.00;0.00;02.01.2024;21
"0301";"31564";"5901475";" ";0.000;1177.00;37153.00;0.00;02.01.2024;21
"0301";"31564";"5901476";" ";0.000;1273.00;40173.00;0.00;02.01.2024;21
"0301";"31564";"5901477";" ";0.000;1504.00;47490.00;0.00;02.01.2024;21
"0301";"31564";"5901478";" ";0.000;1385.00;43755.00;0.00;02.01.2024;21
"0301";"31564";"5901479";" ";0.000;1562.00;49281.00;0.00;02.01.2024;21
"0301";"31564";"5901481";" ";0.000;389.00;12288.00;0.00;02.01.2024;21
"0301";"31564";"5901482";" ";0.000;410.00;12940.00;0.00;02.01.2024;21
"0301";"31564";"5901483";" ";0.000;-8614.00;49318.00;0.00;02.01.2024;21
"0301";"31564";"5901486";" ";0.000;266.00;8399.00;0.00;02.01.2024;21
"0301";"31564";"5901487";" ";0.000;293.00;9214.00;0.00;02.01.2024;21
"0301";"31564";"5901488";" ";0.000;340.00;10735.00;0.00;02.01.2024;21
"0301";"31564";"5901489";" ";0.000;388.00;12265.00;0.00;02.01.2024;21
"0301";"31564";"5901501";" ";0.000;-28845.00;38154.00;0.00;02.01.2024;21
"0301";"31564";"5901502";" ";0.000;353.00;11167.00;0.00;02.01.2024;21
"0301";"31564";"5901503";" ";0.000;405.00;12753.00;0.00;02.01.2024;21
"0301";"31564";"5901504";" ";0.000;471.00;14898.00;0.00;02.01.2024;21
"0301";"31564";"5901505";" ";0.000;309.00;9751.00;0.00;02.01.2024;21
"0301";"31564";"5901506";" ";0.000;385.00;12153.00;0.00;02.01.2024;21
"0301";"31564";"5901507";" ";0.000;447.00;14083.00;0.00;02.01.2024;21
"0301";"31564";"5901508";" ";0.000;502.00;15841.00;0.00;02.01.2024;21
"0301";"31564";"5901509";" ";0.000;357.00;11278.00;0.00;02.01.2024;21
"0301";"31564";"5901510";" ";0.000;442.00;13959.00;0.00;02.01.2024;21
"0301";"31564";"5901511";" ";0.000;504.00;15942.00;0.00;02.01.2024;21
"0301";"31564";"5901512";" ";0.000;589.00;18622.00;0.00;02.01.2024;21
"0301";"31564";"5901513";" ";0.000;384.00;12190.00;0.00;02.01.2024;21
"0301";"31564";"5901514";" ";0.000;480.00;15192.00;0.00;02.01.2024;21
"0301";"31564";"5901515";" ";0.000;559.00;17603.00;0.00;02.01.2024;21
"0301";"31564";"5901516";" ";0.000;628.00;19802.00;0.00;02.01.2024;21
"0301";"31564";"5901517";" ";0.000;501.00;15806.00;0.00;02.01.2024;21
"0301";"31564";"5901518";" ";0.000;586.00;18486.00;0.00;02.01.2024;21
"0301";"31564";"5901519";" ";0.000;648.00;20470.00;0.00;02.01.2024;21
"0301";"31564";"5901520";" ";0.000;733.00;23150.00;0.00;02.01.2024;21
"0301";"31564";"5901521";" ";0.000;529.00;16717.00;0.00;02.01.2024;21
"0301";"31564";"5901522";" ";0.000;623.00;19721.00;0.00;02.01.2024;21
"0301";"31564";"5901523";" ";0.000;702.00;22132.00;0.00;02.01.2024;21
"0301";"31564";"5901524";" ";0.000;769.00;24331.00;0.00;02.01.2024;21
"0301";"31564";"5901525";" ";0.000;287.00;9022.00;0.00;02.01.2024;21
"0301";"31564";"5901526";" ";0.000;353.00;11167.00;0.00;02.01.2024;21
"0301";"31564";"5901527";" ";0.000;405.00;12753.00;0.00;02.01.2024;21
"0301";"31564";"5901528";" ";0.000;471.00;14898.00;0.00;02.01.2024;21
"0301";"31564";"5901529";" ";0.000;309.00;9751.00;0.00;02.01.2024;21
"0301";"31564";"5901529";"1";0.000;309.00;9751.00;0.00;02.01.2024;21
"0301";"31564";"5901530";" ";0.000;385.00;12153.00;0.00;02.01.2024;21
"0301";"31564";"5901531";" ";0.000;447.00;14083.00;0.00;02.01.2024;21
"0301";"31564";"5901532";" ";0.000;502.00;15841.00;0.00;02.01.2024;21
"0301";"31564";"5901532";"1";0.000;502.00;15841.00;0.00;02.01.2024;21
"0301";"31564";"5901533";" ";0.000;38.00;1176.00;0.00;02.01.2024;21
"0301";"31564";"5901534";" ";0.000;129.00;4089.00;0.00;02.01.2024;21
"0301";"31564";"5901535";" ";0.000;129.00;4089.00;0.00;02.01.2024;21
"0301";"31564";"5901536";" ";0.000;1559.00;49234.00;0.00;02.01.2024;21
"0301";"31564";"5901537";" ";0.000;1795.00;56618.00;0.00;02.01.2024;21
"0301";"31564";"5901538";" ";0.000;1938.00;61147.00;0.00;02.01.2024;21
"0301";"31564";"5901540";" ";0.000;105.00;3302.00;0.00;02.01.2024;21
"0301";"31564";"5901541";" ";0.000;-7623.00;43648.00;0.00;02.01.2024;21
"0301";"31564";"5901541";"1";0.000;-7623.00;43648.00;0.00;02.01.2024;21
"0301";"31564";"5901542";" ";0.000;-4434.00;25386.00;0.00;02.01.2024;21
"0301";"31564";"5901543";" ";0.000;72.00;2277.00;0.00;02.01.2024;21
"0301";"31564";"5901544";" ";0.000;129.00;4089.00;0.00;02.01.2024;21
"0301";"31564";"5901544";"1";0.000;129.00;4089.00;0.00;02.01.2024;21
"0301";"31564";"5901545";" ";0.000;129.00;4089.00;0.00;02.01.2024;21
"0301";"31564";"5901546";" ";0.000;129.00;4089.00;0.00;02.01.2024;21
"0301";"31564";"5901547";" ";0.000;117.00;3692.00;0.00;02.01.2024;21
"0301";"31564";"5901548";" ";0.000;202.00;6365.00;0.00;02.01.2024;21
"0301";"31564";"5901548";"1";0.000;202.00;6365.00;0.00;02.01.2024;21
"0301";"31564";"5901549";" ";0.000;202.00;6365.00;0.00;02.01.2024;21
"0301";"31564";"5901550";" ";0.000;202.00;6365.00;0.00;02.01.2024;21
"0301";"31564";"5901551";" ";0.000;189.00;5969.00;0.00;02.01.2024;21
"0301";"31564";"5901552";" ";0.000;5.00;131.00;0.00;02.01.2024;21
"0301";"31564";"5901553";" ";0.000;-7585.00;43429.00;0.00;02.01.2024;21
"0301";"31564";"5901563";" ";0.000;226.00;7072.00;0.00;02.01.2024;21
"0301";"31564";"5901564";" ";0.000;231.00;7302.00;0.00;02.01.2024;21
"0301";"31564";"5901565";" ";0.000;244.00;7721.00;0.00;02.01.2024;21
"0301";"31564";"5901566";" ";0.000;272.00;8615.00;0.00;02.01.2024;21
"0301";"31564";"5901567";" ";0.000;287.00;9052.00;0.00;02.01.2024;21
"0301";"31564";"5901568";" ";0.000;305.00;9638.00;0.00;02.01.2024;21
"0301";"31564";"5901569";" ";0.000;323.00;10223.00;0.00;02.01.2024;21
"0301";"31564";"5901570";" ";0.000;194.00;6085.00;0.00;02.01.2024;21
"0301";"31564";"5901571";" ";0.000;200.00;6277.00;0.00;02.01.2024;21
"0301";"31564";"5901572";" ";0.000;208.00;6564.00;0.00;02.01.2024;21
"0301";"31564";"5901573";" ";0.000;454.00;14314.00;0.00;02.01.2024;21
"0301";"31564";"5901574";" ";0.000;465.00;14658.00;0.00;02.01.2024;21
"0301";"31564";"5901575";" ";0.000;465.00;14658.00;0.00;02.01.2024;21
"0301";"31564";"5901576";" ";0.000;547.00;17252.00;0.00;02.01.2024;21
"0301";"31564";"5901577";" ";0.000;319.00;10045.00;0.00;02.01.2024;21
"0301";"31564";"5901578";" ";0.000;372.00;11732.00;0.00;02.01.2024;21
"0301";"31564";"5901579";" ";0.000;444.00;14018.00;0.00;02.01.2024;21
"0301";"31564";"5901580";" ";0.000;354.00;11183.00;0.00;02.01.2024;21
"0301";"31564";"5901581";" ";0.000;400.00;12635.00;0.00;02.01.2024;21
"0301";"31564";"5901582";" ";0.000;308.00;9736.00;0.00;02.01.2024;21
"0301";"31564";"5901583";" ";0.000;386.00;12169.00;0.00;02.01.2024;21
"0301";"31564";"5901584";" ";0.000;437.00;13784.00;0.00;02.01.2024;21
"0301";"31564";"5901585";" ";0.000;334.00;10554.00;0.00;02.01.2024;21
"0301";"31564";"5901586";" ";0.000;420.00;13271.00;0.00;02.01.2024;21
"0301";"31564";"5901587";" ";0.000;478.00;15079.00;0.00;02.01.2024;21
"0301";"31564";"5901588";" ";0.000;364.00;11460.00;0.00;02.01.2024;21
"0301";"31564";"5901589";" ";0.000;279.00;8809.00;0.00;02.01.2024;21
"0301";"31564";"5901590";" ";0.000;349.00;10989.00;0.00;02.01.2024;21
"0301";"31564";"5901591";" ";0.000;400.00;12624.00;0.00;02.01.2024;21
"0301";"31564";"5901592";" ";0.000;306.00;9639.00;0.00;02.01.2024;21
"0301";"31564";"5901593";" ";0.000;386.00;12153.00;0.00;02.01.2024;21
"0301";"31564";"5901594";" ";0.000;445.00;14037.00;0.00;02.01.2024;21
"0301";"31564";"5901595";" ";0.000;105.00;3330.00;0.00;02.01.2024;21
"0301";"31564";"5901596";" ";0.000;105.00;3330.00;0.00;02.01.2024;21
"0301";"31564";"5901597";" ";0.000;105.00;3330.00;0.00;02.01.2024;21
"0301";"31564";"5901598";" ";0.000;105.00;3330.00;0.00;02.01.2024;21
"0301";"31564";"5901599";" ";0.000;1182.00;37297.00;0.00;02.01.2024;21
"0301";"31564";"5901600";" ";0.000;1793.00;42458.00;0.00;02.01.2024;21
"0301";"31564";"5901601";" ";0.000;1935.00;46987.00;0.00;02.01.2024;21
"0301";"31564";"5901602";" ";0.000;1182.00;37297.00;0.00;02.01.2024;21
"0301";"31564";"5901603";" ";0.000;-3163.00;11385.00;0.00;02.01.2024;21
"0301";"31564";"5901604";" ";0.000;-3994.00;14376.00;0.00;02.01.2024;21
"0301";"31564";"5901605";" ";0.000;-3408.00;12265.00;0.00;02.01.2024;21
"0301";"31564";"5901606";" ";0.000;-4372.00;15736.00;0.00;02.01.2024;21
"0301";"31564";"5901607";" ";0.000;62.00;1978.00;0.00;02.01.2024;21
"0301";"31564";"5901608";" ";0.000;62.00;1978.00;0.00;02.01.2024;21
"0301";"31564";"5901609";" ";0.000;129.00;4062.00;0.00;02.01.2024;21
"0301";"31564";"5901610";" ";0.000;168.00;5299.00;0.00;02.01.2024;21
"0301";"31564";"5901611";" ";0.000;168.00;5299.00;0.00;02.01.2024;21
"0301";"31564";"5901612";" ";0.000;72.00;2277.00;0.00;02.01.2024;21
"0301";"31564";"5901613";"1";0.000;-6664.00;38154.00;0.00;02.01.2024;21
"0301";"31564";"5901614";" ";0.000;217.00;6834.00;0.00;02.01.2024;21
"0301";"31564";"5901615";" ";0.000;261.00;8249.00;0.00;02.01.2024;21
"0301";"31564";"5901616";" ";0.000;286.00;9019.00;0.00;02.01.2024;21
"0301";"31564";"5901617";" ";0.000;1434.00;45285.00;0.00;02.01.2024;21
"0301";"31564";"5901618";" ";0.000;1559.00;49234.00;0.00;02.01.2024;21
"0301";"31564";"5901619";" ";0.000;1840.00;58080.00;0.00;02.01.2024;21
"0301";"31564";"5901620";" ";0.000;1651.00;52077.00;0.00;02.01.2024;21
"0301";"31564";"5901621";" ";0.000;1795.00;56618.00;0.00;02.01.2024;21
"0301";"31564";"5901622";" ";0.000;2116.00;66792.00;0.00;02.01.2024;21
"0301";"31564";"5901623";" ";0.000;1793.00;56606.00;0.00;02.01.2024;21
"0301";"31564";"5901624";" ";0.000;1938.00;61147.00;0.00;02.01.2024;21
"0301";"31564";"5901625";" ";0.000;2260.00;71320.00;0.00;02.01.2024;21
"0301";"31564";"5901626";" ";0.000;1434.00;45285.00;0.00;02.01.2024;21
"0301";"31564";"5901627";" ";0.000;1559.00;49234.00;0.00;02.01.2024;21
"0301";"31564";"5901628";" ";0.000;1840.00;58080.00;0.00;02.01.2024;21
"0301";"31564";"5901629";" ";0.000;1651.00;52077.00;0.00;02.01.2024;21
"0301";"31564";"5901630";" ";0.000;1795.00;56618.00;0.00;02.01.2024;21
"0301";"31564";"5901631";" ";0.000;2116.00;66792.00;0.00;02.01.2024;21
"0301";"31564";"5901632";" ";0.000;1793.00;56606.00;0.00;02.01.2024;21
"0301";"31564";"5901633";" ";0.000;1938.00;61147.00;0.00;02.01.2024;21
"0301";"31564";"5901634";" ";0.000;2260.00;71320.00;0.00;02.01.2024;21
"0301";"31564";"5901635";" ";0.000;-995.00;13908.00;0.00;02.01.2024;21
"0301";"31564";"5901636";" ";0.000;-780.00;10905.00;0.00;02.01.2024;21
"0301";"31564";"5901637";" ";0.000;-850.00;11880.00;0.00;02.01.2024;21
"0301";"31564";"5901638";" ";0.000;-938.00;13121.00;0.00;02.01.2024;21
"0301";"31564";"5901639";" ";0.000;-1222.00;17092.00;0.00;02.01.2024;21
"0301";"31564";"5901640";" ";0.000;-839.00;11725.00;0.00;02.01.2024;21
"0301";"31564";"5901641";" ";0.000;-916.00;12805.00;0.00;02.01.2024;21
"0301";"31564";"5901642";" ";0.000;-1013.00;14162.00;0.00;02.01.2024;21
"0301";"31564";"5901643";" ";0.000;-1324.00;18513.00;0.00;02.01.2024;21
"0301";"31564";"5901644";" ";0.000;-1803.00;25220.00;0.00;02.01.2024;21
"0301";"31564";"5901647";" ";0.000;78.00;2444.00;0.00;02.01.2024;21
"0301";"31564";"5901648";" ";0.000;82.00;2581.00;0.00;02.01.2024;21
"0301";"31564";"5901649";" ";0.000;90.00;2850.00;0.00;02.01.2024;21
"0301";"31564";"5901650";" ";0.000;86.00;2689.00;0.00;02.01.2024;21
"0301";"31564";"5901651";" ";0.000;89.00;2840.00;0.00;02.01.2024;21
"0301";"31564";"5901652";" ";0.000;99.00;3135.00;0.00;02.01.2024;21
"0301";"31564";"5901653";" ";0.000;703.00;22207.00;0.00;02.01.2024;21
"0301";"31564";"5901654";" ";0.000;312.00;9834.00;0.00;02.01.2024;21
"0301";"31564";"5901655";" ";0.000;65.00;2078.00;0.00;02.01.2024;21
"0301";"31564";"5901656";" ";0.000;1667.00;52635.00;0.00;02.01.2024;21
"0301";"31564";"5901657";" ";0.000;1917.00;60530.00;0.00;02.01.2024;21
"0301";"31564";"5901658";" ";0.000;2061.00;65058.00;0.00;02.01.2024;21
"0750";"71363";"1000988";"3";1.500;299.00;122.70;0.00;03.01.2024;21
"0750";"71363";"1000989";"7";7.500;299.00;78.79;0.00;03.01.2024;21
"0750";"71363";"1002737";"@";1.090;431.00;157.72;0.00;03.01.2024;21
"0750";"71363";"1002749";"8";1.090;399.00;131.71;0.00;03.01.2024;21
"0750";"71363";"1002755";"U";1.090;431.00;133.03;0.00;03.01.2024;21
"0750";"71363";"1006501";" ";13.000;587.00;200.29;0.00;03.01.2024;21
"0750";"71363";"1007387";"4";1.210;469.00;143.70;0.00;03.01.2024;21
"0750";"71363";"1007389";" ";6.050;469.00;136.09;0.00;03.01.2024;21
"0750";"71363";"1008018";"3";37.800;1026.00;461.15;0.00;03.01.2024;21
"0750";"71363";"1008071";"3";1.000;54.00;12.04;0.00;03.01.2024;21
"0750";"71363";"1008165";"1";1.080;954.00;286.13;0.00;03.01.2024;21
"0750";"71363";"1008169";"1";2.160;954.00;267.41;0.00;03.01.2024;21
"0750";"71363";"1008925";"3";1.330;349.00;97.90;0.00;03.01.2024;21
"0750";"71363";"1009962";"3";1.210;499.00;161.15;0.00;03.01.2024;21
"0750";"71363";"1010203";" ";1.180;395.00;157.50;0.00;03.01.2024;21
"0750";"71363";"1010228";"1";1.440;269.00;119.00;0.00;03.01.2024;21
"0750";"71363";"1010734";"3";1.000;66.00;33.20;0.00;03.01.2024;21
"0750";"71363";"1010739";"1";50.920;66.00;33.20;0.00;03.01.2024;21
"0750";"71363";"1131481";" ";1.000;37.00;21.65;0.00;03.01.2024;21
"0750";"71363";"1131491";" ";2.000;44.00;23.30;0.00;03.01.2024;21
"0750";"71363";"1200111";" ";1.000;488.00;361.44;0.00;03.01.2024;21
"0750";"71363";"1200213";" ";9.000;150.00;91.36;0.00;03.01.2024;21
"0750";"71363";"1200413";" ";2.000;34.00;22.63;0.00;03.01.2024;21
"0750";"71363";"1301825";" ";1.000;639.00;327.50;0.00;03.01.2024;21
"0750";"71363";"1301871";" ";2.000;229.00;98.40;0.00;03.01.2024;21
"0750";"71363";"1303401";" ";1.000;1399.00;693.60;0.00;03.01.2024;21
"0750";"71363";"1303925";"1";1.000;269.00;123.60;0.00;03.01.2024;21
"0750";"71363";"1500180";" ";1.000;6141.00;2283.75;0.00;03.01.2024;21
"0750";"71363";"1500211";" ";3.000;114.00;37.24;0.00;03.01.2024;21
"0750";"71363";"1500223";" ";2.000;1505.00;447.72;0.00;03.01.2024;21
"0750";"71363";"1500330";" ";1.000;543.00;272.04;0.00;03.01.2024;21
"0750";"71363";"1500404";" ";3.000;1001.00;373.11;0.00;03.01.2024;21
"0750";"71363";"1500604";" ";4.000;408.00;177.10;0.00;03.01.2024;21
"0750";"71363";"1500616";" ";1.000;818.00;579.72;0.00;03.01.2024;21
"0750";"71363";"1500635";" ";3.000;906.00;371.84;0.00;03.01.2024;21
"0750";"71363";"1500637";" ";2.000;956.00;392.32;0.00;03.01.2024;21
"0750";"71363";"1500869";" ";1.000;444.00;221.36;0.00;03.01.2024;21
"0750";"71363";"1501877";" ";2.000;272.00;139.52;0.00;03.01.2024;21
"0750";"71363";"1502828";" ";1.000;330.00;100.80;0.00;03.01.2024;21
"0750";"71363";"1502832";"1";2.000;1153.00;575.36;0.00;03.01.2024;21
"0750";"71363";"1502846";" ";2.000;5675.00;2646.98;0.00;03.01.2024;21
"0750";"71363";"1502849";" ";1.000;5821.00;2705.23;0.00;03.01.2024;21
"0750";"71363";"1502849";"1";1.000;5821.00;2709.83;0.00;03.01.2024;21
"0750";"71363";"1502852";" ";1.000;4460.00;1854.75;0.00;03.01.2024;21
"0750";"71363";"1502853";"1";1.000;7468.00;3490.01;0.00;03.01.2024;21
"0750";"71363";"1503015";" ";1.000;3507.00;1407.56;0.00;03.01.2024;21
"0750";"71363";"2003344";" ";6.300;749.00;165.00;0.00;03.01.2024;21
"0750";"71363";"2003345";"3";2.100;879.00;84.62;0.00;03.01.2024;21
"0750";"71363";"2003353";"1";1.600;665.00;106.30;0.00;03.01.2024;21
"0750";"71363";"2003357";"9";1.600;399.00;185.00;0.00;03.01.2024;21
"0750";"71363";"2003359";"7";3.200;399.00;204.78;0.00;03.01.2024;21
"0750";"71363";"2003389";"3";4.280;835.00;204.77;0.00;03.01.2024;21
"0750";"71363";"2003455";"5";5.000;789.00;194.53;0.00;03.01.2024;21
"0750";"71363";"2003697";"1";38.000;689.00;125.00;0.00;03.01.2024;21
"0750";"71363";"2003701";" ";4.000;689.00;241.58;0.00;03.01.2024;21
"0750";"71363";"2003775";"1";1.100;749.00;288.60;0.00;03.01.2024;21
"0750";"71363";"2004000";"1";1.290;1145.00;314.50;0.00;03.01.2024;21
"0750";"71363";"2004001";"1";2.000;1065.00;314.47;0.00;03.01.2024;21
"0750";"71363";"2004004";"3";7.740;1145.00;402.61;0.00;03.01.2024;21
"0750";"71363";"2004005";"1";1.290;1065.00;273.86;0.00;03.01.2024;21
"0750";"71363";"2004062";" ";10.700;599.00;300.81;0.00;03.01.2024;21
"0750";"71363";"2004063";" ";6.420;689.00;252.25;0.00;03.01.2024;21
"0750";"71363";"2600002";" ";10.000;593.00;380.24;0.00;03.01.2024;21
"0750";"71363";"2600020";" ";1.000;325.00;121.48;0.00;03.01.2024;21
"0750";"71363";"2600027";" ";1.000;327.00;209.52;0.00;03.01.2024;21
"0750";"71363";"2600031";" ";11.000;99.00;54.88;0.00;03.01.2024;21
"0750";"71363";"2600034";" ";1.000;76.00;42.17;0.00;03.01.2024;21
"0750";"71363";"2700113";" ";8.000;296.00;92.01;0.00;03.01.2024;21
"0750";"71363";"2700115";" ";2.000;619.00;221.42;0.00;03.01.2024;21
"0750";"71363";"3000153";"8";11.520;519.00;170.59;0.00;03.01.2024;21
"0750";"71363";"3100001";"1";27.000;121.00;14.82;0.00;03.01.2024;21
"0750";"71363";"3508967";"1";14.300;699.00;167.31;0.00;03.01.2024;21
"0750";"71363";"3580536";"1";23.540;499.00;189.52;0.00;03.01.2024;21
"0750";"71363";"3580550";" ";11.770;499.00;193.60;0.00;03.01.2024;21
"0750";"71363";"3580574";" ";50.290;499.00;209.00;0.00;03.01.2024;21
"0750";"71363";"3580598";"2";42.800;499.00;208.98;0.00;03.01.2024;21
"0750";"71363";"4000807";"3";1.440;299.00;130.42;0.00;03.01.2024;21
"0750";"71363";"4002357";"1";16.000;529.00;225.44;0.00;03.01.2024;21
"0750";"71363";"4002358";"7";9.000;529.00;247.52;0.00;03.01.2024;21
"0750";"71363";"4002359";" ";6.000;549.00;280.09;0.00;03.01.2024;21
"0750";"71363";"4002359";"A";1.000;549.00;247.52;0.00;03.01.2024;21
"0750";"71363";"4002360";";";2.000;555.00;143.14;0.00;03.01.2024;21
"0750";"71363";"4002360";"B";4.000;555.00;194.61;0.00;03.01.2024;21
"0750";"71363";"4002505";"3";1.290;1065.00;390.73;0.00;03.01.2024;21
"0750";"71363";"4002664";"6";1.410;765.00;141.90;0.00;03.01.2024;21
"0750";"71363";"4002665";"1";1.410;685.00;141.16;0.00;03.01.2024;21
"0750";"71363";"4002688";"2";1.600;399.00;106.30;0.00;03.01.2024;21
"0750";"71363";"4002689";"1";12.800;399.00;179.00;0.00;03.01.2024;21
"0750";"71363";"4002690";"4";1.600;399.00;116.94;0.00;03.01.2024;21
"0750";"71363";"4002691";" ";1.600;399.00;106.30;0.00;03.01.2024;21
"0750";"71363";"4990035";" ";1.000;1890.00;1004.09;0.00;03.01.2024;21
"0750";"71363";"4990288";"1";1.000;3850.00;1613.64;0.00;03.01.2024;21
"0750";"71363";"4990330";" ";1.000;3190.00;1686.57;0.00;03.01.2024;21
"0750";"71363";"4990396";" ";1.000;2050.00;880.99;0.00;03.01.2024;21
"0750";"71363";"4990798";" ";1.000;699.00;315.00;0.00;03.01.2024;21
"0750";"71363";"5000095";"=";2.160;1145.00;365.61;0.00;03.01.2024;21
"0750";"71363";"5000097";";";9.720;1145.00;370.86;0.00;03.01.2024;21
"0750";"71363";"5000145";"7";1.080;1145.00;373.64;0.00;03.01.2024;21
"0750";"71363";"5000186";" ";1.890;835.00;297.55;0.00;03.01.2024;21
"0750";"71363";"5000186";"2";0.810;835.00;297.55;0.00;03.01.2024;21
"0750";"71363";"5000187";" ";1.080;835.00;310.96;0.00;03.01.2024;21
"0750";"71363";"5000187";":";0.945;835.00;280.00;0.00;03.01.2024;21
"0750";"71363";"5000189";" ";10.800;835.00;287.62;0.00;03.01.2024;21
"0750";"71363";"5000189";"D";0.945;835.00;306.93;0.00;03.01.2024;21
"0750";"71363";"5000189";"T";8.640;835.00;295.62;0.00;03.01.2024;21
"0750";"71363";"5000190";"<";1.080;835.00;270.26;0.00;03.01.2024;21
"0750";"71363";"5000191";";";4.590;835.00;225.90;0.00;03.01.2024;21
"0750";"71363";"5000191";"?";17.280;835.00;264.53;0.00;03.01.2024;21
"0750";"71363";"5004789";"5";3.960;685.00;260.07;0.00;03.01.2024;21
"0750";"71363";"5004792";"2";1.080;699.00;229.63;0.00;03.01.2024;21
"0750";"71363";"5004795";"1";8.640;699.00;235.59;0.00;03.01.2024;21
"0750";"71363";"5004797";"2";61.560;685.00;198.34;0.00;03.01.2024;21
"0750";"71363";"5004798";"4";1.080;685.00;194.30;0.00;03.01.2024;21
"0750";"71363";"5004800";" ";6.480;685.00;189.23;0.00;03.01.2024;21
"0750";"71363";"5004800";"4";1.080;685.00;188.75;0.00;03.01.2024;21
"0750";"71363";"5100426";" ";1.000;390.00;199.78;0.00;03.01.2024;21
"0750";"71363";"5100473";" ";1.000;1190.00;327.94;0.00;03.01.2024;21
"0750";"71363";"5100652";" ";1.000;990.00;507.27;0.00;03.01.2024;21
"0750";"71363";"5100878";" ";2.000;200.00;80.71;0.00;03.01.2024;21
"0750";"71363";"5101054";"1";1.000;9390.00;1.00;0.00;03.01.2024;21
"0750";"71363";"5101789";" ";1.000;9990.00;4358.00;0.00;03.01.2024;21
"0750";"71363";"5201752";" ";1.000;6515.00;3086.65;0.00;03.01.2024;21
"0750";"71363";"5202419";" ";1.000;1986.00;835.45;0.00;03.01.2024;21
"0750";"71363";"5300584";" ";3.000;765.00;183.08;0.00;03.01.2024;21
"0750";"71363";"5300602";"1";1.500;805.00;202.59;0.00;03.01.2024;21
"0750";"71363";"5300604";" ";1.500;805.00;222.92;0.00;03.01.2024;21
"0750";"71363";"5300604";"6";7.500;805.00;194.14;0.00;03.01.2024;21
"0750";"71363";"5301321";"2";14.250;925.00;215.68;0.00;03.01.2024;21
"0750";"71363";"5301322";"1";0.950;925.00;216.20;0.00;03.01.2024;21
"0750";"71363";"5301447";" ";1.000;605.00;128.39;0.00;03.01.2024;21
"0750";"71363";"5301515";"3";1.230;925.00;202.57;0.00;03.01.2024;21
"0750";"71363";"5301516";"6";3.690;925.00;221.76;0.00;03.01.2024;21
"0750";"71363";"5301529";":";3.240;859.00;204.13;0.00;03.01.2024;21
"0750";"71363";"5301562";"2";7.380;925.00;231.00;0.00;03.01.2024;21
"0750";"71363";"5301569";"C";1.080;845.00;204.01;0.00;03.01.2024;21
"0750";"71363";"5301571";"6";4.010;809.00;201.65;0.00;03.01.2024;21
"0750";"71363";"5301773";"1";1.040;845.00;196.98;0.00;03.01.2024;21
"0750";"71363";"5301779";"2";1.040;829.00;201.51;0.00;03.01.2024;21
"0750";"71363";"5302087";"1";0.180;399.00;179.32;0.00;03.01.2024;21
"0750";"71363";"5302088";"1";0.180;399.00;179.32;0.00;03.01.2024;21
"0750";"71363";"5302093";"1";0.180;399.00;179.32;0.00;03.01.2024;21
"0750";"71363";"5700004";" ";1.000;1130.00;653.80;0.00;03.01.2024;21
"0750";"71363";"5700032";" ";1.000;148.00;90.56;0.00;03.01.2024;21
"0750";"71363";"5700036";" ";2.000;152.00;76.50;0.00;03.01.2024;21
"0750";"71363";"5700037";" ";1.000;81.00;50.25;0.00;03.01.2024;21
"0750";"71363";"5700059";" ";1.000;194.00;110.23;0.00;03.01.2024;21
"0750";"71363";"5700061";" ";4.000;96.00;59.25;0.00;03.01.2024;21
"0750";"71363";"5700062";" ";2.000;82.00;51.00;0.00;03.01.2024;21
"0750";"71363";"5700063";"1";1.000;80.00;49.50;0.00;03.01.2024;21
"0750";"71363";"5700068";" ";2.000;63.00;29.23;0.00;03.01.2024;21
"0750";"71363";"5700089";" ";1.000;169.00;110.60;0.00;03.01.2024;21
"0750";"71363";"5700100";" ";1.000;1565.00;738.76;0.00;03.01.2024;21
"0750";"71363";"5700101";" ";1.000;1718.00;813.22;0.00;03.01.2024;21
"0750";"71363";"5700102";" ";1.000;1889.00;895.71;0.00;03.01.2024;21
"0750";"71363";"5700200";" ";1.000;133.00;82.50;0.00;03.01.2024;21
"0750";"71363";"5800002";" ";1.000;154.00;111.55;0.00;03.01.2024;21
"0750";"71363";"5900639";" ";1.000;43716.00;13991.45;0.00;03.01.2024;21
"0750";"71363";"6000003";" ";1.000;73.00;40.16;0.00;03.01.2024;21
"0750";"71363";"6000003";"1";1.000;73.00;32.39;0.00;03.01.2024;21
"0750";"71363";"6000007";" ";2.000;81.00;44.84;0.00;03.01.2024;21
"0750";"71363";"6000017";" ";37.000;53.00;18.40;0.00;03.01.2024;21
"0750";"71363";"6000018";" ";1.000;59.00;22.13;0.00;03.01.2024;21
"0750";"71363";"6000024";" ";3.000;41.00;22.42;0.00;03.01.2024;21
"0750";"71363";"6000034";" ";1.000;58.00;32.12;0.00;03.01.2024;21
"0750";"71363";"6000035";" ";1.000;64.00;27.52;0.00;03.01.2024;21
"0750";"71363";"6000036";"1";22.000;64.00;33.46;0.00;03.01.2024;21
"0750";"71363";"6000038";" ";1.000;70.00;26.77;0.00;03.01.2024;21
"0750";"71363";"6000039";" ";10.000;70.00;27.67;0.00;03.01.2024;21
"0750";"71363";"6000040";" ";2.000;64.00;35.47;0.00;03.01.2024;21
"0750";"71363";"6000047";" ";2.000;74.00;25.98;0.00;03.01.2024;21
"0750";"71363";"6000062";" ";8.000;79.00;27.51;0.00;03.01.2024;21
"0750";"71363";"6000067";" ";16.000;7.00;5.34;0.00;03.01.2024;21
"0750";"71363";"6000074";" ";12.000;19.00;7.36;0.00;03.01.2024;21
"0750";"71363";"6000075";"3";3.000;7.00;8.70;0.00;03.01.2024;21
"0750";"71363";"6000077";"1";5.000;7.00;8.28;0.00;03.01.2024;21
"0750";"71363";"6000117";" ";2.000;119.00;58.76;0.00;03.01.2024;21
"0750";"71363";"6000119";"1";14.000;150.00;26.83;0.00;03.01.2024;21
"0750";"71363";"6000120";" ";14.000;150.00;80.61;0.00;03.01.2024;21
"0750";"71363";"6000124";" ";2.000;91.00;50.20;0.00;03.01.2024;21
"0750";"71363";"6000131";" ";1.000;87.00;36.35;0.00;03.01.2024;21
"0750";"71363";"6000134";" ";10.000;102.00;56.22;0.00;03.01.2024;21
"0750";"71363";"6000136";" ";16.000;1145.00;23.87;0.00;03.01.2024;21
"0750";"71363";"6000138";" ";10.000;64.00;33.45;0.00;03.01.2024;21
"0750";"71363";"6000140";" ";2.000;67.00;33.47;0.00;03.01.2024;21
"0750";"71363";"6000141";" ";1.000;67.00;29.45;0.00;03.01.2024;21
"0750";"71363";"6000151";" ";1.000;132.00;56.16;0.00;03.01.2024;21
"0750";"71363";"6000151";"1";1.000;132.00;48.89;0.00;03.01.2024;21
"0750";"71363";"6000152";" ";18.000;132.00;64.60;0.00;03.01.2024;21
"0750";"71363";"6000153";" ";13.000;122.00;54.86;0.00;03.01.2024;21
"0750";"71363";"6000154";" ";1.000;97.00;32.59;0.00;03.01.2024;21
"0750";"71363";"6000158";" ";1.000;151.00;47.80;0.00;03.01.2024;21
"0750";"71363";"6000159";" ";2.000;105.00;47.26;0.00;03.01.2024;21
"0750";"71363";"6000170";" ";3.000;166.00;74.42;0.00;03.01.2024;21
"0750";"71363";"6000175";" ";1.000;100.00;40.88;0.00;03.01.2024;21
"0750";"71363";"6000213";" ";3.000;248.00;123.29;0.00;03.01.2024;21
"0750";"71363";"6000260";" ";3.000;513.00;313.78;0.00;03.01.2024;21
"0750";"71363";"6000261";"1";2.000;363.00;189.15;0.00;03.01.2024;21
"0750";"71363";"6000264";" ";1.000;385.00;200.47;0.00;03.01.2024;21
"0750";"71363";"6000264";"2";4.000;385.00;200.50;0.00;03.01.2024;21
"0750";"71363";"6000267";" ";1.000;330.00;183.61;0.00;03.01.2024;21
"0750";"71363";"6000269";" ";4.000;351.00;182.85;0.00;03.01.2024;21
"0750";"71363";"6000274";" ";2.000;460.00;237.99;0.00;03.01.2024;21
"0750";"71363";"6000275";" ";7.000;488.00;257.70;0.00;03.01.2024;21
"0750";"71363";"6000290";" ";1.000;160.00;80.32;0.00;03.01.2024;21
"0750";"71363";"6000291";" ";2.000;160.00;80.32;0.00;03.01.2024;21
"0750";"71363";"6000292";" ";5.000;150.00;76.30;0.00;03.01.2024;21
"0750";"71363";"6000293";" ";2.000;126.00;69.61;0.00;03.01.2024;21
"0750";"71363";"6000381";" ";1.000;455.00;310.40;0.00;03.01.2024;21
"0750";"71363";"6000409";" ";1.000;174.00;78.22;0.00;03.01.2024;21
"0750";"71363";"6001586";">";2.000;419.00;96.99;0.00;03.01.2024;21
"0750";"71363";"6002139";" ";6.650;469.00;198.42;0.00;03.01.2024;21
"0750";"71363";"6002140";"1";1.330;469.00;178.67;0.00;03.01.2024;21
"0750";"71363";"6002146";" ";34.000;89.00;31.99;0.00;03.01.2024;21
"0750";"71363";"6002149";" ";1.350;399.00;142.32;0.00;03.01.2024;21
"0750";"71363";"6002150";" ";1.350;399.00;135.39;0.00;03.01.2024;21
"0750";"71363";"6002480";"7";6.420;799.00;283.56;0.00;03.01.2024;21
"0750";"71363";"6002670";"2";1.330;469.00;191.33;0.00;03.01.2024;21
"0750";"71363";"6002675";"B";1.350;399.00;114.88;0.00;03.01.2024;21
"0750";"71363";"6002885";" ";4.000;229.00;55.73;0.00;03.01.2024;21
"0750";"71363";"6002887";" ";2.000;115.00;28.69;0.00;03.01.2024;21
"0750";"71363";"6002989";"1";2.140;875.00;236.53;0.00;03.01.2024;21
"0750";"71363";"6002989";"2";1.070;875.00;237.82;0.00;03.01.2024;21
"0750";"71363";"6003126";"6";1.330;469.00;120.86;0.00;03.01.2024;21
"0750";"71363";"6003131";"@";1.350;399.00;165.39;0.00;03.01.2024;21
"0750";"71363";"6003236";"5";9.000;875.00;182.26;0.00;03.01.2024;21
"0750";"71363";"6003371";"1";5.320;469.00;215.14;0.00;03.01.2024;21
"0750";"71363";"6003371";"2";1.330;469.00;215.14;0.00;03.01.2024;21
"0750";"71363";"6003433";"2";1.430;1019.00;293.00;0.00;03.01.2024;21
"0750";"71363";"6003433";"3";1.430;1019.00;293.00;0.00;03.01.2024;21
"0750";"71363";"6003508";"4";3.210;875.00;120.77;0.00;03.01.2024;21
"0750";"71363";"6003526";" ";3.000;245.00;74.81;0.00;03.01.2024;21
"0750";"71363";"6003713";"E";1.120;499.00;207.40;0.00;03.01.2024;21
"0750";"71363";"6003725";"3";0.680;499.00;112.08;0.00;03.01.2024;21
"0750";"71363";"6004197";"2";1.490;575.00;165.98;0.00;03.01.2024;21
"0750";"71363";"6004233";" ";2.000;579.00;123.96;0.00;03.01.2024;21
"0750";"71363";"6004235";"3";3.360;735.00;158.63;0.00;03.01.2024;21
"0750";"71363";"6004235";"5";4.480;735.00;162.43;0.00;03.01.2024;21
"0750";"71363";"6004473";" ";3.000;629.00;180.15;0.00;03.01.2024;21
"0750";"71363";"6004697";"1";16.050;875.00;281.57;0.00;03.01.2024;21
"0750";"71363";"6005087";" ";3.000;248.00;123.29;0.00;03.01.2024;21
"0750";"71363";"6100047";"1";1.000;10750.00;4189.31;0.00;03.01.2024;21
"0750";"71363";"6100058";" ";1.000;5890.00;2280.16;0.00;03.01.2024;21
"0750";"71363";"6100097";" ";1.000;1790.00;662.68;0.00;03.01.2024;21
"0750";"71363";"6100098";" ";1.000;12390.00;4740.46;0.00;03.01.2024;21
"0750";"71363";"6200392";" ";1.000;565.00;244.75;0.00;03.01.2024;21
"0750";"71363";"7000843";" ";20.000;290.00;1.00;0.00;03.01.2024;21
"0750";"71363";"7100208";" ";4.000;507.00;201.09;0.00;03.01.2024;21
"0750";"71363";"7100602";" ";2.000;181.00;59.38;0.00;03.01.2024;21
"0750";"71363";"7102802";" ";1.000;181.00;62.89;0.00;03.01.2024;21
"0750";"71363";"7105208";" ";1.000;507.00;204.02;0.00;03.01.2024;21
"0750";"71363";"7202100";" ";2.000;269.00;115.21;0.00;03.01.2024;21
"0750";"71363";"7202600";" ";2.000;269.00;115.47;0.00;03.01.2024;21
"0750";"71363";"7202800";" ";3.000;269.00;115.41;0.00;03.01.2024;21
"0750";"71363";"7204600";" ";1.000;314.00;112.51;0.00;03.01.2024;21
"0750";"71363";"7204800";" ";1.000;314.00;120.22;0.00;03.01.2024;21
"0750";"71363";"7210102";" ";1.000;132.00;50.65;0.00;03.01.2024;21
"0750";"71363";"7211104";" ";9.000;270.00;111.28;0.00;03.01.2024;21
"0750";"71363";"7211125";" ";1.000;835.00;358.93;0.00;03.01.2024;21
"0750";"71363";"7215002";" ";3.000;198.00;66.80;0.00;03.01.2024;21
"0750";"71363";"7220402";" ";2.000;198.00;71.05;0.00;03.01.2024;21
"0750";"71363";"7654321";"1";2.000;156.00;90.57;0.00;03.01.2024;21
"0750";"71363";"7772625";" ";1.000;335.00;198.98;0.00;03.01.2024;21
"0750";"71363";"7900750";" ";2.000;3369.00;1316.04;0.00;03.01.2024;21
"0750";"71363";"7901625";" ";6.000;379.00;206.44;0.00;03.01.2024;21
"0750";"71363";"7909910";" ";2.000;364.00;156.54;0.00;03.01.2024;21
"0750";"71363";"7909999";" ";1.000;182.00;62.15;0.00;03.01.2024;21
"0750";"71363";"8000009";" ";5.000;1340.00;441.99;0.00;03.01.2024;21
"0750";"71363";"8001898";" ";1.000;3150.00;1051.26;0.00;03.01.2024;21
"0750";"71363";"8002256";" ";5.000;410.00;101.81;0.00;03.01.2024;21
"0750";"71363";"8002257";" ";1.000;510.00;194.00;0.00;03.01.2024;21
"0750";"71363";"8002514";" ";1.000;2430.00;827.86;0.00;03.01.2024;21
"0750";"71363";"8002515";" ";1.000;3050.00;1010.74;0.00;03.01.2024;21
"0750";"71363";"9004270";" ";1.000;1380.00;507.27;0.00;03.01.2024;21
"0750";"71363";"9991774";" ";1.000;6440.00;3632.89;0.00;03.01.2024;21
"0750";"71363";"9995468";"1";1.000;10490.00;4725.00;0.00;03.01.2024;21
"0750";"71363";"9995476";"1";1.000;8390.00;3280.00;0.00;03.01.2024;21
"0750";"71363";"9995663";"1";1.000;14990.00;6708.21;0.00;03.01.2024;21
"0850";"71364";"1000988";"8";7.500;299.00;78.64;0.00;03.01.2024;21
"0850";"71364";"1002749";"3";52.320;399.00;180.03;0.00;03.01.2024;21
"0850";"71364";"1002749";"A";60.960;399.00;133.03;0.00;03.01.2024;21
"0850";"71364";"1002749";"D";13.080;399.00;117.71;0.00;03.01.2024;21
"0850";"71364";"1006976";"7";10.800;954.00;372.81;0.00;03.01.2024;21
"0850";"71364";"1007389";"2";6.050;469.00;136.09;0.00;03.01.2024;21
"0850";"71364";"1007713";"3";1.080;243.00;452.60;0.00;03.01.2024;21
"0850";"71364";"1008018";"4";37.800;1026.00;461.15;0.00;03.01.2024;21
"0850";"71364";"1009962";" ";19.360;499.00;145.10;0.00;03.01.2024;21
"0850";"71364";"1200110";" ";2.000;87.00;67.24;0.00;03.01.2024;21
"0850";"71364";"1200115";" ";1.000;685.00;570.08;0.00;03.01.2024;21
"0850";"71364";"1200211";" ";1.000;112.00;66.03;0.00;03.01.2024;21
"0850";"71364";"1200215";" ";1.000;94.00;55.57;0.00;03.01.2024;21
"0850";"71364";"1200313";" ";3.000;84.00;58.78;0.00;03.01.2024;21
"0850";"71364";"1200622";" ";1.000;86.00;45.87;0.00;03.01.2024;21
"0850";"71364";"1301824";" ";1.000;639.00;273.65;0.00;03.01.2024;21
"0850";"71364";"1301870";" ";1.000;198.00;93.60;0.00;03.01.2024;21
"0850";"71364";"1301895";" ";2.000;229.00;103.80;0.00;03.01.2024;21
"0850";"71364";"1303570";" ";1.000;3199.00;1189.80;0.00;03.01.2024;21
"0850";"71364";"1303661";" ";1.000;1298.00;594.60;0.00;03.01.2024;21
"0850";"71364";"1303918";" ";1.000;449.00;210.30;0.00;03.01.2024;21
"0850";"71364";"1500019";" ";1.000;1537.00;571.50;0.00;03.01.2024;21
"0850";"71364";"1500021";" ";1.000;1692.00;629.10;0.00;03.01.2024;21
"0850";"71364";"1500289";" ";3.000;682.00;385.00;0.00;03.01.2024;21
"0850";"71364";"1500292";" ";2.000;720.00;406.00;0.00;03.01.2024;21
"0850";"71364";"1500334";" ";1.000;177.00;84.19;0.00;03.01.2024;21
"0850";"71364";"1500337";" ";2.000;390.00;234.03;0.00;03.01.2024;21
"0850";"71364";"1501007";" ";1.000;6141.00;2283.75;0.00;03.01.2024;21
"0850";"71364";"1501160";" ";1.000;3154.00;1722.00;0.00;03.01.2024;21
"0850";"71364";"1501257";" ";1.000;3032.00;673.26;0.00;03.01.2024;21
"0850";"71364";"1501472";" ";1.000;895.00;473.60;0.00;03.01.2024;21
"0850";"71364";"1501527";" ";2.000;8460.00;2936.64;0.00;03.01.2024;21
"0850";"71364";"1501945";" ";1.000;2542.00;882.42;0.00;03.01.2024;21
"0850";"71364";"1502831";" ";1.000;1117.00;553.99;0.00;03.01.2024;21
"0850";"71364";"1502832";" ";1.000;1153.00;499.20;0.00;03.01.2024;21
"0850";"71364";"2003344";"3";10.500;749.00;165.00;0.00;03.01.2024;21
"0850";"71364";"2003345";"1";2.100;879.00;165.00;0.00;03.01.2024;21
"0850";"71364";"2003352";"3";1.600;665.00;106.30;0.00;03.01.2024;21
"0850";"71364";"2003353";"5";40.000;665.00;106.30;0.00;03.01.2024;21
"0850";"71364";"2003359";"5";3.200;399.00;106.30;0.00;03.01.2024;21
"0850";"71364";"2003389";"1";3.210;835.00;202.76;0.00;03.01.2024;21
"0850";"71364";"2003390";" ";4.280;849.00;354.78;0.00;03.01.2024;21
"0850";"71364";"2003425";"2";1.430;729.00;269.69;0.00;03.01.2024;21
"0850";"71364";"2003429";" ";10.010;1099.00;423.81;0.00;03.01.2024;21
"0850";"71364";"2003441";"3";1.070;775.00;194.53;0.00;03.01.2024;21
"0850";"71364";"2003630";" ";1.410;765.00;224.62;0.00;03.01.2024;21
"0850";"71364";"2003699";"2";38.000;689.00;125.00;0.00;03.01.2024;21
"0850";"71364";"2003755";"1";3.600;899.00;195.00;0.00;03.01.2024;21
"0850";"71364";"2003987";"1";0.020;1065.00;273.86;0.00;03.01.2024;21
"0850";"71364";"2004004";"1";7.740;1145.00;273.86;0.00;03.01.2024;21
"0850";"71364";"2004004";"2";2.580;1145.00;448.29;0.00;03.01.2024;21
"0850";"71364";"2004063";"1";2.140;689.00;252.25;0.00;03.01.2024;21
"0850";"71364";"2004082";" ";4.320;299.00;123.91;0.00;03.01.2024;21
"0850";"71364";"2600006";" ";11.000;5.30;4.07;0.00;03.01.2024;21
"0850";"71364";"2600032";"1";4.000;6.50;4.07;0.00;03.01.2024;21
"0850";"71364";"2700069";" ";4.000;707.00;266.00;0.00;03.01.2024;21
"0850";"71364";"2700072";" ";1.000;423.00;152.89;0.00;03.01.2024;21
"0850";"71364";"3000153";"2";14.400;519.00;126.27;0.00;03.01.2024;21
"0850";"71364";"3000153";"3";11.520;519.00;123.55;0.00;03.01.2024;21
"0850";"71364";"3100000";"1";9.000;726.00;199.93;0.00;03.01.2024;21
"0850";"71364";"3580000";" ";85.600;499.00;214.61;0.00;03.01.2024;21
"0850";"71364";"3580598";" ";7.490;499.00;192.63;0.00;03.01.2024;21
"0850";"71364";"3581403";" ";1.110;499.00;216.79;0.00;03.01.2024;21
"0850";"71364";"4002075";"4";18.800;595.00;189.33;0.00;03.01.2024;21
"0850";"71364";"4002079";" ";1.000;535.00;153.47;0.00;03.01.2024;21
"0850";"71364";"4002141";" ";1.000;2350.00;1009.92;0.00;03.01.2024;21
"0850";"71364";"4002357";"4";2.000;529.00;143.14;0.00;03.01.2024;21
"0850";"71364";"4002358";"8";2.000;529.00;152.60;0.00;03.01.2024;21
"0850";"71364";"4002358";"9";9.000;529.00;152.60;0.00;03.01.2024;21
"0850";"71364";"4002359";";";1.000;549.00;247.54;0.00;03.01.2024;21
"0850";"71364";"4002369";" ";1.000;275.00;75.13;0.00;03.01.2024;21
"0850";"71364";"4002435";"2";2.910;989.00;319.57;0.00;03.01.2024;21
"0850";"71364";"4002664";"3";1.410;765.00;141.16;0.00;03.01.2024;21
"0850";"71364";"4002666";"1";1.410;629.00;148.59;0.00;03.01.2024;21
"0850";"71364";"4990032";" ";1.000;2650.00;1243.52;0.00;03.01.2024;21
"0850";"71364";"4990148";" ";1.000;9450.00;3358.22;0.00;03.01.2024;21
"0850";"71364";"4990207";" ";1.000;335.00;164.77;0.00;03.01.2024;21
"0850";"71364";"4990422";" ";1.000;1890.00;982.73;0.00;03.01.2024;21
"0850";"71364";"4990622";" ";2.000;2350.00;1160.33;0.00;03.01.2024;21
"0850";"71364";"4990795";" ";1.000;699.00;295.45;0.00;03.01.2024;21
"0850";"71364";"5000097";"=";2.160;1145.00;447.36;0.00;03.01.2024;21
"0850";"71364";"5000097";">";9.720;1145.00;447.36;0.00;03.01.2024;21
"0850";"71364";"5000145";":";1.080;1145.00;371.00;0.00;03.01.2024;21
"0850";"71364";"5000186";"1";1.890;835.00;296.09;0.00;03.01.2024;21
"0850";"71364";"5000186";"5";0.135;835.00;228.56;0.00;03.01.2024;21
"0850";"71364";"5000186";"7";4.320;835.00;227.32;0.00;03.01.2024;21
"0850";"71364";"5000187";"7";0.945;835.00;283.82;0.00;03.01.2024;21
"0850";"71364";"5000188";"3";5.400;835.00;246.29;0.00;03.01.2024;21
"0850";"71364";"5000189";"C";0.945;835.00;306.46;0.00;03.01.2024;21
"0850";"71364";"5000189";"U";8.640;835.00;312.26;0.00;03.01.2024;21
"0850";"71364";"5000189";"X";10.800;835.00;287.62;0.00;03.01.2024;21
"0850";"71364";"5000191";":";4.725;835.00;295.95;0.00;03.01.2024;21
"0850";"71364";"5000191";"@";24.840;835.00;298.77;0.00;03.01.2024;21
"0850";"71364";"5000193";"1";0.025;835.00;289.71;0.00;03.01.2024;21
"0850";"71364";"5004794";"3";2.160;699.00;218.10;0.00;03.01.2024;21
"0850";"71364";"5004794";"4";8.640;699.00;536.81;0.00;03.01.2024;21
"0850";"71364";"5004794";"7";6.480;699.00;233.80;0.00;03.01.2024;21
"0850";"71364";"5004794";"8";1.080;699.00;233.80;0.00;03.01.2024;21
"0850";"71364";"5004796";" ";1.080;685.00;188.67;0.00;03.01.2024;21
"0850";"71364";"5004797";" ";51.840;685.00;227.08;0.00;03.01.2024;21
"0850";"71364";"5004797";"3";3.220;685.00;198.34;0.00;03.01.2024;21
"0850";"71364";"5004797";"4";6.480;685.00;227.08;0.00;03.01.2024;21
"0850";"71364";"5004797";"5";3.240;685.00;227.08;0.00;03.01.2024;21
"0850";"71364";"5100449";" ";1.000;490.00;251.07;0.00;03.01.2024;21
"0850";"71364";"5100452";" ";1.000;550.00;281.82;0.00;03.01.2024;21
"0850";"71364";"5100469";" ";1.000;1140.00;584.13;0.00;03.01.2024;21
"0850";"71364";"5201803";" ";1.000;7358.00;2764.71;0.00;03.01.2024;21
"0850";"71364";"5201829";" ";1.000;250.00;87.05;0.00;03.01.2024;21
"0850";"71364";"5202127";" ";1.000;985.00;492.50;0.00;03.01.2024;21
"0850";"71364";"5300586";"7";1.500;765.00;217.17;0.00;03.01.2024;21
"0850";"71364";"5300598";"2";1.000;555.00;121.42;0.00;03.01.2024;21
"0850";"71364";"5300602";"2";3.000;805.00;192.14;0.00;03.01.2024;21
"0850";"71364";"5300604";"5";7.500;805.00;190.66;0.00;03.01.2024;21
"0850";"71364";"5301319";" ";0.950;925.00;216.25;0.00;03.01.2024;21
"0850";"71364";"5301321";"1";0.950;925.00;214.16;0.00;03.01.2024;21
"0850";"71364";"5301516";"5";2.460;925.00;206.95;0.00;03.01.2024;21
"0850";"71364";"5301529";"7";1.080;859.00;206.16;0.00;03.01.2024;21
"0850";"71364";"5301529";">";4.050;859.00;219.84;0.00;03.01.2024;21
"0850";"71364";"5301530";"8";1.350;859.00;209.48;0.00;03.01.2024;21
"0850";"71364";"5301569";"=";2.700;845.00;196.69;0.00;03.01.2024;21
"0850";"71364";"5301569";"@";0.540;845.00;209.21;0.00;03.01.2024;21
"0850";"71364";"5301569";"B";0.270;845.00;208.15;0.00;03.01.2024;21
"0850";"71364";"5301569";"D";1.080;845.00;205.16;0.00;03.01.2024;21
"0850";"71364";"5301670";"5";6.150;925.00;250.11;0.00;03.01.2024;21
"0850";"71364";"5301759";"1";0.030;1050.00;211.86;0.00;03.01.2024;21
"0850";"71364";"5301775";"2";4.160;845.00;202.54;0.00;03.01.2024;21
"0850";"71364";"5301856";"1";1.040;845.00;272.81;0.00;03.01.2024;21
"0850";"71364";"5301992";"1";2.000;699.00;210.09;0.00;03.01.2024;21
"0850";"71364";"5700006";" ";1.000;83.00;48.30;0.00;03.01.2024;21
"0850";"71364";"5700007";" ";1.000;108.00;62.30;0.00;03.01.2024;21
"0850";"71364";"5700035";" ";3.000;121.00;75.00;0.00;03.01.2024;21
"0850";"71364";"5700061";"1";6.000;96.00;59.25;0.00;03.01.2024;21
"0850";"71364";"5700063";" ";5.000;80.00;49.50;0.00;03.01.2024;21
"0850";"71364";"5700198";" ";1.000;21.00;13.48;0.00;03.01.2024;21
"0850";"71364";"5700200";"1";1.000;133.00;82.50;0.00;03.01.2024;21
"0850";"71364";"5800001";" ";1.000;288.00;120.40;0.00;03.01.2024;21
"0850";"71364";"5800024";" ";7.000;254.00;152.54;0.00;03.01.2024;21
"0850";"71364";"5900610";" ";1.000;2454.00;1088.65;0.00;03.01.2024;21
"0850";"71364";"5900639";"1";1.000;43716.00;13991.45;0.00;03.01.2024;21
"0850";"71364";"6000002";" ";5.000;73.00;40.09;0.00;03.01.2024;21
"0850";"71364";"6000019";" ";3.000;59.00;17.28;0.00;03.01.2024;21
"0850";"71364";"6000036";" ";18.000;64.00;29.43;0.00;03.01.2024;21
"0850";"71364";"6000042";" ";3.000;67.00;33.69;0.00;03.01.2024;21
"0850";"71364";"6000057";" ";24.000;67.00;34.31;0.00;03.01.2024;21
"0850";"71364";"6000059";" ";1.000;69.00;31.26;0.00;03.01.2024;21
"0850";"71364";"6000067";"1";20.000;7.00;5.34;0.00;03.01.2024;21
"0850";"71364";"6000067";"2";1.000;7.00;8.70;0.00;03.01.2024;21
"0850";"71364";"6000072";"1";12.000;7.00;7.36;0.00;03.01.2024;21
"0850";"71364";"6000076";"1";3.000;7.00;7.42;0.00;03.01.2024;21
"0850";"71364";"6000077";"2";5.000;7.00;8.28;0.00;03.01.2024;21
"0850";"71364";"6000119";" ";1.000;150.00;82.99;0.00;03.01.2024;21
"0850";"71364";"6000128";"1";7.000;79.00;43.03;0.00;03.01.2024;21
"0850";"71364";"6000129";" ";17.000;80.00;44.03;0.00;03.01.2024;21
"0850";"71364";"6000130";" ";3.000;80.00;35.11;0.00;03.01.2024;21
"0850";"71364";"6000139";" ";4.000;59.00;24.46;0.00;03.01.2024;21
"0850";"71364";"6000183";" ";1.000;215.00;107.05;0.00;03.01.2024;21
"0850";"71364";"6000259";" ";2.000;497.00;223.79;0.00;03.01.2024;21
"0850";"71364";"6000261";" ";4.000;363.00;189.15;0.00;03.01.2024;21
"0850";"71364";"6000379";" ";8.000;94.00;52.21;0.00;03.01.2024;21
"0850";"71364";"6001586";"I";60.000;419.00;149.72;0.00;03.01.2024;21
"0850";"71364";"6001586";"J";2.000;419.00;149.72;0.00;03.01.2024;21
"0850";"71364";"6002139";"2";5.320;469.00;198.02;0.00;03.01.2024;21
"0850";"71364";"6002146";"1";34.000;89.00;31.99;0.00;03.01.2024;21
"0850";"71364";"6002480";" ";6.420;875.00;271.29;0.00;03.01.2024;21
"0850";"71364";"6002670";"3";1.330;469.00;181.80;0.00;03.01.2024;21
"0850";"71364";"6002675";" ";2.700;399.00;166.21;0.00;03.01.2024;21
"0850";"71364";"6002989";"4";1.070;875.00;224.32;0.00;03.01.2024;21
"0850";"71364";"6003132";"8";2.700;399.00;263.72;0.00;03.01.2024;21
"0850";"71364";"6003133";"7";3.000;399.00;119.83;0.00;03.01.2024;21
"0850";"71364";"6003236";"2";1.070;875.00;177.70;0.00;03.01.2024;21
"0850";"71364";"6003236";"4";8.560;875.00;182.60;0.00;03.01.2024;21
"0850";"71364";"6003372";"4";3.990;469.00;186.81;0.00;03.01.2024;21
"0850";"71364";"6003434";" ";19.380;939.00;263.94;0.00;03.01.2024;21
"0850";"71364";"6003502";"2";1.430;999.00;257.94;0.00;03.01.2024;21
"0850";"71364";"6003649";"1";34.320;999.00;262.05;0.00;03.01.2024;21
"0850";"71364";"6003713";"F";1.120;499.00;213.52;0.00;03.01.2024;21
"0850";"71364";"6004234";"2";2.000;579.00;190.09;0.00;03.01.2024;21
"0850";"71364";"6004254";" ";3.210;875.00;239.74;0.00;03.01.2024;21
"0850";"71364";"6004392";" ";1.070;875.00;242.81;0.00;03.01.2024;21
"0850";"71364";"6004697";"2";16.050;875.00;278.72;0.00;03.01.2024;21
"0850";"71364";"6004908";"1";1.430;959.00;120.70;0.00;03.01.2024;21
"0850";"71364";"6004908";"2";39.720;959.00;159.49;0.00;03.01.2024;21
"0850";"71364";"6005086";" ";1.000;243.00;120.88;0.00;03.01.2024;21
"0850";"71364";"6200384";" ";1.000;538.00;259.58;0.00;03.01.2024;21
"0850";"71364";"7102602";" ";3.000;124.00;44.30;0.00;03.01.2024;21
"0850";"71364";"7103502";" ";2.000;181.00;62.59;0.00;03.01.2024;21
"0850";"71364";"7200600";" ";2.000;314.00;130.80;0.00;03.01.2024;21
"0850";"71364";"7201000";" ";2.000;269.00;115.36;0.00;03.01.2024;21
"0850";"71364";"7210502";" ";1.000;167.00;56.31;0.00;03.01.2024;21
"0850";"71364";"7211102";" ";7.000;167.00;56.31;0.00;03.01.2024;21
"0850";"71364";"7212904";" ";1.000;270.00;111.25;0.00;03.01.2024;21
"0850";"71364";"7213202";" ";1.000;167.00;56.31;0.00;03.01.2024;21
"0850";"71364";"7213502";" ";8.000;126.00;0.00;0.00;03.01.2024;21
"0850";"71364";"7213504";" ";3.000;204.00;84.09;0.00;03.01.2024;21
"0850";"71364";"7215602";" ";2.000;167.00;56.31;0.00;03.01.2024;21
"0850";"71364";"7217402";" ";1.000;167.00;56.31;0.00;03.01.2024;21
"0850";"71364";"7218002";" ";1.000;167.00;56.28;0.00;03.01.2024;21
"0850";"71364";"7218602";" ";3.000;167.00;56.31;0.00;03.01.2024;21
"0850";"71364";"7220404";" ";1.000;334.00;137.82;0.00;03.01.2024;21
"0850";"71364";"7900710";" ";2.000;930.00;399.88;0.00;03.01.2024;21
"0850";"71364";"7902218";" ";2.000;2518.00;1082.02;0.00;03.01.2024;21
"0850";"71364";"7909987";" ";1.000;314.00;131.71;0.00;03.01.2024;21
"0850";"71364";"7909990";" ";6.000;314.00;131.53;0.00;03.01.2024;21
"0850";"71364";"7909998";" ";2.000;511.00;209.51;0.00;03.01.2024;21
"0850";"71364";"8002810";" ";1.000;25490.00;9938.56;0.00;03.01.2024;21
"0850";"71364";"8003500";" ";1.000;760.00;242.94;0.00;03.01.2024;21
"0850";"71364";"8003667";" ";1.000;411.00;190.00;0.00;03.01.2024;21
"0850";"71364";"9000760";" ";1.000;3890.00;1993.23;0.00;03.01.2024;21
"0850";"71364";"9600066";" ";2.000;2000.00;840.33;0.00;03.01.2024;21
"0850";"71364";"9992309";" ";1.000;1380.00;707.11;0.00;03.01.2024;21
"0835";"71365";"1002749";"8";1.090;399.00;131.71;0.00;03.01.2024;21
"0835";"71365";"1002749";"B";52.300;399.00;117.71;0.00;03.01.2024;21
"0835";"71365";"1002749";"C";13.080;399.00;142.33;0.00;03.01.2024;21
"0835";"71365";"1010739";"1";50.920;66.00;33.20;0.00;03.01.2024;21
"0735";"71366";"1002749";"A";60.960;399.00;133.03;0.00;03.01.2024;21
"0735";"71366";"1002749";"D";13.080;399.00;117.71;0.00;03.01.2024;21
"0835";"71367";"1009962";"3";1.210;499.00;161.15;0.00;03.01.2024;21
"0835";"71367";"2003353";"5";1.600;665.00;106.30;0.00;03.01.2024;21
"0835";"71367";"2003697";"1";38.000;689.00;125.00;0.00;03.01.2024;21
"0735";"71368";"2003699";"2";86.000;689.00;125.00;0.00;03.01.2024;21
"0735";"71368";"4002075";"4";20.000;595.00;189.33;0.00;03.01.2024;21
"0835";"71369";"4002357";"1";16.000;529.00;225.44;0.00;03.01.2024;21
"0835";"71370";"4002689";"1";12.800;399.00;179.00;0.00;03.01.2024;21
"0735";"71371";"3580000";" ";71.690;499.00;214.61;0.00;03.01.2024;21
"0735";"71372";"1303570";" ";1.000;3199.00;1189.80;0.00;03.01.2024;21
"0735";"71372";"1303918";" ";1.000;449.00;210.30;0.00;03.01.2024;21
"0735";"71372";"5201803";" ";1.000;7358.00;2764.71;0.00;03.01.2024;21
"0835";"71373";"5201752";" ";1.000;6515.00;3086.65;0.00;03.01.2024;21
"0835";"71373";"6100047";" ";1.000;10750.00;4644.00;0.00;03.01.2024;21
"0835";"71373";"6100058";" ";1.000;5890.00;2280.16;0.00;03.01.2024;21
"0835";"71374";"6100097";" ";1.000;1790.00;662.68;0.00;03.01.2024;21
"0835";"71374";"6100098";" ";1.000;12390.00;4740.46;0.00;03.01.2024;21
"0835";"71375";"7000843";" ";20.000;290.00;1.00;0.00;03.01.2024;21
"0835";"71376";"8000009";" ";5.000;1340.00;441.99;0.00;03.01.2024;21
"0835";"71376";"8002256";" ";5.000;410.00;101.81;0.00;03.01.2024;21
"0835";"71376";"9991774";" ";1.000;6440.00;3632.89;0.00;03.01.2024;21
"0835";"71377";"3580550";" ";10.700;499.00;193.60;0.00;03.01.2024;21
"0735";"71378";"3580598";" ";8.560;499.00;192.63;0.00;03.01.2024;21
"0735";"71378";"3580598";"2";0.020;499.00;208.98;0.00;03.01.2024;21
"0735";"71379";"4990148";" ";1.000;9450.00;3358.22;0.00;03.01.2024;21
"0835";"71380";"8002514";" ";1.000;2430.00;827.86;0.00;03.01.2024;21
"0835";"71380";"8002515";" ";1.000;3050.00;1010.74;0.00;03.01.2024;21
"0835";"71381";"9995663";"1";1.000;14990.00;6708.21;0.00;03.01.2024;21
"0835";"71382";"1500223";" ";1.000;1505.00;447.72;0.00;03.01.2024;21
"0835";"71383";"5301321";"1";0.950;925.00;214.16;0.00;03.01.2024;21
"0835";"71383";"5301321";"2";13.300;925.00;215.68;0.00;03.01.2024;21
"0835";"71384";"5301562";"2";7.380;925.00;231.00;0.00;03.01.2024;21
"0835";"71385";"1502846";" ";2.000;5675.00;2646.98;0.00;03.01.2024;21
"0835";"71386";"4990396";" ";1.000;2050.00;880.99;0.00;03.01.2024;21
"0835";"71387";"2003699";"2";48.000;689.00;125.00;0.00;03.01.2024;21
"0835";"71388";"5101994";" ";1.000;13790.00;6268.18;0.00;03.01.2024;21
"0835";"71389";"8002105";" ";1.000;28450.00;10565.02;0.00;03.01.2024;21
"0735";"71390";"6003434";" ";19.380;939.00;263.94;0.00;03.01.2024;21
"0735";"71391";"5301670";" ";3.690;925.00;250.11;0.00;03.01.2024;21
"0735";"71391";"5301670";"5";6.150;925.00;250.11;0.00;03.01.2024;21
"0502";"10001";"6002139";"2";3.990;469.00;198.02;467.80;04.01.2024;21
"0502";"10001";"     51";" ";1.000;590.00;0.00;0.00;04.01.2024;21
"0502";"10001";"     71";" ";1.000;-590.00;0.00;0.00;04.01.2024;21
"0502";"10002";"4002432";"5";5.250;755.00;319.86;594.60;04.01.2024;21
"0502";"10003";"2003442";" ";6.420;775.00;337.04;1243.90;04.01.2024;21
"0502";"10004";"6002674";" ";16.200;399.00;180.54;1616.00;04.01.2024;21
"0502";"10004";"6002675";" ";1.350;399.00;166.21;134.70;04.01.2024;21
"0502";"10004";"6002670";"2";3.990;469.00;191.33;467.80;04.01.2024;21
"0502";"10005";"6005567";"1";12.530;939.00;353.05;1764.90;04.01.2024;21
"0502";"10006";"7203500";" ";1.000;269.00;115.23;80.70;04.01.2024;21
"0502";"10007";"6004571";"1";1.340;1179.00;397.44;395.00;04.01.2024;21
"0502";"10008";"1008332";"3";7.080;587.00;291.96;2078.00;04.01.2024;21
"0502";"10009";"1500334";" ";10.000;177.00;84.19;354.00;04.01.2024;21
"0502";"10010";"2004082";" ";3.240;299.00;123.91;145.30;04.01.2024;21
"0502";"10011";"5201752";" ";1.000;6515.00;3086.65;0.00;04.01.2024;21
"0502";"10012";"1304257";" ";1.000;7498.00;3718.20;1874.50;04.01.2024;21
"0502";"10012";"1304169";" ";2.000;4299.00;2131.80;2149.50;04.01.2024;21
"0502";"10012";"6005085";"2";10.740;915.00;294.98;1474.10;04.01.2024;21
"0502";"10012";"6004901";"3";15.680;655.00;217.44;1540.60;04.01.2024;21
"0502";"10013";"6004312";"3";1.070;985.00;331.14;0.00;04.01.2024;21
"0502";"10014";"1010807";" ";90.000;82.00;41.22;2952.00;04.01.2024;21
"0502";"10015";"1500334";" ";1.000;177.00;84.19;47.80;04.01.2024;21
"0502";"10015";"1500337";" ";1.000;390.00;234.03;78.00;04.01.2024;21
"0502";"10015";"1304027";" ";1.000;2399.00;1189.80;791.70;04.01.2024;21
"0502";"10015";"1303409";" ";1.000;599.00;297.00;137.80;04.01.2024;21
"0502";"10015";"1303476";" ";1.000;259.00;128.40;59.60;04.01.2024;21
"0502";"10015";"1302881";" ";1.000;829.00;465.80;190.70;04.01.2024;21
"0502";"10015";"1300084";" ";1.000;999.00;495.60;229.80;04.01.2024;21
"0502";"10015";"1304023";" ";1.000;2199.00;1090.20;725.70;04.01.2024;21
"0502";"10015";"6003470";"4";9.630;985.00;330.48;1422.80;04.01.2024;21
"0502";"10016";"6003725";" ";5.600;499.00;138.64;419.20;04.01.2024;21
"0502";"10016";"1502830";" ";1.000;1082.00;570.53;216.40;04.01.2024;21
"0502";"10016";"1500336";" ";1.000;421.00;189.55;84.20;04.01.2024;21
"0502";"10016";"1301052";" ";1.000;2099.00;991.20;629.70;04.01.2024;21
"0502";"10016";"1301055";" ";1.000;2698.00;1338.00;809.40;04.01.2024;21
"0502";"10016";"6005104";"2";7.200;499.00;212.40;538.90;04.01.2024;21
"0502";"10016";"6003727";"7";11.200;499.00;210.14;838.30;04.01.2024;21
"0502";"10017";"4002505";"3";11.610;1065.00;390.73;1854.70;04.01.2024;21
"0502";"10017";"4002431";"2";5.820;989.00;347.97;863.40;04.01.2024;21
"0502";"10018";"5302100";" ";30.000;399.00;179.72;0.00;04.01.2024;21
"0501";"10019";"6002674";" ";1.350;399.00;180.54;80.80;04.01.2024;21
"0502";"10020";"1304023";" ";1.000;2199.00;1090.20;725.70;04.01.2024;21
"0502";"10020";"1304033";" ";1.000;7999.00;3966.60;1839.80;04.01.2024;21
"0502";"10020";"9294420";"1";1.000;8380.00;4293.88;2262.60;04.01.2024;21
"0502";"10021";"5301569";"I";18.900;845.00;205.38;4791.20;05.01.2024;21
"0502";"10021";"5301529";"=";12.150;859.00;201.91;3131.10;05.01.2024;21
"0752";"71392";"1000988";"8";1.500;299.00;78.64;0.00;04.01.2024;21
"0502";"10022";"2700118";" ";3.000;669.00;226.74;200.70;05.01.2024;21
"0502";"10023";"6004255";"2";1.070;985.00;263.42;263.50;04.01.2024;21
"0501";"10024";"7211104";" ";1.000;270.00;111.28;67.50;04.01.2024;21
"0501";"10024";"7202800";" ";2.000;269.00;115.41;134.50;04.01.2024;21
"0502";"10025";"6005087";" ";5.000;248.00;123.29;297.60;04.01.2024;21
"0502";"10026";"6002469";"6";9.360;819.00;245.91;1149.90;04.01.2024;21
"0502";"10026";"4301169";"1";1.000;4750.00;2041.32;1425.00;04.01.2024;21
"0502";"10027";"1000988";"3";12.000;299.00;122.70;538.20;04.01.2024;21
"0502";"10028";"1010691";"3";121.920;431.00;198.90;21019.00;04.01.2024;21
"0521";" 6001";"1009754";" ";2.160;243.00;327.28;0.00;04.01.2024;21
"0401";"83443";"5102736";" ";1.000;8190.00;3722.73;2457.00;04.01.2024;21
"0502";"10029";"1500336";" ";1.000;421.00;189.55;84.20;05.01.2024;21
"0502";"10030";"5700177";" ";1.000;433.00;275.66;43.30;05.01.2024;21
"0501";"10031";"6000036";" ";5.000;64.00;29.43;76.80;05.01.2024;21
"0735";"71393";"4002357";"1";2.000;529.00;225.44;0.00;05.01.2024;21
"0735";"71393";"4002358";"8";2.000;529.00;152.60;0.00;05.01.2024;21
"0735";"71393";"4002358";"9";9.000;529.00;152.60;0.00;05.01.2024;21
"0835";"71394";"4002358";"7";17.000;529.00;247.52;0.00;05.01.2024;21
"0735";"71395";"4002690";"4";1.600;399.00;116.94;0.00;05.01.2024;21
"0835";"71396";"2003357";"9";1.600;399.00;185.00;0.00;05.01.2024;21
"0301";"31565";"6005612";" ";0.000;-74.00;1019.00;0.00;05.01.2024;21
"0301";"31565";"6005613";" ";0.000;-74.00;1019.00;0.00;05.01.2024;21
"0301";"31565";"6005614";" ";0.000;-74.00;1019.00;0.00;05.01.2024;21
"0502";"10032";"6003433";" ";47.190;1019.00;293.00;0.00;09.01.2024;21
"0735";"71397";"8002810";" ";1.000;25490.00;9938.56;0.00;05.01.2024;21
"0502";"10033";"3151538";" ";2.380;699.00;256.33;249.50;08.01.2024;21
"0502";"10033";"7203500";" ";2.000;269.00;115.23;161.40;08.01.2024;21
"0502";"10033";"7909988";" ";2.000;314.00;131.80;188.40;08.01.2024;21
"0501";"10034";"7210104";" ";2.000;216.00;89.61;129.60;06.01.2024;21
"0501";"10034";"7202100";" ";3.000;269.00;115.21;242.10;06.01.2024;21
"0501";"10035";"5800003";" ";1.000;201.00;131.20;20.10;06.01.2024;21
"0502";"10036";"5301529";"<";6.750;859.00;205.07;1739.50;08.01.2024;21
"0501";"10037";"4990330";"1";1.000;3190.00;1610.79;957.00;09.01.2024;21
"0502";"10038";"7654321";"1";2.000;156.00;90.57;31.20;08.01.2024;21
"0506";"10039";"6000409";" ";4.000;174.00;78.22;0.00;08.01.2024;21
"0502";"10040";"5700031";" ";1.000;148.00;91.50;14.80;08.01.2024;21
"0502";"10040";"7210104";" ";4.000;216.00;89.61;259.20;08.01.2024;21
"0502";"10040";"6000034";" ";4.000;58.00;32.12;55.70;08.01.2024;21
"0506";"10041";"1301873";" ";1.000;348.00;172.80;52.20;08.01.2024;21
"0501";"10042";"1000989";"7";1.500;299.00;78.79;67.30;08.01.2024;21
"0501";"10042";"1200110";" ";1.000;87.00;67.24;8.70;08.01.2024;21
"0502";"10043";"6002674";" ";13.500;399.00;180.54;1346.60;08.01.2024;21
"0502";"10043";"6002675";" ";13.500;399.00;166.21;1346.60;08.01.2024;21
"0502";"10043";"6002670";"2";5.320;469.00;191.33;623.80;08.01.2024;21
"0502";"10044";"2003774";"3";17.500;699.00;245.81;1834.90;08.01.2024;21
"0502";"10044";"2003775";"1";5.000;749.00;288.60;561.80;08.01.2024;21
"0502";"10044";"5003690";";";6.480;829.00;274.96;1611.60;08.01.2024;21
"0502";"10044";"7772625";" ";5.000;335.00;198.98;167.50;08.01.2024;21
"0502";"10044";"7211104";" ";1.000;270.00;111.28;81.00;08.01.2024;21
"0502";"10044";"7202800";" ";2.000;269.00;115.41;161.40;08.01.2024;21
"0202";"60001";"5102614";" ";1.000;6490.00;3325.46;0.00;08.01.2024;21
"0202";"60001";"5102659";" ";1.000;8390.00;4299.01;0.00;08.01.2024;21
"0202";"60001";"5100564";" ";1.000;940.00;481.65;0.00;08.01.2024;21
"0502";"10045";"5800024";" ";3.000;254.00;152.54;76.20;08.01.2024;21
"0502";"10045";"7217404";" ";2.000;270.00;111.25;162.00;08.01.2024;21
"0502";"10045";"7201000";" ";2.000;269.00;115.36;161.40;08.01.2024;21
"0502";"10046";"6000261";" ";2.000;363.00;189.15;72.60;08.01.2024;21
"0504";"10047";"7220602";" ";1.000;198.00;66.80;0.00;08.01.2024;21
"0504";"10047";"7211102";" ";1.000;167.00;56.31;0.00;08.01.2024;21
"0504";"10047";"7200500";" ";2.000;314.00;134.17;0.00;08.01.2024;21
"0504";"10047";"7202800";" ";2.000;269.00;115.41;0.00;08.01.2024;21
"0502";"10048";"2003774";"3";21.250;699.00;245.81;2228.10;08.01.2024;21
"0502";"10048";"4002358";"7";6.000;529.00;247.52;476.10;08.01.2024;21
"0202";"60001";"5100952";"1";1.000;13590.00;9507.01;0.00;08.01.2024;21
"0202";"60001";"5100978";" ";1.000;6290.00;3222.98;0.00;08.01.2024;21
"0202";"60001";"5100426";" ";1.000;390.00;199.83;0.00;08.01.2024;21
"0502";"10049";"5102614";" ";1.000;6490.00;3325.46;1947.00;08.01.2024;21
"0502";"10016";"5102659";" ";1.000;8390.00;4299.01;2517.00;04.01.2024;21
"0502";"10016";"5100564";" ";1.000;940.00;481.65;282.00;04.01.2024;21
"0502";"10028";"1010691";"1";30.480;431.00;228.22;5254.80;04.01.2024;21
"0502";"10050";"4002688";"<";4.800;399.00;179.00;287.30;08.01.2024;21
"0502";"10050";"7218602";" ";1.000;167.00;56.31;41.80;08.01.2024;21
"0501";"10051";"7201000";" ";1.000;269.00;115.36;80.70;08.01.2024;21
"0501";"10051";"7909989";" ";1.000;314.00;133.69;94.20;08.01.2024;21
"0506";"10052";"7204800";" ";1.000;314.00;120.22;0.00;08.01.2024;21
"0502";"10053";"2003358";"4";32.000;399.00;190.46;3192.00;08.01.2024;21
"0502";"10053";"4002688";";";6.400;399.00;179.00;638.40;08.01.2024;21
"0502";"10053";"7211104";" ";1.000;270.00;111.28;81.00;08.01.2024;21
"0502";"10053";"7211102";" ";1.000;167.00;56.31;50.10;08.01.2024;21
"0502";"10053";"     49";" ";1.000;290.00;0.00;0.00;08.01.2024;21
"0502";"10053";"     70";" ";1.000;-290.00;0.00;0.00;08.01.2024;21
"0502";"10055";"5100978";" ";1.000;6290.00;3222.98;943.50;08.01.2024;21
"0502";"10055";"5100426";" ";1.000;390.00;199.83;58.50;08.01.2024;21
"0506";"10056";"5100952";"1";1.000;13590.00;9507.01;2038.50;08.01.2024;21
"0502";"10057";"1000989";"7";1.500;299.00;78.79;67.30;09.01.2024;21
"0201";"60002";"6000034";" ";26.000;58.00;32.13;0.00;09.01.2024;21
"0201";"60002";"6005087";" ";30.000;248.00;123.29;0.00;09.01.2024;21
"0502";"10058";"6000034";" ";6.000;58.00;32.13;83.50;09.01.2024;21
"0735";"71398";"3580000";" ";13.910;499.00;214.61;0.00;09.01.2024;21
"0502";"10059";"5300586";"8";12.000;765.00;183.41;1377.00;09.01.2024;21
"0502";"10059";"5300584";" ";6.000;765.00;183.08;688.50;09.01.2024;21
"0502";"10059";"5300598";"2";7.000;555.00;121.42;582.80;09.01.2024;21
"0835";"71399";"4990329";" ";1.000;3190.00;1315.82;0.00;09.01.2024;21
"0735";"71400";"7900710";" ";2.000;930.00;399.88;0.00;09.01.2024;21
"0835";"71401";"7900750";" ";2.000;3369.00;1316.04;0.00;09.01.2024;21
"0835";"71402";"9995468";" ";1.000;10490.00;4725.00;0.00;09.01.2024;21
"0835";"71403";"9995476";" ";1.000;8390.00;3280.00;0.00;09.01.2024;21
"0502";"10032";"3100000";"1";1.000;726.00;199.93;0.00;09.01.2024;21
"0502";"10060";"6005087";" ";12.000;248.00;123.29;714.20;09.01.2024;21
"0520";" 6002";"2003357";":";51.200;399.00;185.00;0.00;09.01.2024;21
"0520";" 6002";"2003358";"4";30.400;399.00;190.46;0.00;09.01.2024;21
"0835";"71404";"6004908";"1";32.890;959.00;120.70;0.00;09.01.2024;21
"0735";"71405";"6004908";"2";39.720;959.00;159.49;0.00;09.01.2024;21
"0221";" 6003";"1008119";"1";11.200;125.00;69.00;0.00;09.01.2024;21
"0221";" 6003";"3107085";"1";6.480;59.00;60.65;0.00;09.01.2024;21
"0221";" 6003";"3065145";"2";8.100;59.00;200.76;0.00;09.01.2024;21
"0221";" 6003";"6002149";"6";5.400;399.00;142.32;0.00;09.01.2024;21
"0221";" 6003";"6002150";"4";13.500;399.00;173.89;0.00;09.01.2024;21
"0221";" 6003";"6004257";"1";3.000;299.00;100.50;0.00;09.01.2024;21
"0221";" 6003";"6002625";"5";7.120;59.00;300.96;0.00;09.01.2024;21
"0221";" 6003";"1002407";"2";3.000;799.00;401.46;0.00;09.01.2024;21
"0221";" 6003";"1003182";"5";15.000;649.00;326.31;0.00;09.01.2024;21
"0221";" 6003";"1005048";"2";15.000;557.00;279.92;0.00;09.01.2024;21
"0221";" 6003";"2004469";"1";57.500;899.00;317.86;0.00;09.01.2024;21
"0221";" 6003";"1002178";"2";10.000;557.00;279.92;0.00;09.01.2024;21
"0221";" 6003";"1008933";" ";8.000;149.00;51.89;0.00;09.01.2024;21
"0221";" 6003";"1008934";" ";4.800;149.00;49.07;0.00;09.01.2024;21
"0221";" 6003";"6002886";"2";12.000;319.00;118.27;0.00;09.01.2024;21
"0221";" 6003";"1008113";"1";6.400;129.00;121.10;0.00;09.01.2024;21
"0221";" 6003";"5301756";"1";4.080;1050.00;256.99;0.00;09.01.2024;21
"0221";" 6003";"5301753";"1";5.100;1050.00;250.33;0.00;09.01.2024;21
"0221";" 6003";"2004467";"3";12.000;299.00;180.00;0.00;09.01.2024;21
"0221";" 6003";"1005540";"3";1.500;129.00;123.98;0.00;09.01.2024;21
"0221";" 6003";"1008931";" ";1.600;149.00;90.69;0.00;09.01.2024;21
"0221";" 6003";"5301528";";";13.500;859.00;204.25;0.00;09.01.2024;21
"0502";"10061";"1008119";"1";11.200;125.00;69.00;0.00;09.01.2024;21
"0502";"10061";"3107085";"1";6.480;59.00;60.65;0.00;09.01.2024;21
"0502";"10061";"1008113";"1";6.400;129.00;121.10;0.00;09.01.2024;21
"0502";"10062";"3065145";"2";8.100;59.00;200.76;0.00;09.01.2024;21
"0502";"10063";"6002625";"5";7.120;59.00;300.96;0.00;09.01.2024;21
"0502";"10001";"6002149";"6";5.400;399.00;142.32;538.70;04.01.2024;21
"0502";"10001";"6002150";"4";13.500;399.00;173.89;1346.60;04.01.2024;21
"0502";"10036";"5301528";";";13.500;859.00;204.25;3479.00;08.01.2024;21
"0502";"10023";"6004257";"1";3.000;299.00;100.50;224.30;04.01.2024;21
