;1;90011-2023;5;10;2023-01-06
;1;90016-2023;5;1;2023-01-06
;1;31378-2023;25;1;2023-01-06
;1;10017-2023;25;3;2023-01-06
;1;10018-2023;25;3;2023-01-06
;1;10067-2023;10;2;2023-01-09
;1;90027-2023;16;13;2023-01-09
;1;90041-2023;15;13;2023-01-09
;1;90025-2023;13;8;2023-01-09
;1;10253-2023;16;3;2023-01-09
;1;10187-2023;10;2;2023-01-09
;1;10270-2023;15;6;2023-01-10
;1;10145-2023;15;8;2023-01-10
;1;10220-2023;15;5;2023-01-10
;1;10296-2023;9;1;2023-01-10
;1;10179-2023;9;5;2023-01-10
;1;10177-2023;9;2;2023-01-10
;1;10163-2023;14;3;2023-01-10
;1;90026-2023;9;7;2023-01-10
;1;10277-2023;16;5;2023-01-10
;1;90031-2023;13;7;2023-01-10
;1;90042-2023;16;9;2023-01-10
;1;90030-2023;16;13;2023-01-11
;1;10338-2023;16;4;2023-01-11
;1;10230-2023;15;6;2023-01-11
;1;10335-2023;16;1;2023-01-11
;1;10336-2023;10;1;2023-01-11
;1;10166-2023;13;10;2023-01-11
;1;10211-2023;23;3;2023-01-11
;1;10124-2023;16;3;2023-01-11
;1;10266-2023;10;3;2023-01-11
;1;10233-2023;14;6;2023-01-11
;1;10032-2023;16;5;2023-01-11
;1;10223-2023;10;1;2023-01-11
;1;10132-2023;10;2;2023-01-11
;1;90028-2023;15;17;2023-01-11
;1;10111-2023;10;1;2023-01-11
;1;10349-2023;10;2;2023-01-11
;1;10370-2023;19;9;2023-01-16
;1;10400-2023;5;3;2023-01-16
;1;10447-2023;20;3;2023-01-16
;1;90060-2023;20;11;2023-01-16
;1;90064-2023;17;6;2023-01-16
;1;10425-2023;25;4;2023-01-17
;1;10542-2023;3;5;2023-01-17
;1;90075-2023;17;2;2023-01-17
;1;10519-2023;12;4;2023-01-17
;1;10520-2023;12;4;2023-01-17
;1;90072-2023;20;11;2023-01-17
;1;10569-2023;5;1;2023-01-17
;1;10515-2023;25;6;2023-01-17
;1;10560-2023;25;3;2023-01-17
;1;10588-2023;25;6;2023-01-17
;1;10482-2023;17;8;2023-01-17
;1;10566-2023;17;5;2023-01-17
;1;10514-2023;5;2;2023-01-17
;1;10518-2023;5;1;2023-01-17
;1;90077-2023;17;11;2023-01-19
;1;10527-2023;3;4;2023-01-19
;1;10535-2023;3;5;2023-01-19
;1;10577-2023;25;11;2023-01-19
;1;90141-2023;25;5;2023-01-20
;1;90103-2023;5;2;2023-01-20
;1;10654-2023;5;1;2023-01-20
;1;10618-2023;17;3;2023-01-20
;1;10641-2023;3;6;2023-01-20
;1;10165-2023;20;3;2023-01-20
;1;10653-2023;5;1;2023-01-20
;1;10621-2023;12;4;2023-01-20
;1;10684-2023;19;6;2023-01-20
;1;90147-2023;5;2;2023-01-20
;1;90140-2023;23;7;2023-01-25
;1;10864-2023;14;1;2023-01-25
;1;10373-2023;10;3;2023-01-25
;1;10706-2023;14;5;2023-01-25
;1;10783-2023;9;3;2023-01-25
;1;90130-2023;16;10;2023-01-25
;1;10738-2023;14;1;2023-01-25
;1;10846-2023;10;1;2023-01-25
;1;10802-2023;10;1;2023-01-25
;1;10801-2023;23;5;2023-01-25
;1;10489-2023;9;3;2023-01-25
;1;90187-2023;22;9;2023-01-27
;1;10987-2023;15;4;2023-01-27
;1;10988-2023;22;5;2023-01-27
;1;10927-2023;22;3;2023-01-27
;1;90190-2023;23;1;2023-01-27
;1;10847-2023;23;5;2023-01-27
;1;10721-2023;17;5;2023-01-30
;1;10851-2023;4;4;2023-01-30
;1;10935-2023;3;5;2023-01-30
;1;10872-2023;19;6;2023-01-30
;1;11037-2023;19;4;2023-01-30
;1;10889-2023;25;7;2023-01-30
;1;10885-2023;5;1;2023-01-30
;1;10993-2023;25;5;2023-01-30
;1;11006-2023;3;1;2023-01-30
;1;10780-2023;19;1;2023-01-30
;1;10887-2023;3;6;2023-01-30
;1;10827-2023;4;2;2023-01-30
;1;10826-2023;4;4;2023-01-30
;1;10837-2023;4;1;2023-01-30
;1;10952-2023;25;2;2023-01-30
;1;10434-2023;4;6;2023-01-30
;1;11068-2023;3;1;2023-01-30
;1;90149-2023;4;7;2023-02-02
;1;11154-2023;3;3;2023-02-02
;1;11136-2023;3;2;2023-02-02
;1;90275-2023;25;17;2023-02-02
;1;11160-2023;25;1;2023-02-02
;1;11066-2023;17;10;2023-02-02
;1;11197-2023;17;2;2023-02-02
;1;90321-2023;4;2;2023-02-02
;1;10945-2023;3;1;2023-02-03
;1;90298-2023;17;13;2023-02-03
;1;11232-2023;20;2;2023-02-03
;1;11177-2023;25;1;2023-02-03
;1;11212-2023;19;3;2023-02-03
;1;11208-2023;17;5;2023-02-03
;1;11185-2023;25;3;2023-02-03
;1;11090-2023;4;5;2023-02-03
;1;10687-2023;19;4;2023-02-03
;1;11200-2023;19;9;2023-02-03
;1;10923-2023;3;6;2023-02-03
;1;90295-2023;25;8;2023-02-03
;1;11233-2023;4;5;2023-02-03
;1;11119-2023;20;2;2023-02-03
;1;10168-2023;25;2;2023-02-03
;1;90371-2023;17;2;2023-02-03
;1;90368-2023;17;4;2023-02-03
;1;90410-2023;15;12;2023-02-08
;1;11353-2023;6;11;2023-02-08
;1;11392-2023;10;4;2023-02-08
;1;11368-2023;15;5;2023-02-08
;1;90391-2023;14;8;2023-02-08
;1;90393-2023;6;8;2023-02-09
;1;90431-2023;14;7;2023-02-09
;1;11393-2023;14;9;2023-02-09
;1;11422-2023;16;4;2023-02-09
;1;11385-2023;22;7;2023-02-09
;1;11396-2023;6;2;2023-02-10
;1;90423-2023;23;17;2023-02-10
;1;90428-2023;23;7;2023-02-10
;1;11380-2023;10;1;2023-02-10
;1;11401-2023;6;9;2023-02-10
;1;11183-2023;14;2;2023-02-10
;1;11423-2023;10;5;2023-02-10
;1;11394-2023;16;2;2023-02-10
;1;11453-2023;22;7;2023-02-10
;1;11413-2023;23;6;2023-02-10
;1;90400-2023;22;6;2023-02-10
;1;11459-2023;10;2;2023-02-10
;1;11176-2023;15;5;2023-02-10
;1;11470-2023;10;3;2023-02-10
;1;11403-2023;10;1;2023-02-10
;1;11363-2023;6;2;2023-02-10
;1;11342-2023;6;7;2023-02-10
;1;11446-2023;22;2;2023-02-10
;1;90416-2023;23;3;2023-02-10
;1;90486-2023;17;7;2023-02-15
;1;11560-2023;12;2;2023-02-15
;1;11622-2023;20;2;2023-02-15
;1;11438-2023;20;9;2023-02-15
;1;11615-2023;3;1;2023-02-15
;1;11540-2023;4;5;2023-02-15
;1;11552-2023;3;2;2023-02-15
;1;11648-2023;3;1;2023-02-15
;1;11608-2023;3;2;2023-02-15
;1;11641-2023;17;2;2023-02-15
;1;11575-2023;19;4;2023-02-15
;1;11596-2023;25;1;2023-02-15
;1;90434-2023;4;12;2023-02-17
;1;90534-2023;4;15;2023-02-17
;1;11662-2023;25;7;2023-02-17
;1;11389-2023;25;9;2023-02-17
;1;90498-2023;12;3;2023-02-17
;1;11755-2023;5;1;2023-02-17
;1;11473-2023;3;10;2023-02-17
;1;11733-2023;5;1;2023-02-17
;1;90497-2023;19;6;2023-02-17
;1;90512-2023;17;12;2023-02-17
;1;11371-2023;25;2;2023-02-17
;1;11649-2023;17;7;2023-02-17
;1;90495-2023;4;4;2023-02-17
;1;90509-2023;15;5;2023-02-20
;1;11561-2023;9;9;2023-02-20
;1;11742-2023;9;2;2023-02-20
;1;11337-2023;9;6;2023-02-20
;1;11338-2023;9;7;2023-02-20
;1;11335-2023;9;5;2023-02-20
;1;11816-2023;9;3;2023-02-20
;1;90520-2023;6;7;2023-02-20
;1;90518-2023;16;7;2023-02-20
;1;11738-2023;15;3;2023-02-20
;1;90535-2023;15;11;2023-02-20
;1;90499-2023;13;6;2023-02-20
;1;11775-2023;15;1;2023-02-20
;1;11404-2023;9;2;2023-02-21
;1;11627-2023;14;10;2023-02-21
;1;11718-2023;6;4;2023-02-21
;1;11832-2023;6;2;2023-02-21
;1;90525-2023;13;3;2023-02-21
;1;11828-2023;15;2;2023-02-21
;1;11824-2023;22;2;2023-02-21
;1;11677-2023;9;3;2023-02-21
;1;11746-2023;6;1;2023-02-21
;1;90539-2023;10;5;2023-02-22
;1;11903-2023;15;3;2023-02-22
;1;90544-2023;13;12;2023-02-22
;1;11888-2023;15;1;2023-02-22
;1;11920-2023;15;4;2023-02-22
;1;11801-2023;15;6;2023-02-22
;1;11865-2023;22;6;2023-02-22
;1;90557-2023;10;1;2023-02-22
;1;90561-2023;14;13;2023-02-23
;1;11779-2023;22;2;2023-02-23
;1;11924-2023;13;3;2023-02-23
;1;12011-2023;14;1;2023-02-24
;1;11998-2023;15;2;2023-02-24
;1;12004-2023;23;1;2023-02-24
;1;12006-2023;13;1;2023-02-24
;1;11760-2023;23;2;2023-02-24
;1;11517-2023;13;2;2023-02-24
;1;11962-2023;15;1;2023-02-24
;1;11936-2023;23;1;2023-02-24
;1;90598-2023;12;9;2023-02-28
;1;12186-2023;20;4;2023-03-01
;1;12161-2023;4;1;2023-03-01
;1;90601-2023;19;3;2023-03-01
;1;12219-2023;3;3;2023-03-01
;1;90600-2023;25;8;2023-03-01
;1;12128-2023;12;2;2023-03-01
;1;90603-2023;19;4;2023-03-02
;1;12132-2023;25;10;2023-03-02
;1;11884-2023;3;3;2023-03-02
;1;12240-2023;25;1;2023-03-02
;1;90605-2023;20;4;2023-03-02
;1;12233-2023;25;5;2023-03-03
;1;12093-2023;4;2;2023-03-03
;1;90636-2023;14;6;2023-03-07
;1;90642-2023;14;1;2023-03-07
;1;12363-2023;22;2;2023-03-07
;1;11814-2023;22;1;2023-03-07
;1;90637-2023;9;10;2023-03-07
;1;12076-2023;10;1;2023-03-07
;1;90627-2023;6;7;2023-03-07
;1;12377-2023;16;1;2023-03-07
;1;12271-2023;16;14;2023-03-07
;1;12333-2023;23;1;2023-03-07
;1;12447-2023;6;1;2023-03-08
;1;90643-2023;14;5;2023-03-08
;1;12255-2023;9;7;2023-03-08
;1;12427-2023;10;5;2023-03-08
;1;12187-2023;16;6;2023-03-08
;1;90647-2023;22;12;2023-03-08
;1;12091-2023;16;2;2023-03-08
;1;11715-2023;16;1;2023-03-08
;1;12521-2023;16;7;2023-03-10
;1;12560-2023;9;3;2023-03-10
;1;12496-2023;14;1;2023-03-10
;1;12522-2023;9;8;2023-03-10
;1;12364-2023;16;2;2023-03-10
;1;90660-2023;23;7;2023-03-10
;1;90678-2023;16;10;2023-03-10
;1;90657-2023;15;4;2023-03-10
;1;12491-2023;16;1;2023-03-10
;1;12494-2023;16;3;2023-03-10
;1;12503-2023;16;5;2023-03-10
;1;90663-2023;14;1;2023-03-10
;1;90719-2023;6;14;2023-03-20
;1;12603-2023;23;1;2023-03-20
;1;12744-2023;15;5;2023-03-20
;1;90728-2023;13;11;2023-03-20
;1;12743-2023;13;3;2023-03-20
;1;12808-2023;13;1;2023-03-20
;1;12763-2023;14;2;2023-03-20
;1;12764-2023;22;1;2023-03-20
;1;11429-2023;22;3;2023-03-20
;1;12732-2023;16;2;2023-03-20
;1;12665-2023;15;3;2023-03-20
;1;12776-2023;16;6;2023-03-20
;1;12677-2023;22;4;2023-03-20
;1;12827-2023;16;1;2023-03-20
;1;12777-2023;23;1;2023-03-22
;1;11838-2023;23;3;2023-03-22
;1;12750-2023;23;3;2023-03-22
;1;12679-2023;9;7;2023-03-22
;1;12739-2023;9;1;2023-03-22
;1;90730-2023;16;22;2023-03-22
;1;90766-2023;16;1;2023-03-22
;1;12800-2023;15;4;2023-03-22
;1;12874-2023;15;1;2023-03-22
;1;12747-2023;22;6;2023-03-22
;1;90851-2023;19;13;2023-03-27
;1;90834-2023;12;28;2023-03-27
;1;12906-2023;3;7;2023-03-27
;1;12940-2023;3;6;2023-03-27
;1;90829-2023;20;10;2023-03-27
;1;11498-2023;3;4;2023-03-27
;1;13032-2023;3;4;2023-03-27
;1;12967-2023;3;9;2023-03-27
;1;90853-2023;4;4;2023-03-27
;1;90852-2023;4;6;2023-03-27
;1;13077-2023;12;5;2023-03-27
;1;90820-2023;17;8;2023-03-27
;1;90862-2023;20;5;2023-03-28
;1;90861-2023;20;6;2023-03-28
;1;90838-2023;19;7;2023-03-28
;1;13082-2023;4;2;2023-03-28
;1;12993-2023;12;4;2023-03-28
;1;12948-2023;17;3;2023-03-28
;1;13023-2023;3;7;2023-03-28
;1;90866-2023;20;1;2023-03-28
;1;13125-2023;3;1;2023-03-29
;1;12945-2023;12;2;2023-03-29
;1;90840-2023;19;12;2023-03-29
;1;13161-2023;17;5;2023-03-29
;1;13116-2023;20;1;2023-03-29
;1;12960-2023;3;4;2023-03-29
;1;13022-2023;4;3;2023-03-29
;1;11938-2023;4;9;2023-03-31
;1;13251-2023;19;2;2023-03-31
;1;13169-2023;20;2;2023-03-31
;1;13047-2023;13;7;2023-04-03
;1;90849-2023;23;16;2023-04-03
;1;13287-2023;22;1;2023-04-03
;1;13052-2023;22;13;2023-04-03
;1;13192-2023;22;4;2023-04-03
;1;13398-2023;9;2;2023-04-06
;1;13362-2023;15;11;2023-04-06
;1;13305-2023;15;2;2023-04-06
;1;13321-2023;23;5;2023-04-06
;1;13369-2023;6;3;2023-04-06
;1;13337-2023;22;7;2023-04-06
;1;13244-2023;23;4;2023-04-06
;1;13371-2023;14;4;2023-04-06
;1;13291-2023;13;8;2023-04-06
;1;13388-2023;10;2;2023-04-06
;1;13178-2023;10;1;2023-04-06
;1;13210-2023;14;3;2023-04-06
;1;13361-2023;9;4;2023-04-06
;1;13034-2023;14;4;2023-04-06
;1;13393-2023;22;2;2023-04-06
;1;13207-2023;10;2;2023-04-06
;1;13336-2023;6;6;2023-04-06
;1;13370-2023;25;4;2023-04-13
;1;13518-2023;12;5;2023-04-13
;1;90960-2023;12;8;2023-04-13
;1;91006-2023;20;6;2023-04-13
;1;90959-2023;25;10;2023-04-13
;1;90980-2023;25;2;2023-04-13
;1;13539-2023;25;2;2023-04-14
;1;13389-2023;19;5;2023-04-14
;1;13517-2023;17;1;2023-04-14
;1;91011-2023;12;11;2023-04-14
;1;91012-2023;12;2;2023-04-14
;1;13641-2023;19;1;2023-04-14
;1;13410-2023;4;6;2023-04-14
;1;13523-2023;4;1;2023-04-14
;1;13647-2023;25;2;2023-04-14
;1;91013-2023;20;4;2023-04-14
;1;13577-2023;20;1;2023-04-14
;1;13616-2023;25;3;2023-04-14
;1;90958-2023;20;3;2023-04-14
;1;91017-2023;20;2;2023-04-14
;1;91015-2023;22;11;2023-04-17
;1;91025-2023;22;2;2023-04-17
;1;13610-2023;14;7;2023-04-17
;1;91050-2023;9;13;2023-04-18
;1;90978-2023;9;5;2023-04-18
;1;91058-2023;14;10;2023-04-19
;1;91059-2023;14;2;2023-04-19
;1;91002-2023;14;1;2023-04-19
;1;13687-2023;14;1;2023-04-19
;1;13703-2023;15;4;2023-04-19
;1;13563-2023;10;2;2023-04-19
;1;13756-2023;10;1;2023-04-19
;1;13708-2023;13;3;2023-04-19
;1;13612-2023;16;10;2023-04-19
;1;13645-2023;22;7;2023-04-19
;1;13463-2023;9;6;2023-04-19
;1;13679-2023;9;11;2023-04-19
;1;13587-2023;14;2;2023-04-19
;1;91103-2023;9;16;2023-04-21
;1;91104-2023;9;4;2023-04-21
;1;13596-2023;9;7;2023-04-21
;1;91143-2023;17;8;2023-04-26
;1;91096-2023;20;11;2023-04-26
;1;13934-2023;12;4;2023-04-26
;1;13818-2023;19;5;2023-04-26
;1;13998-2023;12;1;2023-04-26
;1;13919-2023;12;2;2023-04-26
;1;13807-2023;3;1;2023-04-26
;1;13927-2023;19;1;2023-04-26
;1;13921-2023;25;2;2023-04-26
;1;13937-2023;12;1;2023-04-26
;1;13776-2023;25;4;2023-04-26
;1;13913-2023;3;6;2023-04-26
;1;13863-2023;4;3;2023-04-26
;1;13916-2023;25;2;2023-04-26
;1;91133-2023;5;2;2023-04-26
;1;13961-2023;6;2;2023-05-02
;1;14201-2023;14;2;2023-05-02
;1;13683-2023;13;2;2023-05-02
;1;14159-2023;22;1;2023-05-02
;1;13784-2023;6;4;2023-05-02
;1;14063-2023;13;3;2023-05-02
;1;14203-2023;13;2;2023-05-02
;1;14122-2023;14;5;2023-05-02
;1;14062-2023;14;2;2023-05-02
;1;14211-2023;13;7;2023-05-02
;1;14107-2023;13;2;2023-05-02
;1;13896-2023;14;4;2023-05-02
;1;13614-2023;23;3;2023-05-02
;1;14126-2023;15;1;2023-05-02
;1;14031-2023;15;2;2023-05-02
;1;13892-2023;16;2;2023-05-02
;1;13731-2023;16;3;2023-05-02
;1;14093-2023;9;2;2023-05-02
;1;13891-2023;9;1;2023-05-02
;1;14280-2023;22;4;2023-05-05
;1;14059-2023;6;5;2023-05-05
;1;14161-2023;22;7;2023-05-05
;1;13899-2023;15;4;2023-05-05
;1;14147-2023;15;3;2023-05-05
;1;14000-2023;6;3;2023-05-05
;1;14376-2023;6;2;2023-05-05
;1;13966-2023;15;5;2023-05-05
;1;14238-2023;13;1;2023-05-05
;1;14307-2023;16;2;2023-05-05
;1;14564-2023;10;3;2023-05-15
;1;14574-2023;13;2;2023-05-15
;1;91290-2023;22;5;2023-05-15
;1;90879-2023;22;8;2023-05-15
;1;14630-2023;10;3;2023-05-15
;1;14565-2023;9;5;2023-05-15
;1;14515-2023;9;1;2023-05-15
;1;14578-2023;9;3;2023-05-15
;1;14531-2023;10;3;2023-05-15
;1;14654-2023;6;3;2023-05-15
;1;14374-2023;15;7;2023-05-15
;1;14430-2023;10;2;2023-05-15
;1;91345-2023;13;14;2023-05-18
;1;91346-2023;13;1;2023-05-18
;1;91334-2023;13;2;2023-05-18
;1;14644-2023;6;11;2023-05-18
;1;14660-2023;16;4;2023-05-18
;1;91298-2023;22;9;2023-05-18
;1;91335-2023;22;2;2023-05-18
;1;91250-2023;22;1;2023-05-18
;1;91343-2023;9;16;2023-05-18
;1;91332-2023;9;2;2023-05-18
;1;14631-2023;9;2;2023-05-18
;1;91314-2023;14;17;2023-05-18
;1;91175-2023;14;3;2023-05-18
;1;91331-2023;14;2;2023-05-18
;1;14286-2023;15;5;2023-05-18
;1;14758-2023;23;4;2023-05-19
;1;91342-2023;23;9;2023-05-19
;1;91344-2023;23;2;2023-05-19
;1;91329-2023;15;6;2023-05-19
;1;14656-2023;22;6;2023-05-19
;1;14825-2023;22;1;2023-05-19
;1;14804-2023;15;1;2023-05-19
;1;14819-2023;6;1;2023-05-19
;1;14806-2023;22;2;2023-05-19
;1;14800-2023;16;2;2023-05-19
;1;14777-2023;16;6;2023-05-19
;1;14661-2023;16;5;2023-05-19
;1;14791-2023;16;5;2023-05-19
;1;14839-2023;14;1;2023-05-19
;1;14790-2023;16;1;2023-05-19
;1;14840-2023;14;1;2023-05-19
;1;91404-2023;19;1;2023-05-23
;1;91371-2023;19;6;2023-05-23
;1;91409-2023;19;4;2023-05-24
;1;91408-2023;19;8;2023-05-24
;1;91354-2023;19;5;2023-05-24
;1;14969-2023;12;5;2023-05-24
;1;91403-2023;17;13;2023-05-24
;1;91407-2023;17;3;2023-05-24
;1;14622-2023;25;1;2023-05-24
;1;14813-2023;25;7;2023-05-24
;1;91348-2023;3;3;2023-05-24
;1;91351-2023;3;5;2023-05-24
;1;91419-2023;17;2;2023-05-24
;1;14976-2023;20;2;2023-05-25
;1;14898-2023;20;3;2023-05-25
;1;91389-2023;3;5;2023-05-25
;1;91357-2023;3;5;2023-05-25
;1;14785-2023;19;2;2023-05-25
;1;14929-2023;25;11;2023-05-25
;1;15048-2023;25;1;2023-05-25
;1;91387-2023;20;4;2023-05-25
;1;91353-2023;20;5;2023-05-25
;1;91399-2023;17;4;2023-05-26
;1;14896-2023;12;2;2023-05-26
;1;91431-2023;25;7;2023-05-26
;1;15032-2023;19;3;2023-05-26
;1;91397-2023;4;6;2023-05-26
;1;91400-2023;4;1;2023-05-26
;1;14934-2023;14;9;2023-05-29
;1;14931-2023;15;1;2023-05-29
;1;14202-2023;9;7;2023-05-29
;1;14717-2023;15;6;2023-05-29
;1;14958-2023;6;5;2023-05-29
;1;15093-2023;22;3;2023-05-29
;1;15078-2023;14;1;2023-05-29
;1;15089-2023;23;2;2023-05-29
;1;14876-2023;14;2;2023-05-29
;1;14965-2023;22;1;2023-05-29
;1;14937-2023;14;2;2023-05-29
;1;15081-2023;10;1;2023-05-29
;1;15056-2023;10;2;2023-05-29
;1;14420-2023;13;3;2023-05-29
;1;14056-2023;13;2;2023-05-29
;1;14491-2023;15;2;2023-05-29
;1;91454-2023;16;3;2023-05-29
;1;91494-2023;6;3;2023-05-31
;1;91464-2023;6;6;2023-05-31
;1;91495-2023;6;1;2023-05-31
;1;15063-2023;22;12;2023-06-01
;1;15202-2023;23;1;2023-06-01
;1;91497-2023;15;3;2023-06-01
;1;91469-2023;15;13;2023-06-01
;1;15103-2023;23;1;2023-06-01
;1;14985-2023;22;3;2023-06-01
;1;14389-2023;9;8;2023-06-01
;1;14700-2023;13;3;2023-06-01
;1;15178-2023;13;3;2023-06-01
;1;14900-2023;9;1;2023-06-01
;1;15179-2023;9;1;2023-06-01
;1;91429-2023;6;10;2023-06-01
;1;91193-2023;6;1;2023-06-01
;1;91499-2023;23;5;2023-06-02
;1;91501-2023;23;1;2023-06-02
;1;91471-2023;23;1;2023-06-02
;1;15154-2023;16;2;2023-06-02
;1;14766-2023;6;2;2023-06-02
;1;15146-2023;15;1;2023-06-02
;1;15296-2023;16;1;2023-06-02
;1;14184-2023;16;4;2023-06-02
;1;15060-2023;23;3;2023-06-02
;1;91498-2023;15;10;2023-06-02
;1;91478-2023;15;1;2023-06-02
;1;15237-2023;9;4;2023-06-02
;1;14218-2023;6;6;2023-06-02
;1;15204-2023;22;6;2023-06-02
;1;15066-2023;14;2;2023-06-02
;1;15277-2023;16;2;2023-06-02
;1;14789-2023;9;3;2023-06-02
;1;14982-2023;9;2;2023-06-02
;1;91496-2023;14;11;2023-06-02
;1;91476-2023;14;1;2023-06-02
;1;91550-2023;20;8;2023-06-07
;1;15336-2023;3;2;2023-06-07
;1;15276-2023;12;4;2023-06-07
;1;15386-2023;12;1;2023-06-07
;1;15406-2023;17;10;2023-06-08
;1;15441-2023;17;1;2023-06-08
;1;91565-2023;3;4;2023-06-08
;1;91490-2023;3;3;2023-06-08
;1;91570-2023;3;1;2023-06-08
;1;15256-2023;19;3;2023-06-08
;1;15424-2023;19;7;2023-06-08
;1;15433-2023;4;2;2023-06-08
;1;91558-2023;25;11;2023-06-08
;1;91564-2023;25;5;2023-06-08
;1;91576-2023;19;9;2023-06-09
;1;91443-2023;19;2;2023-06-09
;1;91577-2023;25;13;2023-06-09
;1;91445-2023;25;2;2023-06-09
;1;91440-2023;25;3;2023-06-09
;1;91442-2023;25;2;2023-06-09
;1;15481-2023;4;1;2023-06-09
;1;15049-2023;19;5;2023-06-09
;1;91547-2023;3;4;2023-06-09
;1;91441-2023;3;2;2023-06-09
;1;15485-2023;3;1;2023-06-09
;1;15348-2023;17;1;2023-06-09
;1;15487-2023;17;1;2023-06-09
;1;15532-2023;14;4;2023-06-12
;1;15396-2023;9;3;2023-06-12
;1;15351-2023;16;5;2023-06-12
;1;15534-2023;10;2;2023-06-12
;1;15448-2023;23;6;2023-06-12
;1;15315-2023;13;4;2023-06-12
;1;15470-2023;16;2;2023-06-12
;1;15410-2023;9;1;2023-06-12
;1;15397-2023;22;6;2023-06-12
;1;15456-2023;10;1;2023-06-12
;1;15527-2023;10;2;2023-06-12
;1;15325-2023;23;9;2023-06-12
;1;15466-2023;6;3;2023-06-15
;1;15627-2023;6;7;2023-06-15
;1;91622-2023;16;5;2023-06-15
;1;91592-2023;16;1;2023-06-15
;1;15578-2023;6;3;2023-06-15
;1;15505-2023;14;10;2023-06-15
;1;15619-2023;23;4;2023-06-15
;1;91620-2023;9;5;2023-06-15
;1;14081-2023;6;3;2023-06-15
;1;91621-2023;13;11;2023-06-15
;1;91630-2023;13;1;2023-06-15
;1;91641-2023;22;9;2023-06-15
;1;91640-2023;22;4;2023-06-15
;1;91650-2023;22;1;2023-06-15
;1;15328-2023;14;15;2023-06-16
;1;15674-2023;16;10;2023-06-16
;1;15697-2023;16;5;2023-06-16
;1;14124-2023;9;4;2023-06-16
;1;15615-2023;14;3;2023-06-16
;1;15696-2023;9;1;2023-06-16
;1;15497-2023;22;2;2023-06-16
;1;15724-2023;6;1;2023-06-16
;1;15630-2023;16;2;2023-06-16
;1;15543-2023;16;8;2023-06-16
;1;91645-2023;9;12;2023-06-16
;1;91660-2023;9;4;2023-06-16
;1;15730-2023;14;5;2023-06-16
;1;15649-2023;16;4;2023-06-16
;1;15699-2023;22;1;2023-06-16
;1;15671-2023;16;5;2023-06-16
;1;15599-2023;6;3;2023-06-16
;1;15828-2023;17;3;2023-06-21
;1;15809-2023;20;1;2023-06-21
;1;15760-2023;3;4;2023-06-21
;1;91697-2023;19;21;2023-06-21
;1;91680-2023;19;18;2023-06-21
;1;15797-2023;20;1;2023-06-21
;1;15855-2023;19;2;2023-06-21
;1;91709-2023;19;9;2023-06-22
;1;91710-2023;19;1;2023-06-22
;1;15680-2023;20;3;2023-06-22
;1;15751-2023;3;14;2023-06-22
;1;15342-2023;3;3;2023-06-22
;1;15080-2023;12;1;2023-06-22
;1;15853-2023;20;1;2023-06-22
;1;15798-2023;12;1;2023-06-22
;1;91667-2023;20;21;2023-06-22
;1;91720-2023;20;1;2023-06-22
;1;15807-2023;19;1;2023-06-22
;1;15653-2023;20;1;2023-06-22
;1;15756-2023;17;1;2023-06-22
;1;15903-2023;3;1;2023-06-22
;1;15792-2023;20;2;2023-06-22
;1;91352-2023;19;5;2023-06-22
;1;91721-2023;12;7;2023-06-23
;1;91718-2023;3;8;2023-06-23
;1;15785-2023;17;7;2023-06-23
;1;15567-2023;17;2;2023-06-23
;1;15718-2023;12;10;2023-06-23
;1;15104-2023;3;9;2023-06-23
;1;15924-2023;12;1;2023-06-23
;1;15761-2023;20;9;2023-06-23
;1;15690-2023;17;2;2023-06-23
;1;15919-2023;20;7;2023-06-23
;1;15803-2023;17;4;2023-06-23
;1;15891-2023;3;1;2023-06-23
;1;15856-2023;20;1;2023-06-23
;1;15938-2023;20;1;2023-06-23
;1;15714-2023;20;2;2023-06-23
;1;15638-2023;20;1;2023-06-23
;1;15616-2023;19;4;2023-06-23
;1;15793-2023;12;7;2023-06-23
;1;15874-2023;20;1;2023-06-23
;1;91801-2023;14;3;2023-06-29
;1;91791-2023;14;11;2023-06-29
;1;16019-2023;9;2;2023-06-29
;1;91746-2023;9;9;2023-06-29
;1;16024-2023;14;2;2023-06-29
;1;91795-2023;13;6;2023-06-29
;1;16065-2023;9;2;2023-06-29
;1;91797-2023;16;14;2023-06-30
;1;91692-2023;16;4;2023-06-30
;1;91799-2023;16;4;2023-06-30
;1;16109-2023;6;3;2023-06-30
;1;15895-2023;13;4;2023-06-30
;1;16037-2023;13;3;2023-06-30
;1;16036-2023;13;1;2023-06-30
;1;16040-2023;13;1;2023-06-30
;1;16032-2023;14;3;2023-06-30
;1;16068-2023;9;4;2023-06-30
;1;91796-2023;15;13;2023-06-30
;1;16033-2023;6;3;2023-06-30
;1;15794-2023;6;8;2023-06-30
;1;16069-2023;3;12;2023-07-04
;1;16074-2023;3;1;2023-07-04
;1;91852-2023;25;10;2023-07-04
;1;91814-2023;25;4;2023-07-04
;1;16182-2023;25;1;2023-07-04
;1;16233-2023;25;1;2023-07-04
;1;91848-2023;20;24;2023-07-04
;1;91849-2023;20;2;2023-07-04
;1;16249-2023;25;1;2023-07-04
;1;16238-2023;25;1;2023-07-04
;1;16237-2023;19;1;2023-07-04
;1;91854-2023;19;10;2023-07-04
;1;91885-2023;19;1;2023-07-04
;1;15993-2023;25;6;2023-07-07
;1;16231-2023;19;1;2023-07-07
;1;16262-2023;19;1;2023-07-07
;1;91857-2023;20;17;2023-07-07
;1;91894-2023;20;2;2023-07-07
;1;91196-2023;20;6;2023-07-07
;1;91908-2023;20;3;2023-07-07
;1;16298-2023;20;1;2023-07-07
;1;16049-2023;19;3;2023-07-07
;1;16193-2023;17;2;2023-07-07
;1;16276-2023;20;2;2023-07-07
;1;16083-2023;25;3;2023-07-07
;1;16272-2023;4;7;2023-07-07
;1;16090-2023;25;5;2023-07-07
;1;15977-2023;4;2;2023-07-07
;1;16207-2023;25;1;2023-07-07
;1;15877-2023;25;2;2023-07-07
;1;15986-2023;25;1;2023-07-07
;1;16200-2023;25;1;2023-07-07
;1;91954-2023;22;6;2023-07-11
;1;91971-2023;22;1;2023-07-11
;1;16345-2023;15;6;2023-07-11
;1;16320-2023;22;3;2023-07-11
;1;91967-2023;15;6;2023-07-11
;1;91975-2023;15;1;2023-07-11
;1;16271-2023;13;2;2023-07-11
;1;16314-2023;6;10;2023-07-11
;1;16422-2023;16;4;2023-07-11
;1;91972-2023;16;1;2023-07-11
;1;91956-2023;16;5;2023-07-11
;1;91781-2023;16;3;2023-07-11
;1;16413-2023;9;2;2023-07-11
;1;16423-2023;16;1;2023-07-11
;1;16216-2023;6;6;2023-07-11
;1;15974-2023;6;5;2023-07-12
;1;16311-2023;15;3;2023-07-12
;1;16214-2023;9;5;2023-07-12
;1;16474-2023;9;5;2023-07-12
;1;15622-2023;16;4;2023-07-12
;1;15669-2023;15;7;2023-07-12
;1;15963-2023;15;1;2023-07-12
;1;16194-2023;9;3;2023-07-12
;1;16415-2023;16;2;2023-07-12
;1;16387-2023;16;6;2023-07-12
;1;16282-2023;6;14;2023-07-12
;1;16089-2023;16;4;2023-07-12
;1;16270-2023;6;3;2023-07-12
;1;16380-2023;3;12;2023-07-17
;1;16529-2023;3;2;2023-07-17
;1;16429-2023;4;9;2023-07-17
;1;16450-2023;19;3;2023-07-17
;1;16389-2023;12;2;2023-07-17
;1;16452-2023;25;6;2023-07-17
;1;16391-2023;12;4;2023-07-17
;1;16478-2023;19;4;2023-07-17
;1;14343-2023;3;3;2023-07-18
;1;16534-2023;25;5;2023-07-18
;1;16511-2023;20;4;2023-07-18
;1;91730-2023;4;9;2023-07-18
;1;16675-2023;3;1;2023-07-19
;1;16634-2023;12;1;2023-07-19
;1;16046-2023;3;8;2023-07-19
;1;91968-2023;4;9;2023-07-19
;1;91963-2023;12;2;2023-07-19
;1;91950-2023;12;3;2023-07-19
;1;91964-2023;12;4;2023-07-19
;1;92058-2023;12;24;2023-07-20
;1;92080-2023;12;1;2023-07-20
;1;16578-2023;4;1;2023-07-20
;1;92061-2023;3;11;2023-07-20
;1;92077-2023;3;1;2023-07-20
;1;92062-2023;20;9;2023-07-20
;1;92078-2023;20;1;2023-07-20
;1;16527-2023;20;9;2023-07-20
;1;16630-2023;3;8;2023-07-20
;1;16317-2023;3;3;2023-07-20
;1;92063-2023;4;10;2023-07-20
;1;92081-2023;4;1;2023-07-20
;1;16628-2023;4;5;2023-07-20
;1;92069-2023;12;1;2023-07-20
;1;16468-2023;12;4;2023-08-03
;1;17145-2023;12;1;2023-08-03
;1;16982-2023;15;3;2023-08-07
;1;17111-2023;15;1;2023-08-07
;1;17153-2023;9;2;2023-08-07
;1;17194-2023;15;1;2023-08-07
;1;92201-2023;9;13;2023-08-07
;1;92286-2023;9;3;2023-08-07
;1;92185-2023;9;2;2023-08-07
;1;17196-2023;9;1;2023-08-07
;1;17124-2023;15;1;2023-08-07
;1;17138-2023;6;3;2023-08-07
;1;16902-2023;15;11;2023-08-07
;1;17106-2023;22;4;2023-08-07
;1;92299-2023;22;5;2023-08-07
;1;17087-2023;14;5;2023-08-07
;1;91913-2023;6;3;2023-08-10
;1;92366-2023;6;1;2023-08-10
;1;92380-2023;14;10;2023-08-10
;1;92348-2023;14;1;2023-08-10
;1;17293-2023;22;13;2023-08-10
;1;17269-2023;14;4;2023-08-10
;1;92351-2023;22;5;2023-08-10
;1;91838-2023;22;14;2023-08-10
;1;17212-2023;22;3;2023-08-10
;1;17265-2023;22;5;2023-08-10
;1;17207-2023;22;5;2023-08-11
;1;17318-2023;22;2;2023-08-11
;1;17200-2023;14;3;2023-08-11
;1;17299-2023;15;2;2023-08-11
;1;17323-2023;14;1;2023-08-11
;1;17300-2023;15;4;2023-08-11
;1;15848-2023;15;5;2023-08-11
;1;17029-2023;22;3;2023-08-11
;1;17301-2023;22;5;2023-08-11
;1;16647-2023;6;6;2023-08-11
;1;17267-2023;6;2;2023-08-11
;1;17459-2023;3;1;2023-08-16
;1;16809-2023;12;7;2023-08-16
;1;17389-2023;4;2;2023-08-16
;1;16662-2023;12;1;2023-08-16
;1;17161-2023;4;3;2023-08-16
;1;17457-2023;19;2;2023-08-16
;1;16750-2023;4;3;2023-08-16
;1;16748-2023;12;3;2023-08-16
;1;92451-2023;12;11;2023-08-16
;1;92452-2023;12;1;2023-08-16
;1;16099-2023;12;4;2023-08-16
;1;17256-2023;12;3;2023-08-16
;1;17159-2023;3;2;2023-08-16
;1;17464-2023;22;9;2023-08-21
;1;17353-2023;15;1;2023-08-21
;1;17479-2023;15;2;2023-08-21
;1;17550-2023;15;1;2023-08-21
;1;17447-2023;14;7;2023-08-21
;1;17461-2023;16;3;2023-08-21
;1;17554-2023;22;1;2023-08-21
;1;16978-2023;16;2;2023-08-21
;1;17556-2023;15;6;2023-08-21
;1;17616-2023;14;5;2023-08-23
;1;17672-2023;14;1;2023-08-23
;1;17508-2023;14;3;2023-08-23
;1;17522-2023;16;4;2023-08-23
;1;17637-2023;14;1;2023-08-23
;1;17664-2023;14;1;2023-08-23
;1;17521-2023;14;1;2023-08-23
;1;17475-2023;16;16;2023-08-23
;1;17531-2023;16;2;2023-08-23
;1;17483-2023;15;4;2023-08-23
;1;17534-2023;22;2;2023-08-23
;1;17615-2023;16;3;2023-08-23
;1;92572-2023;22;5;2023-08-25
;1;17597-2023;22;3;2023-08-25
;1;92560-2023;14;8;2023-08-25
;1;92556-2023;14;4;2023-08-25
;1;17423-2023;14;4;2023-08-25
;1;17693-2023;22;1;2023-08-25
;1;17560-2023;15;2;2023-08-25
;1;17571-2023;15;5;2023-08-25
;1;17697-2023;22;2;2023-08-25
;1;17722-2023;16;5;2023-08-25
;1;17716-2023;15;2;2023-08-25
;1;17251-2023;15;4;2023-08-25
;1;92554-2023;16;13;2023-08-25
;1;17690-2023;14;3;2023-08-25
;1;17238-2023;16;2;2023-08-25
;1;17519-2023;16;5;2023-08-25
;1;17766-2023;22;8;2023-08-30
;1;17718-2023;12;7;2023-08-30
;1;17754-2023;12;4;2023-08-30
;1;17205-2023;4;8;2023-08-30
;1;92594-2023;19;9;2023-08-30
;1;17818-2023;22;5;2023-08-30
;1;17777-2023;12;3;2023-08-30
;1;92635-2023;22;1;2023-08-30
;1;92633-2023;22;3;2023-08-30
;1;92626-2023;12;7;2023-08-30
;1;16782-2023;12;2;2023-08-30
;1;17839-2023;12;1;2023-08-30
;1;17893-2023;4;2;2023-09-01
;1;17891-2023;3;1;2023-09-01
;1;17837-2023;12;5;2023-09-01
;1;92651-2023;17;2;2023-09-01
;1;17862-2023;12;3;2023-09-01
;1;17921-2023;12;2;2023-09-01
;1;17832-2023;3;8;2023-09-01
;1;17846-2023;12;1;2023-09-01
;1;17772-2023;12;4;2023-09-01
;1;17773-2023;12;4;2023-09-01
;1;92649-2023;3;6;2023-09-01
;1;17892-2023;3;2;2023-09-01
;1;18003-2023;14;6;2023-09-07
;1;17986-2023;22;1;2023-09-07
;1;18060-2023;14;3;2023-09-07
;1;18005-2023;14;6;2023-09-07
;1;92707-2023;22;1;2023-09-07
;1;92732-2023;22;2;2023-09-07
;1;92729-2023;22;7;2023-09-07
;1;92730-2023;22;1;2023-09-07
;1;92737-2023;14;4;2023-09-08
;1;92743-2023;14;1;2023-09-08
;1;18063-2023;22;3;2023-09-08
;1;17869-2023;3;9;2023-09-08
;1;18087-2023;14;3;2023-09-08
;1;17888-2023;3;5;2023-09-08
;1;92735-2023;22;5;2023-09-08
;1;92195-2023;22;4;2023-09-08
;1;17960-2023;14;7;2023-09-08
;1;92778-2023;19;9;2023-09-12
;1;92759-2023;3;5;2023-09-13
;1;92785-2023;3;2;2023-09-13
;1;18175-2023;3;3;2023-09-13
;1;17780-2023;3;1;2023-09-13
;1;18160-2023;19;1;2023-09-13
;1;18141-2023;4;2;2023-09-13
;1;17750-2023;19;5;2023-09-13
;1;18148-2023;3;1;2023-09-13
;1;18135-2023;3;1;2023-09-13
;1;92757-2023;3;6;2023-09-13
;1;18162-2023;3;1;2023-09-13
;1;18176-2023;3;1;2023-09-13
;1;18118-2023;19;1;2023-09-13
;1;92862-2023;12;4;2023-09-20
;1;92843-2023;12;3;2023-09-20
;1;18305-2023;15;3;2023-09-20
;1;18251-2023;15;14;2023-09-21
;1;18248-2023;15;2;2023-09-21
;1;92834-2023;12;6;2023-09-21
;1;18287-2023;14;5;2023-09-21
;1;18347-2023;14;5;2023-09-21
;1;18288-2023;12;3;2023-09-21
;1;92879-2023;14;2;2023-09-21
;1;18331-2023;12;1;2023-09-22
;1;18322-2023;12;3;2023-09-22
;1;18335-2023;12;1;2023-09-22
;1;18245-2023;15;1;2023-09-22
;1;18223-2023;15;3;2023-09-22
;1;18308-2023;14;1;2023-09-22
;1;18281-2023;14;1;2023-09-22
;1;18448-2023;12;4;2023-09-27
;1;92936-2023;3;2;2023-09-27
;1;18447-2023;4;1;2023-09-27
;1;92909-2023;20;4;2023-09-27
;1;18455-2023;3;1;2023-09-27
;1;18262-2023;19;9;2023-09-29
;1;92935-2023;4;7;2023-09-29
;1;18395-2023;4;2;2023-09-29
;1;92901-2023;19;2;2023-09-29
;1;92968-2023;19;1;2023-09-29
;1;92963-2023;4;3;2023-09-29
;1;92222-2023;4;7;2023-09-29
;1;91483-2023;4;5;2023-09-29
;1;18393-2023;4;2;2023-09-29
;1;18382-2023;19;7;2023-09-29
;1;18426-2023;20;3;2023-09-29
;1;18361-2023;4;2;2023-10-03
;1;18226-2023;3;3;2023-10-03
;1;18489-2023;15;2;2023-10-03
;1;92973-2023;14;1;2023-10-03
;1;92989-2023;14;1;2023-10-03
;1;18502-2023;3;7;2023-10-04
;1;18363-2023;4;2;2023-10-04
;1;18450-2023;20;14;2023-10-04
;2;90043-2023;16;4;2023-01-09
;2;10134-2023;13;4;2023-01-09
;2;90023-2023;23;3;2023-01-09
;2;10235-2023;16;4;2023-01-09
;2;10105-2023;9;2;2023-01-09
;2;10091-2023;14;5;2023-01-09
;2;10094-2023;14;3;2023-01-09
;2;90029-2023;13;5;2023-01-10
;2;10169-2023;9;1;2023-01-10
;2;10314-2023;13;3;2023-01-10
;2;10313-2023;9;2;2023-01-10
;2;90062-2023;9;12;2023-01-11
;2;10278-2023;23;11;2023-01-11
;2;10155-2023;9;5;2023-01-11
;2;10315-2023;23;3;2023-01-11
;2;10367-2023;10;1;2023-01-11
;2;90032-2023;9;8;2023-01-11
;2;10305-2023;23;6;2023-01-11
;2;10033-2023;13;12;2023-01-11
;2;10366-2023;10;1;2023-01-11
;2;90068-2023;9;6;2023-01-12
;2;10371-2023;15;4;2023-01-12
;2;10265-2023;15;4;2023-01-12
;2;90067-2023;14;6;2023-01-12
;2;10078-2023;15;6;2023-01-12
;2;90040-2023;13;7;2023-01-12
;2;90038-2023;13;4;2023-01-12
;2;10415-2023;13;2;2023-01-12
;2;90058-2023;25;12;2023-01-16
;2;10488-2023;5;2;2023-01-16
;2;90070-2023;19;3;2023-01-16
;2;10500-2023;5;3;2023-01-16
;2;10476-2023;5;1;2023-01-16
;2;10471-2023;4;4;2023-01-16
;2;10507-2023;5;1;2023-01-16
;2;10486-2023;17;4;2023-01-16
;2;10483-2023;17;3;2023-01-16
;2;10469-2023;19;4;2023-01-16
;2;90069-2023;3;10;2023-01-16
;2;10079-2023;20;4;2023-01-16
;2;10501-2023;5;1;2023-01-16
;2;90010-2023;3;7;2023-01-20
;2;10733-2023;5;5;2023-01-20
;2;10628-2023;3;2;2023-01-20
;2;10411-2023;3;4;2023-01-20
;2;10594-2023;12;5;2023-01-20
;2;10517-2023;12;4;2023-01-20
;2;10663-2023;3;1;2023-01-20
;2;10705-2023;19;6;2023-01-20
;2;10686-2023;3;1;2023-01-20
;2;90102-2023;20;5;2023-01-20
;2;10609-2023;20;4;2023-01-20
;2;10648-2023;19;3;2023-01-20
;2;10307-2023;19;5;2023-01-20
;2;10613-2023;25;4;2023-01-20
;2;10664-2023;19;1;2023-01-20
;2;10875-2023;14;7;2023-01-25
;2;10787-2023;23;4;2023-01-25
;2;10819-2023;9;4;2023-01-25
;2;10897-2023;9;2;2023-01-25
;2;10718-2023;16;4;2023-01-25
;2;10793-2023;10;1;2023-01-25
;2;10818-2023;16;6;2023-01-25
;2;10487-2023;10;4;2023-01-25
;2;10766-2023;16;4;2023-01-25
;2;10838-2023;6;1;2023-01-25
;2;10898-2023;15;5;2023-01-25
;2;10830-2023;15;3;2023-01-25
;2;10789-2023;15;1;2023-01-25
;2;10795-2023;10;2;2023-01-25
;2;10832-2023;10;1;2023-01-25
;2;10814-2023;10;2;2023-01-25
;2;10862-2023;25;7;2023-01-30
;2;90241-2023;20;12;2023-01-30
;2;90114-2023;20;1;2023-01-30
;2;90195-2023;3;13;2023-01-30
;2;90193-2023;17;16;2023-01-30
;2;11042-2023;5;1;2023-01-30
;2;11003-2023;17;1;2023-01-30
;2;10994-2023;17;2;2023-01-30
;2;90271-2023;17;3;2023-01-31
;2;10839-2023;20;2;2023-01-31
;2;11067-2023;20;4;2023-01-31
;2;11014-2023;25;9;2023-01-31
;2;11013-2023;25;3;2023-01-31
;2;10874-2023;20;5;2023-02-01
;2;11048-2023;20;3;2023-02-01
;2;10843-2023;25;3;2023-02-01
;2;90273-2023;17;10;2023-02-01
;2;90213-2023;4;6;2023-02-01
;2;90008-2023;4;1;2023-02-01
;2;10965-2023;5;3;2023-02-01
;2;11096-2023;5;2;2023-02-01
;2;11085-2023;19;3;2023-02-01
;2;11151-2023;5;1;2023-02-01
;2;10883-2023;3;3;2023-02-01
;2;11110-2023;3;2;2023-02-01
;2;10634-2023;3;8;2023-02-01
;2;11012-2023;25;8;2023-02-01
;2;90239-2023;4;2;2023-02-01
;2;11131-2023;9;6;2023-02-06
;2;11310-2023;9;1;2023-02-06
;2;90328-2023;6;10;2023-02-06
;2;90334-2023;6;1;2023-02-06
;2;11167-2023;23;7;2023-02-06
;2;11175-2023;14;7;2023-02-06
;2;10808-2023;22;2;2023-02-06
;2;10762-2023;22;5;2023-02-06
;2;11204-2023;9;2;2023-02-06
;2;11214-2023;23;4;2023-02-06
;2;11283-2023;14;2;2023-02-06
;2;11277-2023;14;3;2023-02-06
;2;11256-2023;9;10;2023-02-06
;2;11257-2023;16;3;2023-02-06
;2;11198-2023;16;2;2023-02-06
;2;11231-2023;14;1;2023-02-06
;2;11222-2023;22;3;2023-02-06
;2;11088-2023;23;19;2023-02-06
;2;10756-2023;16;7;2023-02-06
;2;90433-2023;6;9;2023-02-09
;2;90437-2023;6;1;2023-02-09
;2;11355-2023;22;6;2023-02-09
;2;11460-2023;22;3;2023-02-09
;2;90422-2023;16;6;2023-02-09
;2;11374-2023;23;4;2023-02-09
;2;11387-2023;22;11;2023-02-09
;2;90399-2023;15;17;2023-02-09
;2;90339-2023;15;1;2023-02-09
;2;90439-2023;14;7;2023-02-10
;2;90396-2023;14;1;2023-02-10
;2;90395-2023;14;1;2023-02-10
;2;90397-2023;14;1;2023-02-10
;2;90426-2023;6;6;2023-02-10
;2;11441-2023;16;2;2023-02-10
;2;11369-2023;23;7;2023-02-10
;2;11516-2023;14;1;2023-02-10
;2;11306-2023;16;8;2023-02-10
;2;10828-2023;16;6;2023-02-10
;2;11536-2023;16;1;2023-02-10
;2;11134-2023;23;5;2023-02-10
;2;11528-2023;5;3;2023-02-13
;2;11478-2023;17;4;2023-02-13
;2;11477-2023;17;4;2023-02-13
;2;11476-2023;17;5;2023-02-13
;2;11475-2023;17;5;2023-02-13
;2;90430-2023;3;6;2023-02-13
;2;11466-2023;20;5;2023-02-13
;2;11432-2023;12;4;2023-02-13
;2;11173-2023;19;4;2023-02-13
;2;11415-2023;17;2;2023-02-13
;2;11433-2023;19;3;2023-02-13
;2;11530-2023;12;2;2023-02-13
;2;11431-2023;20;3;2023-02-13
;2;11547-2023;3;2;2023-02-13
;2;11400-2023;25;18;2023-02-13
;2;10348-2023;4;2;2023-02-13
;2;11228-2023;4;2;2023-02-13
;2;11573-2023;17;2;2023-02-13
;2;11541-2023;5;2;2023-02-13
;2;11506-2023;19;1;2023-02-13
;2;90503-2023;25;11;2023-02-15
;2;11621-2023;5;3;2023-02-15
;2;11480-2023;19;3;2023-02-15
;2;90444-2023;20;4;2023-02-15
;2;11601-2023;5;5;2023-02-15
;2;90487-2023;3;4;2023-02-15
;2;90501-2023;12;5;2023-02-15
;2;90508-2023;12;7;2023-02-15
;2;10946-2023;5;4;2023-02-15
;2;90485-2023;17;18;2023-02-15
;2;11655-2023;20;4;2023-02-16
;2;90489-2023;12;10;2023-02-16
;2;90511-2023;25;8;2023-02-16
;2;11640-2023;5;1;2023-02-16
;2;11572-2023;5;2;2023-02-16
;2;11719-2023;5;1;2023-02-16
;2;90491-2023;20;5;2023-02-16
;2;11442-2023;4;5;2023-02-16
;2;11671-2023;4;6;2023-02-16
;2;11702-2023;20;1;2023-02-16
;2;90517-2023;25;15;2023-02-16
;2;11144-2023;12;3;2023-02-17
;2;11474-2023;4;2;2023-02-17
;2;11612-2023;17;6;2023-02-17
;2;11171-2023;25;3;2023-02-17
;2;11377-2023;3;7;2023-02-17
;2;11513-2023;19;4;2023-02-17
;2;11696-2023;20;5;2023-02-17
;2;11707-2023;10;1;2023-02-20
;2;11604-2023;10;2;2023-02-20
;2;11007-2023;16;4;2023-02-20
;2;11566-2023;16;6;2023-02-20
;2;11646-2023;10;2;2023-02-20
;2;11664-2023;16;8;2023-02-20
;2;11693-2023;16;4;2023-02-20
;2;11584-2023;14;3;2023-02-20
;2;11730-2023;9;2;2023-02-20
;2;11672-2023;14;16;2023-02-20
;2;11657-2023;16;6;2023-02-20
;2;11227-2023;22;3;2023-02-20
;2;11675-2023;6;4;2023-02-20
;2;11712-2023;6;1;2023-02-20
;2;11550-2023;6;1;2023-02-20
;2;11565-2023;6;13;2023-02-20
;2;11568-2023;6;10;2023-02-20
;2;11723-2023;22;4;2023-02-20
;2;11645-2023;13;12;2023-02-20
;2;11783-2023;13;6;2023-02-20
;2;11351-2023;10;1;2023-02-20
;2;11695-2023;10;3;2023-02-20
;2;11426-2023;22;2;2023-02-20
;2;11616-2023;16;3;2023-02-20
;2;90566-2023;16;3;2023-02-23
;2;90567-2023;16;1;2023-02-23
;2;90506-2023;16;4;2023-02-23
;2;11965-2023;9;3;2023-02-23
;2;11692-2023;13;3;2023-02-23
;2;90563-2023;22;4;2023-02-23
;2;11954-2023;16;4;2023-02-23
;2;11917-2023;15;6;2023-02-23
;2;11956-2023;9;1;2023-02-23
;2;11901-2023;22;2;2023-02-23
;2;90565-2023;9;9;2023-02-23
;2;90526-2023;9;1;2023-02-23
;2;90581-2023;15;6;2023-02-24
;2;90582-2023;15;1;2023-02-24
;2;11624-2023;16;4;2023-02-24
;2;11772-2023;6;31;2023-02-24
;2;11871-2023;15;7;2023-02-24
;2;12001-2023;13;3;2023-02-24
;2;11825-2023;15;3;2023-02-24
;2;12029-2023;20;1;2023-02-27
;2;12074-2023;3;3;2023-02-27
;2;11963-2023;3;3;2023-02-27
;2;90571-2023;19;17;2023-02-27
;2;11776-2023;12;2;2023-02-27
;2;11905-2023;12;17;2023-02-27
;2;12032-2023;19;1;2023-02-27
;2;12008-2023;4;2;2023-02-27
;2;12075-2023;25;2;2023-02-27
;2;12077-2023;12;2;2023-02-27
;2;11985-2023;3;3;2023-02-27
;2;90570-2023;12;7;2023-02-27
;2;12070-2023;20;2;2023-02-27
;2;11780-2023;3;2;2023-02-27
;2;12027-2023;3;1;2023-02-27
;2;12072-2023;25;4;2023-02-27
;2;12193-2023;3;2;2023-03-02
;2;12034-2023;3;6;2023-03-02
;2;12165-2023;12;5;2023-03-02
;2;90602-2023;4;4;2023-03-02
;2;12164-2023;3;4;2023-03-02
;2;12223-2023;12;2;2023-03-02
;2;12222-2023;4;4;2023-03-02
;2;90597-2023;19;5;2023-03-02
;2;12268-2023;3;1;2023-03-02
;2;12129-2023;25;3;2023-03-03
;2;11869-2023;19;9;2023-03-03
;2;12071-2023;3;1;2023-03-03
;2;12057-2023;3;1;2023-03-03
;2;12090-2023;20;5;2023-03-03
;2;12110-2023;25;1;2023-03-03
;2;11966-2023;12;6;2023-03-03
;2;12272-2023;4;2;2023-03-03
;2;11706-2023;3;5;2023-03-03
;2;11595-2023;4;6;2023-03-03
;2;12209-2023;19;2;2023-03-03
;2;12180-2023;12;3;2023-03-03
;2;11992-2023;12;2;2023-03-03
;2;12227-2023;3;1;2023-03-03
;2;12177-2023;20;1;2023-03-03
;2;12083-2023;3;3;2023-03-03
;2;12288-2023;20;1;2023-03-03
;2;11976-2023;19;3;2023-03-03
;2;12296-2023;5;1;2023-03-03
;2;12216-2023;25;9;2023-03-03
;2;11969-2023;20;6;2023-03-03
;2;90646-2023;14;7;2023-03-08
;2;12133-2023;10;2;2023-03-09
;2;12374-2023;23;10;2023-03-09
;2;12024-2023;23;8;2023-03-09
;2;12441-2023;23;1;2023-03-09
;2;12330-2023;22;4;2023-03-09
;2;12390-2023;22;2;2023-03-09
;2;90638-2023;16;8;2023-03-09
;2;12414-2023;16;2;2023-03-09
;2;12416-2023;9;8;2023-03-09
;2;12395-2023;15;20;2023-03-09
;2;12484-2023;15;2;2023-03-09
;2;12386-2023;10;1;2023-03-09
;2;12459-2023;9;1;2023-03-09
;2;90650-2023;22;7;2023-03-09
;2;12168-2023;10;3;2023-03-09
;2;12281-2023;13;5;2023-03-10
;2;12086-2023;15;12;2023-03-10
;2;12512-2023;13;6;2023-03-10
;2;12511-2023;16;2;2023-03-10
;2;90658-2023;13;3;2023-03-10
;2;12462-2023;9;2;2023-03-10
;2;12295-2023;9;4;2023-03-10
;2;12311-2023;22;2;2023-03-10
;2;12458-2023;23;5;2023-03-10
;2;12477-2023;23;2;2023-03-10
;2;12510-2023;16;5;2023-03-10
;2;12367-2023;23;15;2023-03-10
;2;12504-2023;13;2;2023-03-10
;2;90699-2023;12;4;2023-03-15
;2;12062-2023;25;6;2023-03-15
;2;12641-2023;19;1;2023-03-15
;2;12549-2023;20;2;2023-03-15
;2;12698-2023;12;1;2023-03-15
;2;12568-2023;12;6;2023-03-15
;2;12237-2023;19;5;2023-03-15
;2;12596-2023;25;10;2023-03-15
;2;12610-2023;3;10;2023-03-15
;2;12489-2023;4;2;2023-03-15
;2;12627-2023;20;7;2023-03-15
;2;12699-2023;19;2;2023-03-15
;2;12608-2023;19;4;2023-03-15
;2;12593-2023;4;9;2023-03-15
;2;90750-2023;4;2;2023-03-17
;2;90753-2023;4;4;2023-03-17
;2;12724-2023;4;1;2023-03-17
;2;90698-2023;12;10;2023-03-17
;2;90741-2023;12;1;2023-03-17
;2;12726-2023;20;2;2023-03-17
;2;12687-2023;25;2;2023-03-17
;2;12749-2023;20;4;2023-03-17
;2;90749-2023;25;5;2023-03-17
;2;90718-2023;3;7;2023-03-17
;2;12843-2023;9;3;2023-03-21
;2;90775-2023;22;7;2023-03-21
;2;90762-2023;22;1;2023-03-21
;2;12775-2023;14;1;2023-03-21
;2;12857-2023;9;1;2023-03-21
;2;90740-2023;13;13;2023-03-21
;2;90759-2023;13;3;2023-03-21
;2;90765-2023;13;1;2023-03-21
;2;90739-2023;22;9;2023-03-21
;2;90763-2023;22;1;2023-03-21
;2;12796-2023;15;3;2023-03-21
;2;12786-2023;9;20;2023-03-21
;2;90737-2023;6;10;2023-03-21
;2;90767-2023;6;1;2023-03-21
;2;12818-2023;14;5;2023-03-21
;2;90778-2023;15;8;2023-03-22
;2;90779-2023;9;2;2023-03-22
;2;12762-2023;13;5;2023-03-22
;2;12371-2023;9;5;2023-03-22
;2;12890-2023;22;1;2023-03-22
;2;12900-2023;22;4;2023-03-22
;2;12736-2023;16;2;2023-03-22
;2;12917-2023;22;2;2023-03-22
;2;90769-2023;6;4;2023-03-22
;2;12869-2023;13;8;2023-03-23
;2;12798-2023;9;10;2023-03-23
;2;12897-2023;23;2;2023-03-23
;2;90760-2023;15;11;2023-03-23
;2;90814-2023;6;3;2023-03-23
;2;90812-2023;6;7;2023-03-23
;2;90471-2023;6;5;2023-03-23
;2;90785-2023;9;9;2023-03-23
;2;90473-2023;9;5;2023-03-23
;2;90783-2023;16;8;2023-03-23
;2;12124-2023;12;2;2023-03-27
;2;12985-2023;4;2;2023-03-27
;2;12909-2023;3;15;2023-03-27
;2;13004-2023;3;1;2023-03-27
;2;90782-2023;20;14;2023-03-27
;2;90798-2023;20;1;2023-03-27
;2;90427-2023;20;1;2023-03-27
;2;12941-2023;19;2;2023-03-27
;2;13090-2023;4;16;2023-03-28
;2;13031-2023;5;6;2023-03-28
;2;90839-2023;17;6;2023-03-28
;2;90476-2023;17;9;2023-03-28
;2;12903-2023;5;1;2023-03-28
;2;13086-2023;19;2;2023-03-28
;2;13024-2023;19;5;2023-03-28
;2;13038-2023;5;1;2023-03-28
;2;90819-2023;12;13;2023-03-28
;2;90836-2023;12;1;2023-03-28
;2;13162-2023;4;3;2023-03-29
;2;13019-2023;19;4;2023-03-29
;2;13087-2023;20;1;2023-03-29
;2;11980-2023;12;3;2023-03-29
;2;13117-2023;3;1;2023-03-29
;2;12978-2023;4;3;2023-03-29
;2;12717-2023;5;1;2023-03-29
;2;12949-2023;12;1;2023-03-29
;2;12861-2023;5;1;2023-03-29
;2;13027-2023;3;2;2023-03-29
;2;13074-2023;3;1;2023-03-29
;2;13135-2023;19;2;2023-03-29
;2;13025-2023;4;5;2023-03-29
;2;13048-2023;3;11;2023-03-29
;2;12984-2023;20;3;2023-03-29
;2;13134-2023;17;2;2023-03-29
;2;12887-2023;3;4;2023-03-29
;2;13046-2023;20;7;2023-03-29
;2;13204-2023;17;6;2023-03-31
;2;13065-2023;3;5;2023-03-31
;2;13064-2023;3;1;2023-03-31
;2;13197-2023;20;2;2023-03-31
;2;12553-2023;5;2;2023-03-31
;2;13271-2023;5;2;2023-03-31
;2;90929-2023;15;12;2023-04-03
;2;13163-2023;14;6;2023-04-03
;2;13193-2023;14;1;2023-04-03
;2;13220-2023;15;3;2023-04-03
;2;13214-2023;9;8;2023-04-03
;2;90843-2023;9;2;2023-04-03
;2;90872-2023;16;12;2023-04-03
;2;13136-2023;22;5;2023-04-03
;2;90932-2023;22;15;2023-04-04
;2;90931-2023;15;12;2023-04-04
;2;90943-2023;9;3;2023-04-04
;2;90946-2023;9;1;2023-04-04
;2;90875-2023;23;10;2023-04-04
;2;13122-2023;6;5;2023-04-04
;2;13201-2023;13;4;2023-04-04
;2;13261-2023;22;1;2023-04-04
;2;13329-2023;16;1;2023-04-04
;2;13200-2023;9;9;2023-04-04
;2;13088-2023;22;4;2023-04-04
;2;12704-2023;13;8;2023-04-04
;2;13274-2023;16;9;2023-04-04
;2;13079-2023;16;3;2023-04-04
;2;12073-2023;13;2;2023-04-04
;2;13164-2023;15;2;2023-04-04
;2;13294-2023;14;6;2023-04-04
;2;13299-2023;6;2;2023-04-04
;2;90963-2023;9;7;2023-04-06
;2;90964-2023;9;1;2023-04-06
;2;13458-2023;10;3;2023-04-06
;2;13424-2023;10;1;2023-04-06
;2;13306-2023;6;4;2023-04-06
;2;90970-2023;25;3;2023-04-11
;2;90969-2023;25;14;2023-04-11
;2;13342-2023;3;13;2023-04-11
;2;13474-2023;19;9;2023-04-11
;2;13433-2023;5;2;2023-04-11
;2;90936-2023;12;7;2023-04-11
;2;13363-2023;5;1;2023-04-11
;2;12130-2023;5;2;2023-04-11
;2;13366-2023;4;5;2023-04-11
;2;13428-2023;17;3;2023-04-11
;2;13482-2023;20;1;2023-04-11
;2;13297-2023;20;5;2023-04-11
;2;90982-2023;19;4;2023-04-12
;2;90956-2023;25;4;2023-04-12
;2;13515-2023;12;4;2023-04-12
;2;12927-2023;25;5;2023-04-12
;2;13357-2023;19;6;2023-04-12
;2;13465-2023;19;4;2023-04-12
;2;13450-2023;25;12;2023-04-12
;2;13456-2023;19;3;2023-04-12
;2;13187-2023;4;6;2023-04-12
;2;13536-2023;17;2;2023-04-12
;2;13265-2023;20;1;2023-04-12
;2;13461-2023;25;1;2023-04-12
;2;13425-2023;4;3;2023-04-12
;2;12937-2023;12;1;2023-04-12
;2;13286-2023;4;1;2023-04-12
;2;13632-2023;15;2;2023-04-17
;2;13566-2023;14;8;2023-04-17
;2;91032-2023;9;13;2023-04-17
;2;13590-2023;9;3;2023-04-17
;2;13409-2023;22;8;2023-04-17
;2;13570-2023;14;2;2023-04-17
;2;13488-2023;16;7;2023-04-17
;2;13640-2023;16;1;2023-04-18
;2;12434-2023;16;3;2023-04-18
;2;13639-2023;15;6;2023-04-18
;2;90977-2023;14;1;2023-04-18
;2;13721-2023;22;2;2023-04-18
;2;13603-2023;16;7;2023-04-18
;2;13662-2023;16;1;2023-04-18
;2;91046-2023;6;4;2023-04-18
;2;13720-2023;14;1;2023-04-18
;2;13706-2023;14;2;2023-04-18
;2;13359-2023;16;9;2023-04-19
;2;13349-2023;9;2;2023-04-19
;2;13383-2023;9;1;2023-04-19
;2;12066-2023;14;3;2023-04-19
;2;13642-2023;6;19;2023-04-19
;2;13301-2023;6;6;2023-04-19
;2;13723-2023;6;1;2023-04-19
;2;13532-2023;10;1;2023-04-19
;2;90938-2023;22;4;2023-04-19
;2;91033-2023;22;9;2023-04-19
;2;13755-2023;10;1;2023-04-19
;2;13385-2023;15;10;2023-04-19
;2;13531-2023;15;5;2023-04-19
;2;13486-2023;9;16;2023-04-19
;2;13542-2023;15;6;2023-04-19
;2;13634-2023;10;1;2023-04-19
;2;13625-2023;10;1;2023-04-19
;2;13636-2023;9;2;2023-04-19
;2;13668-2023;22;2;2023-04-19
;2;13754-2023;12;1;2023-04-24
;2;13848-2023;19;10;2023-04-24
;2;13821-2023;17;2;2023-04-24
;2;13674-2023;4;3;2023-04-24
;2;13715-2023;25;10;2023-04-24
;2;13802-2023;20;11;2023-04-24
;2;13556-2023;12;4;2023-04-24
;2;13866-2023;12;1;2023-04-24
;2;13569-2023;17;2;2023-04-24
;2;13281-2023;17;3;2023-04-24
;2;13810-2023;25;1;2023-04-24
;2;13841-2023;17;1;2023-04-24
;2;13777-2023;25;3;2023-04-24
;2;13929-2023;25;1;2023-04-24
;2;13830-2023;25;2;2023-04-24
;2;13828-2023;17;3;2023-04-24
;2;13758-2023;17;4;2023-04-24
;2;13879-2023;4;7;2023-04-24
;2;13908-2023;25;2;2023-04-24
;2;13819-2023;25;3;2023-04-24
;2;13800-2023;25;2;2023-04-24
;2;13792-2023;20;8;2023-04-27
;2;91161-2023;4;11;2023-04-27
;2;91172-2023;4;5;2023-04-27
;2;91109-2023;3;3;2023-04-27
;2;91088-2023;25;4;2023-04-27
;2;91162-2023;17;11;2023-04-28
;2;14118-2023;20;2;2023-04-28
;2;91159-2023;19;11;2023-04-28
;2;13925-2023;5;1;2023-04-28
;2;14106-2023;5;2;2023-04-28
;2;13847-2023;25;2;2023-04-28
;2;14119-2023;5;1;2023-04-28
;2;13914-2023;4;2;2023-04-28
;2;13629-2023;4;4;2023-04-28
;2;14014-2023;25;4;2023-04-28
;2;13786-2023;20;2;2023-04-28
;2;13958-2023;25;2;2023-04-28
;2;13849-2023;12;4;2023-04-28
;2;14002-2023;5;1;2023-04-28
;2;91217-2023;6;7;2023-05-04
;2;91218-2023;6;2;2023-05-04
;2;13300-2023;13;3;2023-05-04
;2;14112-2023;23;13;2023-05-04
;2;14259-2023;22;2;2023-05-04
;2;14168-2023;22;7;2023-05-04
;2;14296-2023;22;3;2023-05-04
;2;14225-2023;13;2;2023-05-04
;2;91190-2023;6;4;2023-05-04
;2;14275-2023;15;2;2023-05-04
;2;13988-2023;15;3;2023-05-04
;2;14150-2023;22;2;2023-05-04
;2;91188-2023;22;5;2023-05-04
;2;14336-2023;22;3;2023-05-05
;2;91199-2023;22;6;2023-05-05
;2;14226-2023;16;5;2023-05-05
;2;14332-2023;13;3;2023-05-05
;2;13470-2023;16;4;2023-05-05
;2;14109-2023;6;5;2023-05-05
;2;14239-2023;16;2;2023-05-05
;2;14230-2023;6;1;2023-05-05
;2;14185-2023;15;4;2023-05-05
;2;13820-2023;15;3;2023-05-05
;2;14279-2023;6;3;2023-05-05
;2;14274-2023;22;8;2023-05-05
;2;14276-2023;22;1;2023-05-05
;2;14049-2023;6;1;2023-05-05
;2;91241-2023;17;7;2023-05-10
;2;91152-2023;17;1;2023-05-10
;2;91246-2023;17;5;2023-05-10
;2;91155-2023;17;1;2023-05-10
;2;13995-2023;25;10;2023-05-10
;2;14342-2023;12;7;2023-05-10
;2;14306-2023;17;11;2023-05-10
;2;14460-2023;12;2;2023-05-10
;2;14407-2023;12;6;2023-05-10
;2;14282-2023;12;10;2023-05-10
;2;14066-2023;19;2;2023-05-10
;2;14372-2023;19;2;2023-05-10
;2;14483-2023;4;3;2023-05-10
;2;14382-2023;12;5;2023-05-10
;2;14224-2023;15;3;2023-05-15
;2;14273-2023;22;6;2023-05-15
;2;14463-2023;10;1;2023-05-15
;2;14278-2023;15;3;2023-05-15
;2;12202-2023;14;2;2023-05-15
;2;14645-2023;16;3;2023-05-15
;2;14243-2023;6;1;2023-05-15
;2;13979-2023;22;2;2023-05-15
;2;14530-2023;16;9;2023-05-15
;2;14584-2023;13;11;2023-05-15
;2;14494-2023;6;2;2023-05-15
;2;14452-2023;6;3;2023-05-15
;2;13825-2023;15;7;2023-05-15
;2;14237-2023;16;1;2023-05-15
;2;14603-2023;10;2;2023-05-15
;2;14485-2023;23;2;2023-05-15
;2;10167-2023;14;8;2023-05-15
;2;14542-2023;9;1;2023-05-15
;2;14476-2023;10;2;2023-05-15
;2;14756-2023;13;4;2023-05-18
;2;14754-2023;13;3;2023-05-18
;2;91323-2023;6;3;2023-05-18
;2;91337-2023;6;2;2023-05-18
;2;91315-2023;6;2;2023-05-18
;2;14725-2023;16;2;2023-05-18
;2;14699-2023;23;12;2023-05-18
;2;14723-2023;6;4;2023-05-18
;2;14852-2023;6;5;2023-05-18
;2;14851-2023;6;5;2023-05-18
;2;14850-2023;6;5;2023-05-18
;2;14826-2023;15;5;2023-05-18
;2;14810-2023;15;4;2023-05-18
;2;14572-2023;15;2;2023-05-18
;2;14854-2023;15;3;2023-05-18
;2;14735-2023;13;3;2023-05-18
;2;14827-2023;22;1;2023-05-18
;2;91316-2023;23;2;2023-05-18
;2;91333-2023;23;2;2023-05-18
;2;14818-2023;16;1;2023-05-19
;2;14600-2023;16;2;2023-05-19
;2;14792-2023;6;13;2023-05-19
;2;13149-2023;6;14;2023-05-19
;2;91300-2023;14;9;2023-05-19
;2;91338-2023;14;2;2023-05-19
;2;14592-2023;16;2;2023-05-19
;2;14519-2023;14;1;2023-05-19
;2;14759-2023;9;6;2023-05-19
;2;14822-2023;6;3;2023-05-19
;2;14786-2023;16;4;2023-05-19
;2;14653-2023;22;5;2023-05-19
;2;14608-2023;23;6;2023-05-19
;2;14781-2023;23;1;2023-05-19
;2;14617-2023;14;3;2023-05-19
;2;91322-2023;15;7;2023-05-19
;2;91336-2023;15;2;2023-05-19
;2;14787-2023;22;3;2023-05-19
;2;13670-2023;22;6;2023-05-19
;2;14697-2023;15;7;2023-05-19
;2;14820-2023;14;1;2023-05-19
;2;14768-2023;6;1;2023-05-19
;2;14808-2023;15;2;2023-05-19
;2;91420-2023;12;1;2023-05-25
;2;91418-2023;12;5;2023-05-25
;2;14978-2023;25;1;2023-05-25
;2;15042-2023;3;5;2023-05-25
;2;14935-2023;4;2;2023-05-25
;2;15033-2023;17;2;2023-05-25
;2;14986-2023;12;4;2023-05-25
;2;14891-2023;12;4;2023-05-25
;2;91414-2023;17;4;2023-05-25
;2;91417-2023;17;8;2023-05-25
;2;91388-2023;4;8;2023-05-25
;2;91396-2023;4;1;2023-05-25
;2;91355-2023;25;5;2023-05-25
;2;91391-2023;19;7;2023-05-25
;2;91386-2023;23;12;2023-05-29
;2;15050-2023;10;1;2023-05-29
;2;14927-2023;13;2;2023-05-29
;2;14784-2023;14;2;2023-05-29
;2;14959-2023;9;4;2023-05-29
;2;14914-2023;22;9;2023-05-29
;2;14922-2023;16;8;2023-05-29
;2;15025-2023;6;6;2023-05-29
;2;15035-2023;13;1;2023-05-29
;2;14988-2023;15;6;2023-05-29
;2;14894-2023;13;1;2023-05-29
;2;15187-2023;15;2;2023-05-31
;2;15145-2023;16;7;2023-05-31
;2;15196-2023;16;2;2023-05-31
;2;14510-2023;23;6;2023-05-31
;2;14933-2023;14;12;2023-05-31
;2;15065-2023;22;6;2023-05-31
;2;15125-2023;23;2;2023-05-31
;2;15147-2023;16;5;2023-05-31
;2;15152-2023;13;3;2023-05-31
;2;15189-2023;9;1;2023-05-31
;2;15182-2023;23;2;2023-05-31
;2;15149-2023;14;2;2023-05-31
;2;15142-2023;9;6;2023-05-31
;2;15140-2023;13;1;2023-05-31
;2;14732-2023;15;4;2023-05-31
;2;15109-2023;14;1;2023-05-31
;2;15055-2023;10;4;2023-05-31
;2;15235-2023;6;3;2023-06-02
;2;15229-2023;15;3;2023-06-02
;2;15240-2023;15;1;2023-06-02
;2;91507-2023;16;4;2023-06-02
;2;15288-2023;16;1;2023-06-02
;2;91503-2023;9;10;2023-06-02
;2;15211-2023;23;3;2023-06-02
;2;14575-2023;16;2;2023-06-02
;2;15297-2023;16;2;2023-06-02
;2;15233-2023;22;1;2023-06-02
;2;14716-2023;15;4;2023-06-02
;2;13375-2023;22;4;2023-06-02
;2;15287-2023;22;7;2023-06-02
;2;15286-2023;16;5;2023-06-02
;2;15180-2023;6;5;2023-06-02
;2;14899-2023;14;4;2023-06-02
;2;15090-2023;23;1;2023-06-02
;2;15087-2023;22;2;2023-06-02
;2;15009-2023;9;3;2023-06-02
;2;15073-2023;23;2;2023-06-02
;2;15034-2023;9;1;2023-06-02
;2;15217-2023;22;1;2023-06-02
;2;15151-2023;23;1;2023-06-02
;2;15300-2023;22;2;2023-06-02
;2;13889-2023;25;5;2023-06-07
;2;15205-2023;20;10;2023-06-07
;2;15346-2023;4;2;2023-06-07
;2;91522-2023;12;17;2023-06-07
;2;91548-2023;3;5;2023-06-07
;2;91198-2023;3;1;2023-06-07
;2;91324-2023;3;6;2023-06-07
;2;15323-2023;12;1;2023-06-07
;2;15366-2023;4;7;2023-06-07
;2;15251-2023;4;10;2023-06-07
;2;15384-2023;20;3;2023-06-07
;2;15212-2023;3;4;2023-06-07
;2;15253-2023;19;1;2023-06-07
;2;15274-2023;19;1;2023-06-07
;2;91519-2023;25;13;2023-06-07
;2;91549-2023;25;1;2023-06-07
;2;91546-2023;25;1;2023-06-07
;2;15341-2023;12;4;2023-06-07
;2;15324-2023;17;3;2023-06-07
;2;15279-2023;6;3;2023-06-12
;2;15537-2023;13;3;2023-06-12
;2;14824-2023;13;4;2023-06-12
;2;15464-2023;10;1;2023-06-12
;2;15536-2023;10;1;2023-06-12
;2;15322-2023;16;2;2023-06-12
;2;15438-2023;14;3;2023-06-12
;2;15394-2023;14;8;2023-06-12
;2;15426-2023;14;2;2023-06-12
;2;15482-2023;6;5;2023-06-12
;2;15413-2023;6;17;2023-06-12
;2;15506-2023;23;4;2023-06-12
;2;15285-2023;10;3;2023-06-12
;2;15400-2023;22;3;2023-06-12
;2;15636-2023;6;1;2023-06-14
;2;91609-2023;23;7;2023-06-14
;2;91632-2023;23;1;2023-06-14
;2;15067-2023;22;1;2023-06-14
;2;15634-2023;6;3;2023-06-14
;2;15628-2023;16;1;2023-06-14
;2;15503-2023;16;4;2023-06-14
;2;15618-2023;16;2;2023-06-14
;2;15330-2023;16;8;2023-06-14
;2;15563-2023;14;1;2023-06-14
;2;15612-2023;16;1;2023-06-14
;2;15603-2023;14;5;2023-06-14
;2;15592-2023;14;1;2023-06-14
;2;15547-2023;14;2;2023-06-14
;2;15354-2023;14;4;2023-06-14
;2;15516-2023;9;3;2023-06-14
;2;15440-2023;9;1;2023-06-14
;2;15576-2023;6;4;2023-06-14
;2;15414-2023;16;10;2023-06-14
;2;91653-2023;14;9;2023-06-16
;2;15702-2023;23;5;2023-06-16
;2;91646-2023;6;3;2023-06-16
;2;15715-2023;9;3;2023-06-16
;2;15720-2023;13;10;2023-06-16
;2;15722-2023;13;4;2023-06-16
;2;15721-2023;13;2;2023-06-16
;2;91643-2023;22;4;2023-06-16
;2;91663-2023;3;24;2023-06-19
;2;15495-2023;20;2;2023-06-19
;2;15734-2023;20;2;2023-06-19
;2;15652-2023;20;10;2023-06-19
;2;91664-2023;17;12;2023-06-19
;2;91671-2023;12;3;2023-06-19
;2;91670-2023;19;4;2023-06-19
;2;91652-2023;19;16;2023-06-19
;2;14123-2023;20;4;2023-06-19
;2;91661-2023;12;13;2023-06-19
;2;15687-2023;20;2;2023-06-19
;2;91679-2023;20;12;2023-06-21
;2;15749-2023;12;1;2023-06-21
;2;15788-2023;19;5;2023-06-21
;2;15676-2023;20;8;2023-06-21
;2;15811-2023;12;6;2023-06-21
;2;15668-2023;17;8;2023-06-21
;2;15355-2023;12;4;2023-06-21
;2;15639-2023;12;5;2023-06-21
;2;15607-2023;12;10;2023-06-21
;2;15479-2023;17;5;2023-06-21
;2;15744-2023;17;2;2023-06-21
;2;15769-2023;3;3;2023-06-21
;2;15521-2023;3;3;2023-06-21
;2;91733-2023;13;13;2023-06-26
;2;91750-2023;13;4;2023-06-26
;2;15686-2023;13;6;2023-06-26
;2;15726-2023;14;4;2023-06-26
;2;15917-2023;13;3;2023-06-26
;2;15460-2023;10;1;2023-06-26
;2;15827-2023;6;3;2023-06-26
;2;15789-2023;16;3;2023-06-26
;2;15747-2023;10;2;2023-06-26
;2;15962-2023;13;4;2023-06-26
;2;15655-2023;14;10;2023-06-26
;2;15843-2023;9;6;2023-06-26
;2;15758-2023;14;1;2023-06-26
;2;15732-2023;14;7;2023-06-26
;2;15973-2023;10;1;2023-06-26
;2;15850-2023;15;2;2023-06-26
;2;15989-2023;16;4;2023-06-26
;2;15955-2023;6;2;2023-06-28
;2;15936-2023;10;1;2023-06-28
;2;15565-2023;16;7;2023-06-28
;2;16066-2023;10;1;2023-06-28
;2;15868-2023;13;2;2023-06-28
;2;15950-2023;16;2;2023-06-28
;2;15873-2023;16;5;2023-06-28
;2;15806-2023;16;6;2023-06-28
;2;91736-2023;15;17;2023-06-28
;2;91665-2023;15;3;2023-06-28
;2;16055-2023;23;3;2023-06-28
;2;15879-2023;10;3;2023-06-28
;2;91850-2023;3;8;2023-07-03
;2;91486-2023;3;3;2023-07-03
;2;91865-2023;3;1;2023-07-03
;2;14440-2023;25;18;2023-07-03
;2;15812-2023;3;3;2023-07-03
;2;91856-2023;17;7;2023-07-03
;2;16138-2023;25;1;2023-07-03
;2;16047-2023;20;9;2023-07-03
;2;13933-2023;25;5;2023-07-03
;2;91853-2023;17;12;2023-07-03
;2;16064-2023;4;7;2023-07-07
;2;16248-2023;25;1;2023-07-07
;2;15886-2023;25;1;2023-07-07
;2;91880-2023;19;10;2023-07-07
;2;91918-2023;19;1;2023-07-07
;2;91893-2023;19;2;2023-07-07
;2;91907-2023;19;3;2023-07-07
;2;91915-2023;19;1;2023-07-07
;2;16310-2023;20;1;2023-07-07
;2;15906-2023;25;4;2023-07-07
;2;16250-2023;4;4;2023-07-07
;2;16217-2023;19;5;2023-07-07
;2;16267-2023;19;1;2023-07-07
;2;16034-2023;25;5;2023-07-07
;2;91873-2023;17;13;2023-07-07
;2;91816-2023;17;6;2023-07-07
;2;91810-2023;17;3;2023-07-07
;2;91903-2023;17;3;2023-07-07
;2;91889-2023;17;2;2023-07-07
;2;91919-2023;17;1;2023-07-07
;2;16301-2023;17;3;2023-07-07
;2;91922-2023;16;5;2023-07-10
;2;91886-2023;16;1;2023-07-10
;2;91545-2023;16;1;2023-07-10
;2;91944-2023;16;1;2023-07-10
;2;16112-2023;13;6;2023-07-10
;2;16155-2023;9;5;2023-07-10
;2;16100-2023;16;3;2023-07-10
;2;16371-2023;15;5;2023-07-10
;2;16084-2023;15;4;2023-07-10
;2;16162-2023;9;4;2023-07-10
;2;16087-2023;16;9;2023-07-10
;2;15863-2023;16;3;2023-07-10
;2;16252-2023;22;3;2023-07-10
;2;15820-2023;16;2;2023-07-10
;2;16093-2023;15;11;2023-07-10
;2;16149-2023;22;9;2023-07-10
;2;15459-2023;6;2;2023-07-10
;2;16118-2023;13;4;2023-07-10
;2;16180-2023;9;2;2023-07-10
;2;15387-2023;13;3;2023-07-10
;2;16102-2023;15;3;2023-07-13
;2;15957-2023;22;13;2023-07-13
;2;91985-2023;22;4;2023-07-13
;2;91986-2023;22;1;2023-07-13
;2;16464-2023;15;6;2023-07-13
;2;16463-2023;9;1;2023-07-13
;2;16462-2023;9;1;2023-07-13
;2;16437-2023;6;2;2023-07-13
;2;16461-2023;9;1;2023-07-13
;2;91982-2023;9;3;2023-07-13
;2;91981-2023;9;15;2023-07-13
;2;91912-2023;9;3;2023-07-13
;2;16487-2023;6;1;2023-07-13
;2;16432-2023;13;6;2023-07-14
;2;92000-2023;15;11;2023-07-14
;2;16493-2023;22;7;2023-07-14
;2;16189-2023;16;5;2023-07-14
;2;16295-2023;16;3;2023-07-14
;2;16349-2023;15;6;2023-07-14
;2;91998-2023;9;7;2023-07-14
;2;91999-2023;9;18;2023-07-14
;2;92005-2023;9;11;2023-07-14
;2;16489-2023;16;3;2023-07-14
;2;16539-2023;13;1;2023-07-14
;2;16504-2023;16;1;2023-07-14
;2;16218-2023;16;3;2023-07-14
;2;92017-2023;6;1;2023-07-14
;2;16659-2023;12;1;2023-07-19
;2;16026-2023;19;3;2023-07-19
;2;16287-2023;25;2;2023-07-19
;2;16600-2023;12;3;2023-07-19
;2;16640-2023;25;2;2023-07-19
;2;92001-2023;25;4;2023-07-19
;2;92065-2023;25;2;2023-07-19
;2;92042-2023;25;1;2023-07-19
;2;16540-2023;25;2;2023-07-19
;2;16631-2023;19;4;2023-07-19
;2;16615-2023;19;2;2023-07-19
;2;16580-2023;25;3;2023-07-19
;2;92090-2023;25;1;2023-07-19
;2;92103-2023;12;7;2023-07-21
;2;92104-2023;12;1;2023-07-21
;2;16650-2023;20;8;2023-07-21
;2;16649-2023;12;2;2023-07-21
;2;16633-2023;19;2;2023-07-21
;2;16674-2023;3;3;2023-07-21
;2;16601-2023;19;1;2023-07-21
;2;92108-2023;25;7;2023-07-21
;2;92070-2023;25;7;2023-07-21
;2;91948-2023;25;4;2023-07-21
;2;92076-2023;25;1;2023-07-21
;2;16629-2023;3;6;2023-07-21
;2;16706-2023;19;1;2023-07-21
;2;16608-2023;9;5;2023-07-24
;2;92071-2023;9;9;2023-07-24
;2;92123-2023;9;2;2023-07-24
;2;16456-2023;22;5;2023-07-24
;2;16606-2023;13;3;2023-07-24
;2;16681-2023;13;3;2023-07-24
;2;16717-2023;16;2;2023-07-24
;2;16646-2023;13;6;2023-07-24
;2;16594-2023;13;2;2023-07-24
;2;16656-2023;16;4;2023-07-24
;2;16712-2023;13;1;2023-07-24
;2;16215-2023;13;8;2023-07-24
;2;16537-2023;15;4;2023-07-24
;2;16665-2023;13;8;2023-07-24
;2;16644-2023;13;2;2023-07-24
;2;16729-2023;15;3;2023-07-24
;2;16557-2023;16;11;2023-07-24
;2;16805-2023;16;1;2023-07-24
;2;16444-2023;9;2;2023-07-24
;2;92059-2023;13;4;2023-07-26
;2;91681-2023;13;1;2023-07-26
;2;91867-2023;13;4;2023-07-26
;2;92088-2023;13;5;2023-07-26
;2;16860-2023;22;12;2023-07-26
;2;16886-2023;15;2;2023-07-26
;2;91717-2023;9;23;2023-07-26
;2;92126-2023;9;5;2023-07-26
;2;92083-2023;9;1;2023-07-26
;2;91961-2023;9;1;2023-07-26
;2;16687-2023;15;3;2023-07-26
;2;16789-2023;15;4;2023-07-26
;2;16764-2023;16;14;2023-07-26
;2;16901-2023;15;1;2023-07-26
;2;92146-2023;22;21;2023-07-27
;2;92167-2023;22;3;2023-07-27
;2;92147-2023;22;1;2023-07-27
;2;92171-2023;9;7;2023-07-28
;2;92051-2023;9;4;2023-07-28
;2;92187-2023;9;3;2023-07-28
;2;16869-2023;22;5;2023-07-28
;2;15883-2023;22;1;2023-07-28
;2;16771-2023;22;1;2023-07-28
;2;16884-2023;9;2;2023-07-28
;2;92156-2023;13;9;2023-07-28
;2;92143-2023;13;3;2023-07-28
;2;92186-2023;13;3;2023-07-28
;2;16802-2023;13;5;2023-07-28
;2;92176-2023;16;5;2023-07-28
;2;92158-2023;16;2;2023-07-28
;2;92188-2023;16;3;2023-07-28
;2;16923-2023;25;3;2023-07-31
;2;16963-2023;4;1;2023-07-31
;2;17003-2023;12;1;2023-07-31
;2;16955-2023;17;3;2023-07-31
;2;16498-2023;12;13;2023-07-31
;2;16930-2023;3;2;2023-07-31
;2;16833-2023;25;9;2023-07-31
;2;16874-2023;12;10;2023-07-31
;2;16913-2023;3;10;2023-07-31
;2;16832-2023;25;2;2023-07-31
;2;16765-2023;3;2;2023-07-31
;2;16929-2023;20;8;2023-07-31
;2;16158-2023;20;5;2023-07-31
;2;16961-2023;25;1;2023-07-31
;2;92208-2023;4;16;2023-08-02
;2;92273-2023;4;3;2023-08-02
;2;16995-2023;20;6;2023-08-03
;2;16822-2023;4;6;2023-08-03
;2;16968-2023;3;1;2023-08-03
;2;16442-2023;4;4;2023-08-03
;2;92281-2023;4;13;2023-08-03
;2;92277-2023;12;5;2023-08-03
;2;92278-2023;12;1;2023-08-03
;2;17095-2023;4;9;2023-08-03
;2;92178-2023;20;20;2023-08-03
;2;17058-2023;3;1;2023-08-03
;2;17008-2023;4;1;2023-08-03
;2;17028-2023;12;9;2023-08-03
;2;16962-2023;20;7;2023-08-03
;2;17088-2023;3;1;2023-08-03
;2;16851-2023;12;9;2023-08-03
;2;17102-2023;20;2;2023-08-03
;2;16951-2023;3;5;2023-08-03
;2;17025-2023;4;2;2023-08-03
;2;16909-2023;12;5;2023-08-03
;2;17010-2023;3;15;2023-08-03
;2;16971-2023;17;1;2023-08-03
;2;16937-2023;4;12;2023-08-03
;2;16994-2023;3;1;2023-08-03
;2;16967-2023;20;2;2023-08-03
;2;17089-2023;17;2;2023-08-03
;2;92283-2023;17;11;2023-08-03
;2;92284-2023;17;4;2023-08-03
;2;17027-2023;17;1;2023-08-03
;2;16868-2023;3;4;2023-08-03
;2;17253-2023;6;4;2023-08-09
;2;17237-2023;22;3;2023-08-09
;2;17110-2023;22;10;2023-08-09
;2;92332-2023;6;2;2023-08-09
;2;92331-2023;6;4;2023-08-09
;2;92353-2023;6;8;2023-08-09
;2;17281-2023;22;2;2023-08-09
;2;17002-2023;22;1;2023-08-09
;2;92364-2023;6;1;2023-08-09
;2;17241-2023;22;1;2023-08-09
;2;92472-2023;19;6;2023-08-18
;2;17419-2023;19;6;2023-08-18
;2;17252-2023;3;2;2023-08-18
;2;92495-2023;3;3;2023-08-18
;2;92446-2023;3;8;2023-08-18
;2;92502-2023;3;8;2023-08-18
;2;17280-2023;3;4;2023-08-18
;2;92500-2023;16;22;2023-08-21
;2;92501-2023;16;1;2023-08-21
;2;17587-2023;14;1;2023-08-21
;2;92507-2023;15;6;2023-08-21
;2;17476-2023;15;3;2023-08-21
;2;17567-2023;15;4;2023-08-21
;2;92498-2023;14;9;2023-08-21
;2;92499-2023;14;1;2023-08-21
;2;92509-2023;15;1;2023-08-21
;2;92503-2023;15;1;2023-08-21
;2;92508-2023;16;4;2023-08-21
;2;92522-2023;15;6;2023-08-22
;2;92523-2023;15;1;2023-08-22
;2;17558-2023;14;5;2023-08-22
;2;92535-2023;16;4;2023-08-22
;2;17548-2023;22;5;2023-08-22
;2;17242-2023;14;2;2023-08-22
;2;92505-2023;16;12;2023-08-22
;2;92470-2023;16;1;2023-08-22
;2;92447-2023;16;11;2023-08-22
;2;17561-2023;16;2;2023-08-22
;2;92539-2023;22;5;2023-08-23
;2;17515-2023;14;2;2023-08-23
;2;17569-2023;14;6;2023-08-23
;2;17614-2023;15;1;2023-08-23
;2;17662-2023;15;7;2023-08-23
;2;16811-2023;22;1;2023-08-23
;2;17099-2023;15;5;2023-08-23
;2;17617-2023;16;1;2023-08-23
;2;17518-2023;16;6;2023-08-23
;2;17655-2023;22;2;2023-08-23
;2;17625-2023;14;2;2023-08-23
;2;17729-2023;22;2;2023-08-28
;2;17298-2023;22;3;2023-08-28
;2;17448-2023;12;5;2023-08-28
;2;92541-2023;19;8;2023-08-28
;2;92221-2023;19;4;2023-08-28
;2;17657-2023;22;2;2023-08-28
;2;17525-2023;22;7;2023-08-28
;2;17765-2023;12;2;2023-08-28
;2;17666-2023;17;12;2023-08-28
;2;92590-2023;12;12;2023-08-28
;2;17790-2023;22;1;2023-08-28
;2;92627-2023;17;6;2023-08-29
;2;17488-2023;19;11;2023-08-29
;2;17732-2023;19;2;2023-08-29
;2;17744-2023;19;3;2023-08-29
;2;92587-2023;19;5;2023-08-29
;2;17751-2023;4;10;2023-08-29
;2;92595-2023;12;9;2023-08-29
;2;92575-2023;17;6;2023-08-29
;2;17821-2023;17;3;2023-08-30
;2;92596-2023;19;4;2023-08-30
;2;92456-2023;19;2;2023-08-30
;2;17721-2023;12;1;2023-08-30
;2;17696-2023;22;12;2023-08-30
;2;17474-2023;22;2;2023-08-30
;2;17796-2023;4;4;2023-08-30
;2;17811-2023;19;2;2023-08-30
;2;17797-2023;22;1;2023-08-30
;2;17794-2023;17;3;2023-08-30
;2;17781-2023;17;2;2023-08-30
;2;17628-2023;22;1;2023-08-30
;2;17815-2023;12;1;2023-08-30
;2;17810-2023;4;3;2023-08-30
;2;17788-2023;17;4;2023-08-30
;2;17757-2023;12;2;2023-08-30
;2;17725-2023;12;1;2023-08-30
;2;17820-2023;4;2;2023-08-30
;2;17912-2023;22;2;2023-09-04
;2;17939-2023;17;1;2023-09-04
;2;17826-2023;14;3;2023-09-04
;2;17836-2023;3;2;2023-09-04
;2;17953-2023;3;2;2023-09-04
;2;17731-2023;22;2;2023-09-04
;2;17958-2023;17;3;2023-09-04
;2;92706-2023;14;2;2023-09-04
;2;18009-2023;3;6;2023-09-08
;2;92697-2023;14;8;2023-09-08
;2;92197-2023;14;2;2023-09-08
;2;92742-2023;14;1;2023-09-08
;2;18033-2023;22;7;2023-09-08
;2;18092-2023;14;2;2023-09-08
;2;92691-2023;22;10;2023-09-08
;2;18017-2023;19;2;2023-09-11
;2;17942-2023;3;16;2023-09-11
;2;17994-2023;19;4;2023-09-11
;2;17864-2023;3;1;2023-09-11
;2;17998-2023;3;2;2023-09-11
;2;17973-2023;4;8;2023-09-11
;2;18053-2023;4;4;2023-09-14
;2;92754-2023;19;4;2023-09-14
;2;92787-2023;19;4;2023-09-14
;2;18181-2023;19;3;2023-09-14
;2;18203-2023;4;1;2023-09-14
;2;92758-2023;19;4;2023-09-14
;2;92961-2023;20;5;2023-09-29
;2;18333-2023;19;4;2023-09-29
;2;18435-2023;12;3;2023-09-29
;2;18222-2023;12;1;2023-09-29
;2;18459-2023;19;2;2023-09-29
;2;18494-2023;12;1;2023-09-29
;2;18488-2023;19;1;2023-09-29
;2;18375-2023;4;1;2023-09-29
;2;18411-2023;20;1;2023-09-29
;2;18358-2023;12;6;2023-09-29
;2;18401-2023;3;6;2023-10-04
;2;18509-2023;4;1;2023-10-04
;3;33059-2023;5;1;2023-01-05
;3;10121-2023;5;1;2023-01-05
;3;10003-2023;17;7;2023-01-05
;3;10081-2023;5;1;2023-01-05
;3;90015-2023;3;17;2023-01-05
;3;10106-2023;12;2;2023-01-05
;3;90003-2023;25;27;2023-01-05
;3;90019-2023;25;7;2023-01-05
;3;90021-2023;4;8;2023-01-06
;3;10051-2023;3;2;2023-01-06
;3;10097-2023;19;1;2023-01-06
;3;10054-2023;12;7;2023-01-06
;3;10074-2023;3;9;2023-01-06
;3;10029-2023;25;13;2023-01-06
;3;10181-2023;12;1;2023-01-06
;3;10063-2023;19;4;2023-01-06
;3;10052-2023;20;2;2023-01-06
;3;10099-2023;17;3;2023-01-06
;3;90044-2023;14;7;2023-01-10
;3;90033-2023;14;1;2023-01-10
;3;32412-2023;16;2;2023-01-10
;3;32460-2023;14;1;2023-01-10
;3;10350-2023;23;3;2023-01-11
;3;10066-2023;23;9;2023-01-11
;3;90061-2023;13;9;2023-01-11
;3;10353-2023;10;1;2023-01-11
;3;90035-2023;14;15;2023-01-11
;3;10331-2023;10;1;2023-01-11
;3;10332-2023;10;1;2023-01-11
;3;10319-2023;14;1;2023-01-11
;3;10267-2023;14;2;2023-01-11
;3;10020-2023;13;3;2023-01-11
;3;10246-2023;23;1;2023-01-11
;3;10351-2023;10;2;2023-01-11
;3;10355-2023;14;4;2023-01-11
;3;10263-2023;9;3;2023-01-11
;3;10357-2023;15;2;2023-01-11
;3;10576-2023;19;1;2023-01-18
;3;10534-2023;25;2;2023-01-18
;3;90076-2023;3;10;2023-01-18
;3;90096-2023;3;1;2023-01-18
;3;10583-2023;5;1;2023-01-18
;3;10475-2023;25;6;2023-01-18
;3;10201-2023;19;4;2023-01-18
;3;10477-2023;25;7;2023-01-18
;3;10593-2023;25;2;2023-01-18
;3;10571-2023;5;1;2023-01-18
;3;10522-2023;12;3;2023-01-18
;3;90074-2023;19;20;2023-01-18
;3;10565-2023;12;1;2023-01-18
;3;10436-2023;3;5;2023-01-18
;3;10499-2023;17;2;2023-01-18
;3;10556-2023;17;3;2023-01-18
;3;90142-2023;16;10;2023-01-23
;3;10537-2023;9;5;2023-01-23
;3;10698-2023;16;2;2023-01-23
;3;90099-2023;22;9;2023-01-23
;3;10729-2023;23;5;2023-01-23
;3;10579-2023;15;4;2023-01-23
;3;10769-2023;15;1;2023-01-23
;3;10785-2023;15;2;2023-01-23
;3;90128-2023;9;14;2023-01-23
;3;10779-2023;10;1;2023-01-23
;3;90163-2023;10;1;2023-01-23
;3;90101-2023;22;8;2023-01-23
;3;90168-2023;15;7;2023-01-24
;3;10722-2023;22;3;2023-01-24
;3;10811-2023;22;5;2023-01-24
;3;90136-2023;16;7;2023-01-24
;3;90138-2023;16;4;2023-01-24
;3;90167-2023;10;2;2023-01-24
;3;90132-2023;15;5;2023-01-24
;3;90139-2023;15;1;2023-01-24
;3;10306-2023;6;13;2023-01-25
;3;10725-2023;22;7;2023-01-25
;3;10882-2023;23;2;2023-01-25
;3;10727-2023;9;12;2023-01-25
;3;90231-2023;16;2;2023-01-26
;3;90212-2023;16;3;2023-01-26
;3;10873-2023;22;2;2023-01-26
;3;10914-2023;16;2;2023-01-26
;3;90104-2023;15;4;2023-01-26
;3;90211-2023;9;8;2023-01-26
;3;90234-2023;9;3;2023-01-26
;3;10942-2023;15;2;2023-01-26
;3;90174-2023;6;4;2023-01-26
;3;10849-2023;14;1;2023-01-27
;3;10915-2023;6;5;2023-01-27
;3;90188-2023;14;5;2023-01-27
;3;90192-2023;14;1;2023-01-27
;3;10924-2023;16;2;2023-01-27
;3;10798-2023;14;4;2023-01-27
;3;10272-2023;22;6;2023-01-27
;3;10304-2023;22;1;2023-01-27
;3;10642-2023;15;3;2023-01-27
;3;10943-2023;15;4;2023-01-27
;3;10619-2023;9;5;2023-01-27
;3;10884-2023;9;1;2023-01-27
;3;10918-2023;22;6;2023-01-27
;3;90186-2023;22;6;2023-01-27
;3;10886-2023;16;5;2023-01-27
;3;10936-2023;23;3;2023-01-27
;3;10888-2023;19;5;2023-02-02
;3;90294-2023;19;8;2023-02-02
;3;90308-2023;3;9;2023-02-02
;3;90292-2023;20;10;2023-02-02
;3;11111-2023;20;5;2023-02-02
;3;11220-2023;17;1;2023-02-02
;3;90325-2023;3;6;2023-02-02
;3;90362-2023;3;2;2023-02-02
;3;90293-2023;3;7;2023-02-03
;3;11213-2023;17;3;2023-02-03
;3;11036-2023;4;6;2023-02-03
;3;11252-2023;19;3;2023-02-03
;3;11236-2023;19;2;2023-02-03
;3;10629-2023;4;3;2023-02-03
;3;11104-2023;3;2;2023-02-03
;3;11218-2023;25;4;2023-02-03
;3;11217-2023;4;2;2023-02-03
;3;11211-2023;19;5;2023-02-03
;3;11166-2023;25;4;2023-02-03
;3;11168-2023;3;4;2023-02-03
;3;11221-2023;17;4;2023-02-03
;3;11312-2023;14;1;2023-02-07
;3;11301-2023;22;3;2023-02-07
;3;90337-2023;22;4;2023-02-07
;3;90387-2023;22;1;2023-02-07
;3;90408-2023;22;16;2023-02-07
;3;90384-2023;22;1;2023-02-07
;3;90335-2023;6;8;2023-02-07
;3;90383-2023;6;1;2023-02-07
;3;10443-2023;14;4;2023-02-07
;3;11258-2023;16;3;2023-02-07
;3;90409-2023;6;3;2023-02-08
;3;90403-2023;6;4;2023-02-08
;3;11255-2023;22;7;2023-02-08
;3;10309-2023;23;5;2023-02-08
;3;11373-2023;10;1;2023-02-08
;3;11350-2023;14;4;2023-02-08
;3;11339-2023;6;6;2023-02-08
;3;11282-2023;23;3;2023-02-08
;3;11370-2023;23;8;2023-02-08
;3;11299-2023;22;9;2023-02-08
;3;11209-2023;14;3;2023-02-08
;3;11362-2023;10;2;2023-02-08
;3;10650-2023;10;2;2023-02-08
;3;11276-2023;10;2;2023-02-08
;3;11344-2023;16;6;2023-02-08
;3;11234-2023;10;2;2023-02-08
;3;11381-2023;22;1;2023-02-08
;3;11315-2023;16;2;2023-02-08
;3;11311-2023;16;2;2023-02-08
;3;90458-2023;3;12;2023-02-13
;3;90460-2023;3;1;2023-02-13
;3;90442-2023;20;12;2023-02-13
;3;11554-2023;20;1;2023-02-13
;3;90440-2023;12;7;2023-02-13
;3;90446-2023;12;1;2023-02-13
;3;90459-2023;17;9;2023-02-13
;3;11116-2023;5;2;2023-02-13
;3;90429-2023;19;10;2023-02-13
;3;11216-2023;25;3;2023-02-13
;3;11509-2023;25;5;2023-02-13
;3;11439-2023;12;4;2023-02-15
;3;11594-2023;5;1;2023-02-15
;3;11028-2023;3;8;2023-02-15
;3;11597-2023;12;3;2023-02-15
;3;11382-2023;4;3;2023-02-15
;3;11619-2023;5;1;2023-02-15
;3;11526-2023;4;4;2023-02-15
;3;10797-2023;12;6;2023-02-15
;3;11190-2023;25;4;2023-02-15
;3;10010-2023;25;6;2023-02-15
;3;11142-2023;25;2;2023-02-15
;3;11642-2023;5;2;2023-02-15
;3;11563-2023;19;10;2023-02-15
;3;11611-2023;17;6;2023-02-15
;3;11570-2023;17;4;2023-02-15
;3;11341-2023;20;3;2023-02-15
;3;11450-2023;20;1;2023-02-15
;3;11848-2023;22;3;2023-02-22
;3;11792-2023;23;3;2023-02-22
;3;11105-2023;22;6;2023-02-22
;3;11866-2023;10;2;2023-02-22
;3;11789-2023;6;4;2023-02-22
;3;11849-2023;6;2;2023-02-22
;3;11788-2023;14;1;2023-02-22
;3;11846-2023;6;3;2023-02-22
;3;11868-2023;23;2;2023-02-22
;3;11412-2023;22;6;2023-02-22
;3;11489-2023;13;3;2023-02-22
;3;90519-2023;6;18;2023-02-22
;3;11704-2023;23;2;2023-02-22
;3;11834-2023;22;2;2023-02-22
;3;11883-2023;14;3;2023-02-22
;3;90776-2023;13;12;2023-04-03
;3;90890-2023;13;3;2023-04-03
;3;13131-2023;16;3;2023-04-03
;3;13050-2023;13;14;2023-04-03
;3;12896-2023;9;5;2023-04-03
;3;13252-2023;15;1;2023-04-03
;3;12813-2023;6;8;2023-04-03
;3;13129-2023;14;9;2023-04-03
;3;13099-2023;13;4;2023-04-03
;3;12836-2023;14;3;2023-04-03
;3;13100-2023;22;2;2023-04-03
;3;13246-2023;9;2;2023-04-03
;3;13175-2023;16;4;2023-04-03
;3;13151-2023;16;1;2023-04-03
;3;13150-2023;16;1;2023-04-03
;3;13224-2023;16;1;2023-04-03
;3;13282-2023;9;1;2023-04-03
;3;12888-2023;22;1;2023-04-03
;3;13177-2023;9;1;2023-04-03
;3;13206-2023;16;4;2023-04-03
;3;13484-2023;12;2;2023-04-12
;3;13460-2023;17;10;2023-04-12
;3;90954-2023;17;6;2023-04-12
;3;13530-2023;25;2;2023-04-12
;3;13118-2023;20;3;2023-04-12
;3;13445-2023;4;5;2023-04-12
;3;13352-2023;19;5;2023-04-12
;3;13483-2023;17;2;2023-04-12
;3;13446-2023;19;3;2023-04-12
;3;13107-2023;25;3;2023-04-12
;3;13437-2023;25;5;2023-04-12
;3;90953-2023;20;6;2023-04-12
;3;13339-2023;20;8;2023-04-12
;3;13408-2023;17;1;2023-04-12
;3;13475-2023;25;3;2023-04-12
;3;13579-2023;22;2;2023-04-17
;3;13267-2023;14;3;2023-04-17
;3;13270-2023;14;1;2023-04-17
;3;13367-2023;16;2;2023-04-17
;3;13615-2023;6;2;2023-04-17
;3;13602-2023;13;6;2023-04-17
;3;13557-2023;15;13;2023-04-17
;3;13567-2023;14;8;2023-04-17
;3;13350-2023;16;9;2023-04-17
;3;13605-2023;13;2;2023-04-17
;3;13453-2023;13;7;2023-04-17
;3;13666-2023;16;2;2023-04-17
;3;13667-2023;16;1;2023-04-17
;3;13669-2023;16;1;2023-04-17
;3;91056-2023;16;3;2023-04-19
;3;91060-2023;16;9;2023-04-19
;3;91061-2023;16;2;2023-04-19
;3;91077-2023;16;1;2023-04-19
;3;91124-2023;17;3;2023-04-25
;3;91123-2023;17;9;2023-04-25
;3;13592-2023;3;8;2023-04-25
;3;91086-2023;25;16;2023-04-25
;3;13917-2023;25;1;2023-04-25
;3;13804-2023;3;5;2023-04-25
;3;91121-2023;4;5;2023-04-25
;3;91122-2023;4;1;2023-04-25
;3;91091-2023;19;6;2023-04-25
;3;91089-2023;20;5;2023-04-25
;3;13559-2023;25;1;2023-04-25
;3;13886-2023;19;3;2023-04-26
;3;13733-2023;12;3;2023-04-26
;3;13844-2023;4;2;2023-04-26
;3;13826-2023;4;2;2023-04-26
;3;13734-2023;4;4;2023-04-26
;3;13904-2023;5;3;2023-04-26
;3;13910-2023;20;5;2023-04-26
;3;13845-2023;3;7;2023-04-26
;3;91070-2023;17;19;2023-04-26
;3;13688-2023;17;1;2023-04-26
;3;13716-2023;19;2;2023-04-26
;3;13842-2023;19;1;2023-04-26
;3;13912-2023;3;2;2023-04-26
;3;91180-2023;16;15;2023-05-02
;3;91204-2023;16;1;2023-05-02
;3;91179-2023;22;17;2023-05-02
;3;14206-2023;14;2;2023-05-02
;3;14079-2023;14;6;2023-05-02
;3;14166-2023;22;1;2023-05-02
;3;14033-2023;9;8;2023-05-02
;3;14205-2023;9;1;2023-05-02
;3;14183-2023;9;2;2023-05-02
;3;13960-2023;22;4;2023-05-02
;3;14198-2023;16;3;2023-05-03
;3;13148-2023;16;11;2023-05-03
;3;91176-2023;13;6;2023-05-03
;3;91093-2023;13;1;2023-05-03
;3;14139-2023;15;2;2023-05-03
;3;14022-2023;23;10;2023-05-03
;3;14015-2023;6;5;2023-05-03
;3;14200-2023;16;3;2023-05-03
;3;14208-2023;14;2;2023-05-03
;3;14076-2023;9;8;2023-05-03
;3;13963-2023;14;5;2023-05-03
;3;14096-2023;15;12;2023-05-03
;3;14289-2023;6;2;2023-05-03
;3;91100-2023;22;19;2023-05-03
;3;14080-2023;13;4;2023-05-03
;3;14195-2023;15;1;2023-05-03
;3;14099-2023;16;1;2023-05-03
;3;14266-2023;16;1;2023-05-03
;3;14157-2023;15;1;2023-05-03
;3;91233-2023;23;3;2023-05-05
;3;91232-2023;23;6;2023-05-05
;3;14335-2023;13;7;2023-05-05
;3;91197-2023;6;7;2023-05-05
;3;14229-2023;6;2;2023-05-05
;3;14299-2023;6;1;2023-05-05
;3;14311-2023;6;1;2023-05-05
;3;14329-2023;5;2;2023-05-09
;3;14330-2023;20;10;2023-05-09
;3;14167-2023;5;2;2023-05-09
;3;14417-2023;5;1;2023-05-09
;3;91223-2023;19;15;2023-05-09
;3;90897-2023;19;1;2023-05-09
;3;14349-2023;12;4;2023-05-09
;3;13956-2023;12;2;2023-05-09
;3;14379-2023;5;2;2023-05-09
;3;14466-2023;4;4;2023-05-09
;3;14236-2023;4;2;2023-05-09
;3;14188-2023;3;12;2023-05-09
;3;14377-2023;17;10;2023-05-09
;3;14459-2023;17;3;2023-05-09
;3;14396-2023;19;4;2023-05-09
;3;91226-2023;3;9;2023-05-09
;3;14477-2023;25;2;2023-05-10
;3;14486-2023;19;4;2023-05-10
;3;14209-2023;25;5;2023-05-10
;3;14103-2023;20;3;2023-05-10
;3;14419-2023;25;3;2023-05-10
;3;14388-2023;4;1;2023-05-10
;3;14479-2023;5;1;2023-05-10
;3;14171-2023;12;2;2023-05-10
;3;14281-2023;4;3;2023-05-10
;3;14426-2023;4;1;2023-05-10
;3;14222-2023;19;6;2023-05-10
;3;14428-2023;19;17;2023-05-10
;3;91224-2023;25;17;2023-05-10
;3;91156-2023;25;1;2023-05-10
;3;14409-2023;25;4;2023-05-10
;3;91258-2023;19;8;2023-05-12
;3;91269-2023;5;6;2023-05-12
;3;14563-2023;19;3;2023-05-12
;3;91237-2023;4;7;2023-05-12
;3;91267-2023;17;11;2023-05-12
;3;13333-2023;16;3;2023-05-15
;3;13330-2023;16;5;2023-05-15
;3;14652-2023;13;3;2023-05-15
;3;14355-2023;16;4;2023-05-15
;3;91289-2023;14;11;2023-05-15
;3;14675-2023;9;4;2023-05-15
;3;14576-2023;9;11;2023-05-15
;3;14646-2023;23;3;2023-05-15
;3;14597-2023;13;5;2023-05-15
;3;14487-2023;22;4;2023-05-15
;3;91280-2023;23;5;2023-05-15
;3;14029-2023;15;3;2023-05-15
;3;91297-2023;16;8;2023-05-17
;3;14586-2023;15;11;2023-05-17
;3;14219-2023;15;4;2023-05-17
;3;14680-2023;14;3;2023-05-17
;3;14624-2023;6;6;2023-05-17
;3;14217-2023;23;5;2023-05-17
;3;14609-2023;23;4;2023-05-17
;3;14450-2023;9;3;2023-05-17
;3;14701-2023;9;1;2023-05-17
;3;14623-2023;9;3;2023-05-17
;3;14649-2023;10;1;2023-05-17
;3;14687-2023;9;1;2023-05-17
;3;14395-2023;9;4;2023-05-17
;3;14478-2023;16;5;2023-05-17
;3;14158-2023;16;3;2023-05-17
;3;14677-2023;16;3;2023-05-17
;3;14627-2023;10;2;2023-05-17
;3;14767-2023;22;1;2023-05-17
;3;14357-2023;22;1;2023-05-17
;3;14642-2023;22;1;2023-05-17
;3;14859-2023;25;1;2023-05-22
;3;14753-2023;12;9;2023-05-22
;3;14570-2023;25;6;2023-05-22
;3;14828-2023;19;2;2023-05-22
;3;14517-2023;25;3;2023-05-22
;3;14706-2023;3;2;2023-05-22
;3;14607-2023;4;3;2023-05-22
;3;14648-2023;25;2;2023-05-22
;3;14821-2023;20;2;2023-05-22
;3;14816-2023;12;1;2023-05-22
;3;14833-2023;12;4;2023-05-22
;3;14257-2023;12;3;2023-05-22
;3;13864-2023;12;4;2023-05-22
;3;14747-2023;3;3;2023-05-22
;3;14830-2023;3;2;2023-05-22
;3;14807-2023;19;4;2023-05-22
;3;14870-2023;20;5;2023-05-22
;3;14180-2023;25;5;2023-05-22
;3;91395-2023;25;5;2023-05-26
;3;15022-2023;25;4;2023-05-26
;3;15045-2023;19;6;2023-05-26
;3;14930-2023;17;3;2023-05-26
;3;14879-2023;19;4;2023-05-26
;3;13628-2023;20;2;2023-05-26
;3;15031-2023;19;1;2023-05-26
;3;14999-2023;19;1;2023-05-26
;3;14796-2023;12;4;2023-05-26
;3;14651-2023;12;13;2023-05-26
;3;14855-2023;17;4;2023-05-26
;3;14928-2023;17;1;2023-05-26
;3;14944-2023;20;2;2023-05-26
;3;14125-2023;25;3;2023-05-26
;3;14893-2023;12;1;2023-05-26
;3;14989-2023;20;7;2023-05-26
;3;15071-2023;20;5;2023-05-26
;3;14909-2023;25;7;2023-05-26
;3;15201-2023;10;2;2023-05-31
;3;15158-2023;13;2;2023-05-31
;3;15130-2023;16;2;2023-05-31
;3;91428-2023;13;10;2023-05-31
;3;91430-2023;13;1;2023-05-31
;3;15203-2023;14;1;2023-05-31
;3;15111-2023;14;3;2023-05-31
;3;15070-2023;6;3;2023-05-31
;3;15121-2023;13;5;2023-05-31
;3;14983-2023;13;6;2023-05-31
;3;15115-2023;10;1;2023-05-31
;3;15143-2023;10;1;2023-05-31
;3;14950-2023;10;3;2023-05-31
;3;91426-2023;16;11;2023-05-31
;3;91470-2023;16;1;2023-05-31
;3;91449-2023;16;1;2023-05-31
;3;15116-2023;16;1;2023-05-31
;3;15077-2023;14;7;2023-05-31
;3;15095-2023;14;3;2023-05-31
;3;15165-2023;10;1;2023-05-31
;3;15046-2023;22;3;2023-05-31
;3;15316-2023;25;7;2023-06-06
;3;15291-2023;3;3;2023-06-06
;3;91515-2023;17;21;2023-06-06
;3;91541-2023;19;5;2023-06-06
;3;91530-2023;20;10;2023-06-06
;3;15370-2023;25;3;2023-06-07
;3;15378-2023;3;5;2023-06-07
;3;91543-2023;4;4;2023-06-07
;3;91559-2023;4;10;2023-06-07
;3;15391-2023;4;1;2023-06-07
;3;15388-2023;4;1;2023-06-07
;3;15361-2023;20;4;2023-06-07
;3;15416-2023;17;3;2023-06-07
;3;15326-2023;19;20;2023-06-07
;3;15359-2023;25;4;2023-06-07
;3;15347-2023;3;3;2023-06-07
;3;91556-2023;3;8;2023-06-07
;3;15257-2023;19;1;2023-06-09
;3;15218-2023;25;2;2023-06-09
;3;15447-2023;3;2;2023-06-09
;3;15254-2023;19;26;2023-06-09
;3;15252-2023;4;2;2023-06-09
;3;91568-2023;3;17;2023-06-09
;3;91448-2023;3;2;2023-06-09
;3;15409-2023;17;12;2023-06-09
;3;15403-2023;25;2;2023-06-09
;3;15455-2023;3;3;2023-06-09
;3;15407-2023;12;1;2023-06-09
;3;15494-2023;25;1;2023-06-09
;3;15399-2023;4;5;2023-06-09
;3;15408-2023;17;3;2023-06-09
;3;15468-2023;25;1;2023-06-09
;3;91567-2023;17;7;2023-06-09
;3;91446-2023;17;2;2023-06-09
;3;15430-2023;19;1;2023-06-09
;3;15446-2023;19;1;2023-06-09
;3;15476-2023;12;2;2023-06-09
;3;15435-2023;25;2;2023-06-09
;3;14993-2023;12;3;2023-06-09
;3;91580-2023;17;1;2023-06-09
;3;15436-2023;14;3;2023-06-14
;3;15445-2023;9;1;2023-06-14
;3;15463-2023;22;1;2023-06-14
;3;15509-2023;6;8;2023-06-14
;3;15437-2023;16;5;2023-06-14
;3;15530-2023;9;1;2023-06-14
;3;15573-2023;16;2;2023-06-14
;3;91611-2023;6;3;2023-06-14
;3;15629-2023;9;2;2023-06-14
;3;15564-2023;23;2;2023-06-14
;3;15585-2023;23;3;2023-06-14
;3;14915-2023;23;4;2023-06-14
;3;15544-2023;16;3;2023-06-14
;3;91662-2023;12;8;2023-06-19
;3;91325-2023;12;2;2023-06-19
;3;15703-2023;12;1;2023-06-19
;3;15333-2023;20;7;2023-06-19
;3;15368-2023;3;8;2023-06-19
;3;15379-2023;3;2;2023-06-19
;3;15650-2023;20;2;2023-06-19
;3;15779-2023;20;3;2023-06-19
;3;15637-2023;19;9;2023-06-19
;3;15667-2023;17;6;2023-06-19
;3;15412-2023;17;7;2023-06-19
;3;15546-2023;3;6;2023-06-19
;3;15434-2023;17;10;2023-06-19
;3;15483-2023;12;2;2023-06-19
;3;15491-2023;17;2;2023-06-19
;3;15533-2023;20;2;2023-06-19
;3;15679-2023;12;1;2023-06-19
;3;15579-2023;19;4;2023-06-19
;3;91712-2023;17;5;2023-06-22
;3;91711-2023;17;16;2023-06-22
;3;15864-2023;12;4;2023-06-22
;3;91724-2023;19;18;2023-06-23
;3;15823-2023;17;5;2023-06-23
;3;15520-2023;20;2;2023-06-23
;3;15935-2023;12;1;2023-06-23
;3;91722-2023;17;9;2023-06-23
;3;14751-2023;20;5;2023-06-23
;3;15376-2023;12;11;2023-06-23
;3;15925-2023;12;1;2023-06-23
;3;91715-2023;3;8;2023-06-23
;3;91716-2023;3;1;2023-06-23
;3;91732-2023;9;10;2023-06-26
;3;91748-2023;9;2;2023-06-26
;3;15965-2023;10;2;2023-06-26
;3;15710-2023;6;5;2023-06-26
;3;15867-2023;6;7;2023-06-26
;3;15859-2023;13;6;2023-06-26
;3;15841-2023;9;4;2023-06-26
;3;15808-2023;6;4;2023-06-26
;3;15913-2023;6;6;2023-06-26
;3;15633-2023;10;2;2023-06-26
;3;15762-2023;10;2;2023-06-26
;3;15735-2023;15;4;2023-06-26
;3;15796-2023;16;5;2023-06-26
;3;15814-2023;10;1;2023-06-26
;3;15902-2023;10;2;2023-06-26
;3;15998-2023;10;3;2023-06-26
;3;15948-2023;6;6;2023-06-26
;3;91754-2023;13;9;2023-06-28
;3;91740-2023;13;1;2023-06-28
;3;15826-2023;13;10;2023-06-28
;3;16031-2023;13;2;2023-06-28
;3;14433-2023;15;5;2023-06-28
;3;16443-2023;13;2;2023-07-14
;3;16230-2023;22;3;2023-07-14
;3;16538-2023;15;1;2023-07-14
;3;91932-2023;13;2;2023-07-14
;3;91822-2023;6;5;2023-07-14
;3;91821-2023;6;4;2023-07-14
;3;16381-2023;6;4;2023-07-14
;3;16336-2023;15;7;2023-07-14
;3;15768-2023;16;4;2023-07-14
;3;16322-2023;16;2;2023-07-14
;3;16242-2023;16;2;2023-07-14
;3;14880-2023;19;1;2023-07-18
;3;14443-2023;19;11;2023-07-18
;3;16612-2023;19;6;2023-07-18
;3;16595-2023;12;5;2023-07-18
;3;16435-2023;19;8;2023-07-18
;3;92024-2023;3;14;2023-07-18
;3;92041-2023;3;1;2023-07-18
;3;16555-2023;4;7;2023-07-18
;3;92025-2023;25;4;2023-07-18
;3;92032-2023;25;6;2023-07-18
;3;91957-2023;25;10;2023-07-18
;3;92038-2023;25;1;2023-07-18
;3;16613-2023;20;1;2023-07-19
;3;16577-2023;20;2;2023-07-19
;3;16425-2023;20;2;2023-07-19
;3;16642-2023;12;2;2023-07-19
;3;16003-2023;4;3;2023-07-19
;3;16584-2023;3;1;2023-07-19
;3;91988-2023;25;18;2023-07-19
;3;92002-2023;25;4;2023-07-19
;3;92040-2023;25;1;2023-07-19
;3;16609-2023;12;1;2023-07-19
;3;16576-2023;19;11;2023-07-19
;3;16567-2023;12;3;2023-07-19
;3;16607-2023;3;12;2023-07-19
;3;92066-2023;4;1;2023-07-19
;3;92119-2023;15;7;2023-07-24
;3;92120-2023;15;3;2023-07-24
;3;92136-2023;15;1;2023-07-24
;3;16655-2023;9;10;2023-07-25
;3;92138-2023;15;9;2023-07-25
;3;92140-2023;15;6;2023-07-25
;3;16661-2023;16;6;2023-07-25
;3;92113-2023;15;1;2023-07-25
;3;16846-2023;15;5;2023-07-25
;3;16774-2023;16;3;2023-07-25
;3;92139-2023;13;8;2023-07-25
;3;16734-2023;9;3;2023-07-25
;3;14444-2023;15;9;2023-07-27
;3;16685-2023;15;5;2023-07-27
;3;16856-2023;13;3;2023-07-27
;3;92150-2023;16;4;2023-07-27
;3;92151-2023;16;3;2023-07-27
;3;92087-2023;16;5;2023-07-27
;3;92084-2023;16;7;2023-07-27
;3;92085-2023;16;4;2023-07-27
;3;16725-2023;16;2;2023-07-27
;3;16848-2023;13;6;2023-07-27
;3;92144-2023;9;8;2023-07-27
;3;92145-2023;9;4;2023-07-27
;3;16798-2023;13;1;2023-07-27
;3;16831-2023;15;1;2023-07-27
;3;16914-2023;13;4;2023-07-27
;3;16333-2023;15;2;2023-07-27
;3;92149-2023;15;9;2023-07-28
;3;92182-2023;15;1;2023-07-28
;3;92191-2023;15;3;2023-07-28
;3;16787-2023;22;8;2023-07-28
;3;16786-2023;22;3;2023-07-28
;3;16783-2023;9;2;2023-07-28
;3;16626-2023;15;4;2023-07-28
;3;16916-2023;15;2;2023-07-28
;3;16895-2023;9;5;2023-07-28
;3;16885-2023;9;1;2023-07-28
;3;16905-2023;22;1;2023-07-28
;3;16911-2023;13;7;2023-07-28
;3;16373-2023;13;4;2023-07-28
;3;92054-2023;16;7;2023-07-28
;3;92064-2023;16;1;2023-07-28
;3;92161-2023;16;6;2023-07-28
;3;16709-2023;15;5;2023-07-28
;3;92217-2023;12;5;2023-08-02
;3;92216-2023;12;4;2023-08-02
;3;92048-2023;12;4;2023-08-02
;3;92047-2023;12;2;2023-08-02
;3;92270-2023;12;2;2023-08-02
;3;17051-2023;20;1;2023-08-02
;3;15829-2023;20;1;2023-08-02
;3;16689-2023;17;8;2023-08-02
;3;16975-2023;3;10;2023-08-02
;3;16981-2023;3;4;2023-08-02
;3;16773-2023;3;1;2023-08-02
;3;17030-2023;12;2;2023-08-02
;3;16836-2023;20;1;2023-08-02
;3;17034-2023;20;7;2023-08-02
;3;17026-2023;4;2;2023-08-02
;3;92218-2023;4;8;2023-08-02
;3;16864-2023;17;4;2023-08-02
;3;16979-2023;12;2;2023-08-02
;3;17046-2023;20;6;2023-08-02
;3;92295-2023;22;18;2023-08-07
;3;17125-2023;6;2;2023-08-07
;3;16972-2023;6;3;2023-08-07
;3;17121-2023;9;7;2023-08-07
;3;17220-2023;9;3;2023-08-07
;3;17038-2023;22;3;2023-08-07
;3;17171-2023;15;4;2023-08-07
;3;17042-2023;14;2;2023-08-07
;3;17076-2023;22;3;2023-08-07
;3;17048-2023;14;8;2023-08-07
;3;17209-2023;14;1;2023-08-07
;3;17107-2023;15;5;2023-08-07
;3;16977-2023;22;7;2023-08-07
;3;17097-2023;6;10;2023-08-07
;3;90856-2023;15;4;2023-08-09
;3;92298-2023;14;1;2023-08-09
;3;17136-2023;14;6;2023-08-09
;3;17123-2023;14;3;2023-08-09
;3;16812-2023;22;5;2023-08-09
;3;17193-2023;15;9;2023-08-09
;3;16797-2023;9;4;2023-08-09
;3;17158-2023;9;3;2023-08-09
;3;17213-2023;9;2;2023-08-09
;3;17204-2023;9;2;2023-08-09
;3;17243-2023;15;2;2023-08-09
;3;17219-2023;6;2;2023-08-09
;3;17246-2023;9;1;2023-08-09
;3;17090-2023;22;4;2023-08-09
;3;17254-2023;15;2;2023-08-09
;3;92272-2023;14;7;2023-08-09
;3;92350-2023;14;3;2023-08-09
;3;92363-2023;14;1;2023-08-09
;3;17139-2023;6;5;2023-08-09
;3;17218-2023;15;2;2023-08-09
;3;17063-2023;15;1;2023-08-09
;3;17266-2023;4;3;2023-08-14
;3;16244-2023;3;3;2023-08-14
;3;17047-2023;3;1;2023-08-14
;3;17282-2023;4;2;2023-08-14
;3;92370-2023;3;17;2023-08-14
;3;17362-2023;12;1;2023-08-14
;3;17210-2023;4;2;2023-08-14
;3;17258-2023;19;3;2023-08-14
;3;17086-2023;19;8;2023-08-14
;3;17321-2023;4;5;2023-08-14
;3;17288-2023;4;8;2023-08-14
;3;17325-2023;4;7;2023-08-14
;3;11181-2023;19;3;2023-08-14
;3;16707-2023;19;1;2023-08-14
;3;17316-2023;3;1;2023-08-14
;3;17338-2023;12;12;2023-08-14
;3;17356-2023;4;1;2023-08-14
;3;16950-2023;12;4;2023-08-14
;3;17349-2023;19;7;2023-08-14
;3;17179-2023;3;4;2023-08-14
;3;17122-2023;12;4;2023-08-14
;3;17333-2023;12;8;2023-08-18
;3;17326-2023;12;3;2023-08-18
;3;17060-2023;12;9;2023-08-18
;3;92476-2023;12;10;2023-08-18
;3;17031-2023;12;7;2023-08-18
;3;16993-2023;3;7;2023-08-18
;3;17383-2023;3;2;2023-08-18
;3;17372-2023;19;9;2023-08-18
;3;92469-2023;19;8;2023-08-18
;3;17516-2023;12;2;2023-08-18
;3;92504-2023;22;2;2023-08-21
;3;17434-2023;14;2;2023-08-21
;3;17536-2023;14;1;2023-08-21
;3;17545-2023;15;3;2023-08-21
;3;17405-2023;14;4;2023-08-21
;3;17523-2023;16;3;2023-08-21
;3;17527-2023;22;1;2023-08-21
;3;17422-2023;16;4;2023-08-21
;3;17420-2023;16;8;2023-08-21
;3;17544-2023;14;1;2023-08-21
;3;17570-2023;15;2;2023-08-21
;3;17498-2023;22;4;2023-08-21
;3;17064-2023;22;3;2023-08-21
;3;17552-2023;22;1;2023-08-21
;3;16751-2023;15;3;2023-08-21
;3;17546-2023;16;1;2023-08-21
;3;17553-2023;16;1;2023-08-21
;3;17533-2023;14;1;2023-08-21
;3;92474-2023;22;9;2023-08-21
;3;17270-2023;15;5;2023-08-21
;3;17572-2023;14;4;2023-08-21
;3;17413-2023;16;2;2023-08-21
;3;17520-2023;22;1;2023-08-21
;3;92514-2023;22;1;2023-08-21
;3;92574-2023;22;4;2023-08-25
;3;92573-2023;22;6;2023-08-25
;3;17613-2023;22;3;2023-08-25
;3;17367-2023;14;3;2023-08-25
;3;17606-2023;22;1;2023-08-25
;3;17674-2023;16;1;2023-08-25
;3;17594-2023;14;4;2023-08-25
;3;17603-2023;15;4;2023-08-25
;3;17691-2023;15;1;2023-08-25
;3;17654-2023;16;5;2023-08-25
;3;17430-2023;22;8;2023-08-30
;3;17530-2023;19;4;2023-08-30
;3;17659-2023;17;25;2023-08-30
;3;92589-2023;12;10;2023-08-30
;3;92602-2023;12;4;2023-08-30
;3;17755-2023;22;1;2023-08-30
;3;17789-2023;22;1;2023-08-30
;3;17719-2023;4;11;2023-08-30
;3;17748-2023;22;4;2023-08-30
;3;17809-2023;12;3;2023-08-30
;3;92549-2023;4;2;2023-08-30
;3;17481-2023;19;5;2023-08-30
;3;17795-2023;22;1;2023-08-30
;3;17767-2023;4;4;2023-09-01
;3;17596-2023;3;8;2023-09-01
;3;17863-2023;4;4;2023-09-01
;3;92634-2023;17;12;2023-09-01
;3;92678-2023;17;3;2023-09-01
;3;17849-2023;3;1;2023-09-01
;3;92631-2023;12;8;2023-09-01
;3;17913-2023;3;2;2023-09-04
;3;17489-2023;14;2;2023-09-04
;3;17843-2023;22;1;2023-09-04
;3;17985-2023;22;1;2023-09-04
;3;17738-2023;22;1;2023-09-04
;3;17835-2023;17;2;2023-09-04
;3;17898-2023;14;3;2023-09-04
;3;17889-2023;3;2;2023-09-04
;3;17969-2023;14;2;2023-09-06
;3;17961-2023;14;2;2023-09-06
;3;17977-2023;3;3;2023-09-06
;3;17971-2023;22;1;2023-09-06
;3;17915-2023;14;1;2023-09-06
;3;92694-2023;3;8;2023-09-06
;3;92695-2023;3;2;2023-09-06
;3;92710-2023;3;6;2023-09-08
;3;92731-2023;3;1;2023-09-08
;3;92741-2023;3;1;2023-09-08
;3;18076-2023;3;2;2023-09-08
;3;17629-2023;22;1;2023-09-08
;3;92745-2023;14;5;2023-09-08
;3;92291-2023;14;2;2023-09-08
;3;92751-2023;14;1;2023-09-08
;3;92734-2023;3;4;2023-09-08
;3;92744-2023;14;3;2023-09-08
;3;17852-2023;22;7;2023-09-08
;3;17151-2023;3;3;2023-09-11
;3;17996-2023;19;2;2023-09-11
;3;18008-2023;4;3;2023-09-11
;3;18065-2023;4;1;2023-09-11
;3;17950-2023;19;4;2023-09-11
;3;18123-2023;4;4;2023-09-13
;3;18128-2023;4;5;2023-09-13
;3;18108-2023;3;5;2023-09-13
;3;18079-2023;19;6;2023-09-13
;3;18088-2023;4;6;2023-09-13
;3;18116-2023;4;2;2023-09-13
;3;18096-2023;19;10;2023-09-13
;3;18083-2023;3;4;2023-09-13
;3;18058-2023;19;5;2023-09-13
;3;17948-2023;3;1;2023-09-13
;3;17999-2023;3;3;2023-09-15
;3;18213-2023;19;3;2023-09-15
;3;18086-2023;19;4;2023-09-15
;3;18131-2023;19;6;2023-09-15
;3;18082-2023;19;4;2023-09-15
;3;18185-2023;3;5;2023-09-15
;3;18129-2023;19;1;2023-09-15
;3;17573-2023;4;2;2023-09-15
;3;18138-2023;3;4;2023-09-15
;3;18119-2023;4;1;2023-09-15
;3;18149-2023;4;8;2023-09-15
;4;10104-2023;25;3;2023-01-06
;4;10046-2023;4;10;2023-01-06
;4;10120-2023;12;3;2023-01-06
;4;10047-2023;17;3;2023-01-06
;4;10096-2023;5;1;2023-01-06
;4;10086-2023;20;8;2023-01-06
;4;10226-2023;20;1;2023-01-06
;4;10049-2023;19;15;2023-01-06
;4;10183-2023;19;3;2023-01-06
;4;10178-2023;5;1;2023-01-06
;4;10088-2023;12;4;2023-01-06
;4;10152-2023;5;1;2023-01-06
;4;10206-2023;12;2;2023-01-06
;4;10239-2023;5;1;2023-01-06
;4;10310-2023;13;3;2023-01-11
;4;90034-2023;16;9;2023-01-11
;4;10227-2023;16;2;2023-01-11
;4;10262-2023;9;1;2023-01-11
;4;10254-2023;15;3;2023-01-11
;4;10139-2023;13;4;2023-01-11
;4;10279-2023;13;2;2023-01-11
;4;10231-2023;13;9;2023-01-11
;4;10316-2023;13;1;2023-01-11
;4;10221-2023;10;1;2023-01-11
;4;10273-2023;9;10;2023-01-11
;4;10100-2023;16;5;2023-01-11
;4;10364-2023;10;1;2023-01-11
;4;10224-2023;10;1;2023-01-11
;4;10085-2023;15;7;2023-01-11
;4;10229-2023;14;2;2023-01-11
;4;10327-2023;23;2;2023-01-11
;4;10286-2023;16;1;2023-01-11
;4;10228-2023;23;4;2023-01-11
;4;10292-2023;10;1;2023-01-11
;4;10299-2023;16;7;2023-01-11
;4;10200-2023;10;1;2023-01-13
;4;90054-2023;23;8;2023-01-13
;4;90052-2023;23;1;2023-01-13
;4;10361-2023;14;2;2023-01-13
;4;10378-2023;14;5;2023-01-13
;4;10311-2023;15;3;2023-01-13
;4;10062-2023;16;4;2023-01-13
;4;10236-2023;14;4;2023-01-13
;4;10437-2023;14;3;2023-01-13
;4;10341-2023;10;2;2023-01-13
;4;10455-2023;14;3;2023-01-13
;4;10385-2023;23;3;2023-01-13
;4;10261-2023;23;1;2023-01-13
;4;10154-2023;23;1;2023-01-13
;4;10372-2023;23;1;2023-01-13
;4;90100-2023;25;4;2023-01-20
;4;10657-2023;19;1;2023-01-20
;4;10510-2023;19;5;2023-01-20
;4;10734-2023;12;9;2023-01-20
;4;10693-2023;12;2;2023-01-20
;4;10607-2023;17;5;2023-01-20
;4;90097-2023;25;17;2023-01-20
;4;10538-2023;12;4;2023-01-20
;4;10563-2023;25;2;2023-01-20
;4;10696-2023;19;1;2023-01-20
;4;10666-2023;20;3;2023-01-20
;4;10726-2023;20;3;2023-01-20
;4;10703-2023;19;1;2023-01-20
;4;90185-2023;15;10;2023-01-25
;4;90172-2023;6;10;2023-01-25
;4;10761-2023;14;1;2023-01-25
;4;90169-2023;16;15;2023-01-25
;4;90171-2023;16;4;2023-01-25
;4;90184-2023;22;7;2023-01-25
;4;10861-2023;22;4;2023-01-26
;4;10853-2023;14;4;2023-01-26
;4;10852-2023;14;2;2023-01-26
;4;10196-2023;23;7;2023-01-26
;4;10842-2023;14;9;2023-01-26
;4;10963-2023;14;1;2023-01-26
;4;10899-2023;22;4;2023-01-26
;4;90175-2023;15;9;2023-01-26
;4;90240-2023;9;18;2023-01-27
;4;90191-2023;6;13;2023-01-27
;4;10610-2023;9;4;2023-01-27
;4;10985-2023;16;5;2023-01-27
;4;10754-2023;6;3;2023-01-27
;4;10973-2023;16;2;2023-01-27
;4;10975-2023;22;1;2023-01-27
;4;10763-2023;14;3;2023-01-27
;4;10976-2023;9;3;2023-01-27
;4;10812-2023;22;4;2023-01-27
;4;10991-2023;9;2;2023-01-27
;4;90288-2023;3;15;2023-01-31
;4;90289-2023;3;1;2023-01-31
;4;90254-2023;3;2;2023-01-31
;4;11135-2023;19;2;2023-02-01
;4;11102-2023;20;4;2023-02-01
;4;10990-2023;4;3;2023-02-01
;4;10968-2023;4;3;2023-02-01
;4;11133-2023;3;6;2023-02-03
;4;11156-2023;19;2;2023-02-03
;4;11203-2023;19;1;2023-02-03
;4;10631-2023;4;3;2023-02-03
;4;11117-2023;4;1;2023-02-03
;4;11161-2023;25;5;2023-02-03
;4;11169-2023;20;4;2023-02-03
;4;90373-2023;16;14;2023-02-06
;4;11331-2023;16;4;2023-02-08
;4;11109-2023;16;3;2023-02-08
;4;90394-2023;10;1;2023-02-08
;4;11296-2023;16;4;2023-02-08
;4;90291-2023;16;9;2023-02-08
;4;90392-2023;16;10;2023-02-08
;4;11345-2023;15;5;2023-02-08
;4;11340-2023;10;2;2023-02-08
;4;11205-2023;23;6;2023-02-08
;4;10747-2023;10;1;2023-02-08
;4;11139-2023;16;2;2023-02-08
;4;11261-2023;10;3;2023-02-08
;4;11395-2023;15;5;2023-02-10
;4;11189-2023;15;2;2023-02-10
;4;11330-2023;16;4;2023-02-10
;4;11424-2023;16;2;2023-02-10
;4;90424-2023;15;12;2023-02-10
;4;90425-2023;22;5;2023-02-10
;4;90432-2023;15;4;2023-02-10
;4;11029-2023;10;4;2023-02-10
;4;90398-2023;22;17;2023-02-10
;4;11329-2023;15;1;2023-02-10
;4;11327-2023;15;1;2023-02-10
;4;11308-2023;14;9;2023-02-10
;4;90418-2023;22;7;2023-02-10
;4;11284-2023;20;4;2023-02-13
;4;11280-2023;17;7;2023-02-13
;4;11397-2023;5;12;2023-02-13
;4;11325-2023;25;6;2023-02-13
;4;11510-2023;4;4;2023-02-13
;4;11558-2023;3;4;2023-02-13
;4;11425-2023;25;9;2023-02-13
;4;11297-2023;4;9;2023-02-13
;4;11511-2023;5;3;2023-02-13
;4;11402-2023;25;4;2023-02-13
;4;11354-2023;4;9;2023-02-13
;4;11464-2023;17;4;2023-02-13
;4;11388-2023;12;4;2023-02-13
;4;11428-2023;14;10;2023-02-20
;4;11793-2023;15;2;2023-02-20
;4;90500-2023;22;9;2023-02-20
;4;11661-2023;13;3;2023-02-20
;4;11609-2023;15;3;2023-02-20
;4;11551-2023;22;5;2023-02-20
;4;10799-2023;22;12;2023-02-20
;4;11546-2023;6;3;2023-02-20
;4;11493-2023;10;2;2023-02-20
;4;11302-2023;9;5;2023-02-20
;4;11651-2023;15;1;2023-02-20
;4;11386-2023;15;10;2023-02-20
;4;11663-2023;16;4;2023-02-20
;4;11763-2023;10;3;2023-02-20
;4;11488-2023;15;1;2023-02-20
;4;11803-2023;15;2;2023-02-20
;4;11607-2023;13;7;2023-02-20
;4;11826-2023;13;1;2023-02-20
;4;11823-2023;14;7;2023-02-20
;4;11786-2023;14;5;2023-02-22
;4;11721-2023;14;3;2023-02-22
;4;11817-2023;23;3;2023-02-22
;4;11842-2023;10;1;2023-02-22
;4;11806-2023;15;2;2023-02-22
;4;11922-2023;15;1;2023-02-22
;4;11876-2023;15;2;2023-02-22
;4;11880-2023;6;4;2023-02-22
;4;11748-2023;13;12;2023-02-22
;4;11890-2023;9;2;2023-02-22
;4;11278-2023;15;1;2023-02-22
;4;11923-2023;15;1;2023-02-22
;4;11802-2023;23;4;2023-02-22
;4;11821-2023;23;1;2023-02-22
;4;10659-2023;23;1;2023-02-22
;4;11752-2023;9;3;2023-02-22
;4;11637-2023;22;2;2023-02-22
;4;11774-2023;22;4;2023-02-24
;4;11877-2023;22;2;2023-02-24
;4;11809-2023;15;2;2023-02-24
;4;11970-2023;22;3;2023-02-24
;4;90528-2023;22;8;2023-02-24
;4;11921-2023;16;4;2023-02-24
;4;90559-2023;16;7;2023-02-24
;4;11933-2023;19;5;2023-02-28
;4;12033-2023;19;2;2023-02-28
;4;12031-2023;25;2;2023-02-28
;4;12030-2023;3;12;2023-02-28
;4;12056-2023;25;8;2023-02-28
;4;12151-2023;5;4;2023-02-28
;4;12065-2023;5;2;2023-02-28
;4;90573-2023;4;6;2023-02-28
;4;90578-2023;4;1;2023-02-28
;4;90468-2023;4;5;2023-02-28
;4;12127-2023;19;5;2023-02-28
;4;12174-2023;19;7;2023-02-28
;4;12019-2023;19;6;2023-02-28
;4;11978-2023;25;4;2023-02-28
;4;11497-2023;5;1;2023-02-28
;4;12010-2023;12;11;2023-02-28
;4;11885-2023;25;5;2023-02-28
;4;90575-2023;20;15;2023-02-28
;4;90464-2023;20;6;2023-02-28
;4;90599-2023;19;16;2023-03-01
;4;90616-2023;19;1;2023-03-01
;4;12156-2023;12;3;2023-03-01
;4;12196-2023;12;1;2023-03-01
;4;12135-2023;5;1;2023-03-01
;4;12037-2023;5;2;2023-03-01
;4;90596-2023;25;18;2023-03-01
;4;90463-2023;25;6;2023-03-01
;4;12191-2023;5;2;2023-03-01
;4;12079-2023;5;1;2023-03-01
;4;90580-2023;12;4;2023-03-01
;4;90574-2023;3;12;2023-03-01
;4;90466-2023;3;5;2023-03-01
;4;11878-2023;20;14;2023-03-01
;4;90610-2023;20;4;2023-03-03
;4;90604-2023;19;6;2023-03-03
;4;12267-2023;12;2;2023-03-03
;4;12230-2023;4;4;2023-03-03
;4;12299-2023;19;3;2023-03-03
;4;12213-2023;4;1;2023-03-03
;4;12064-2023;25;5;2023-03-03
;4;12111-2023;3;4;2023-03-03
;4;12284-2023;5;2;2023-03-03
;4;12256-2023;3;5;2023-03-03
;4;12249-2023;3;1;2023-03-03
;4;11996-2023;25;3;2023-03-03
;4;12050-2023;12;1;2023-03-03
;4;12269-2023;12;5;2023-03-03
;4;12297-2023;5;1;2023-03-03
;4;12241-2023;20;1;2023-03-03
;4;12099-2023;20;1;2023-03-03
;4;90648-2023;23;5;2023-03-08
;4;12401-2023;10;1;2023-03-08
;4;12350-2023;15;12;2023-03-08
;4;12399-2023;15;1;2023-03-08
;4;11841-2023;14;2;2023-03-08
;4;12455-2023;23;1;2023-03-08
;4;12346-2023;13;3;2023-03-08
;4;12248-2023;23;5;2023-03-08
;4;12273-2023;23;2;2023-03-08
;4;12411-2023;16;1;2023-03-08
;4;12392-2023;10;1;2023-03-08
;4;12404-2023;10;1;2023-03-08
;4;12264-2023;6;4;2023-03-08
;4;12372-2023;15;1;2023-03-08
;4;12329-2023;23;6;2023-03-08
;4;12539-2023;20;4;2023-03-13
;4;90665-2023;19;4;2023-03-13
;4;90670-2023;19;1;2023-03-13
;4;12612-2023;20;1;2023-03-13
;4;12431-2023;20;6;2023-03-13
;4;12136-2023;12;3;2023-03-13
;4;12609-2023;20;2;2023-03-13
;4;12492-2023;19;2;2023-03-13
;4;12461-2023;20;7;2023-03-13
;4;12570-2023;12;5;2023-03-13
;4;12538-2023;12;9;2023-03-13
;4;12548-2023;3;2;2023-03-13
;4;12569-2023;19;1;2023-03-13
;4;12537-2023;3;1;2023-03-13
;4;12473-2023;3;1;2023-03-13
;4;12480-2023;3;1;2023-03-13
;4;12647-2023;25;5;2023-03-15
;4;90668-2023;4;19;2023-03-15
;4;90696-2023;4;1;2023-03-15
;4;12682-2023;12;1;2023-03-15
;4;12591-2023;12;1;2023-03-15
;4;12582-2023;12;1;2023-03-15
;4;12527-2023;20;3;2023-03-15
;4;12583-2023;25;1;2023-03-15
;4;90717-2023;3;6;2023-03-17
;4;12576-2023;25;7;2023-03-17
;4;12730-2023;20;3;2023-03-17
;4;12752-2023;4;3;2023-03-17
;4;12500-2023;25;2;2023-03-17
;4;12700-2023;25;1;2023-03-17
;4;12623-2023;20;1;2023-03-17
;4;12649-2023;25;1;2023-03-17
;4;12493-2023;12;7;2023-03-17
;4;12702-2023;3;4;2023-03-17
;4;12651-2023;20;4;2023-03-17
;4;12686-2023;4;2;2023-03-17
;4;12866-2023;16;4;2023-03-22
;4;12822-2023;16;1;2023-03-22
;4;90801-2023;23;7;2023-03-22
;4;12758-2023;6;2;2023-03-22
;4;12885-2023;14;5;2023-03-22
;4;12830-2023;14;2;2023-03-22
;4;12737-2023;15;1;2023-03-22
;4;90720-2023;13;19;2023-03-22
;4;90768-2023;13;1;2023-03-22
;4;12850-2023;9;1;2023-03-22
;4;11332-2023;13;2;2023-03-22
;4;12590-2023;9;2;2023-03-22
;4;12848-2023;14;1;2023-03-22
;4;12755-2023;6;1;2023-03-22
;4;90832-2023;23;1;2023-03-24
;4;90831-2023;23;5;2023-03-24
;4;90792-2023;23;1;2023-03-24
;4;90799-2023;15;5;2023-03-24
;4;90795-2023;15;1;2023-03-24
;4;12971-2023;14;3;2023-03-24
;4;12468-2023;15;3;2023-03-24
;4;12953-2023;9;1;2023-03-24
;4;12935-2023;22;5;2023-03-24
;4;12923-2023;13;3;2023-03-24
;4;12611-2023;15;4;2023-03-24
;4;12925-2023;13;2;2023-03-24
;4;12855-2023;14;3;2023-03-24
;4;12957-2023;23;1;2023-03-24
;4;12943-2023;23;1;2023-03-24
;4;12908-2023;16;2;2023-03-24
;4;12877-2023;9;3;2023-03-24
;4;12341-2023;23;4;2023-03-24
;4;13028-2023;5;2;2023-03-29
;4;12968-2023;20;6;2023-03-29
;4;13152-2023;17;3;2023-03-29
;4;13124-2023;3;4;2023-03-29
;4;90837-2023;12;13;2023-03-29
;4;13014-2023;4;4;2023-03-29
;4;12640-2023;4;3;2023-03-29
;4;12916-2023;3;2;2023-03-29
;4;13083-2023;3;1;2023-03-29
;4;13273-2023;16;2;2023-04-03
;4;13174-2023;9;1;2023-04-03
;4;13104-2023;14;2;2023-04-03
;4;13191-2023;6;8;2023-04-03
;4;13278-2023;6;2;2023-04-03
;4;90876-2023;10;4;2023-04-03
;4;13033-2023;15;1;2023-04-03
;4;90945-2023;22;10;2023-04-05
;4;90904-2023;22;1;2023-04-05
;4;13345-2023;23;3;2023-04-05
;4;13045-2023;13;7;2023-04-05
;4;13215-2023;14;1;2023-04-05
;4;12728-2023;15;3;2023-04-05
;4;90910-2023;14;7;2023-04-05
;4;90907-2023;14;1;2023-04-05
;4;13376-2023;16;1;2023-04-05
;4;13289-2023;16;1;2023-04-05
;4;13015-2023;15;20;2023-04-05
;4;13272-2023;13;3;2023-04-05
;4;13298-2023;13;5;2023-04-05
;4;90920-2023;13;6;2023-04-05
;4;90903-2023;13;1;2023-04-05
;4;90961-2023;23;9;2023-04-06
;4;90935-2023;22;8;2023-04-06
;4;13452-2023;23;3;2023-04-06
;4;13368-2023;14;7;2023-04-06
;4;13374-2023;13;5;2023-04-06
;4;13138-2023;23;4;2023-04-06
;4;13132-2023;13;3;2023-04-06
;4;13356-2023;10;1;2023-04-06
;4;13416-2023;14;2;2023-04-06
;4;13293-2023;6;2;2023-04-06
;4;13387-2023;10;1;2023-04-06
;4;13421-2023;22;4;2023-04-06
;4;90971-2023;23;1;2023-04-06
;4;91016-2023;17;8;2023-04-14
;4;13407-2023;19;11;2023-04-14
;4;13395-2023;12;2;2023-04-14
;4;13601-2023;12;1;2023-04-14
;4;13589-2023;12;7;2023-04-14
;4;90974-2023;25;7;2023-04-14
;4;90937-2023;25;1;2023-04-14
;4;12997-2023;4;9;2023-04-14
;4;13619-2023;19;1;2023-04-14
;4;13573-2023;25;2;2023-04-14
;4;13571-2023;19;3;2023-04-14
;4;13572-2023;25;1;2023-04-14
;4;13591-2023;20;5;2023-04-14
;4;13558-2023;4;3;2023-04-14
;4;13447-2023;20;3;2023-04-14
;4;13574-2023;17;2;2023-04-14
;4;90973-2023;19;4;2023-04-14
;4;13521-2023;20;2;2023-04-14
;4;13176-2023;20;4;2023-04-14
;4;13459-2023;25;3;2023-04-14
;4;13685-2023;22;1;2023-04-19
;4;13578-2023;22;4;2023-04-19
;4;13690-2023;10;1;2023-04-19
;4;13477-2023;16;5;2023-04-19
;4;13719-2023;6;1;2023-04-19
;4;13699-2023;6;4;2023-04-19
;4;13714-2023;10;2;2023-04-19
;4;13753-2023;16;2;2023-04-19
;4;13681-2023;13;5;2023-04-19
;4;91030-2023;13;20;2023-04-19
;4;91047-2023;13;3;2023-04-19
;4;13711-2023;10;2;2023-04-19
;4;13675-2023;14;5;2023-04-19
;4;13827-2023;13;1;2023-04-21
;4;13738-2023;13;7;2023-04-21
;4;13623-2023;6;11;2023-04-21
;4;13822-2023;16;4;2023-04-21
;4;13722-2023;16;1;2023-04-21
;4;13718-2023;16;1;2023-04-21
;4;13522-2023;16;4;2023-04-21
;4;13832-2023;10;1;2023-04-21
;4;13752-2023;16;10;2023-04-21
;4;13732-2023;10;1;2023-04-21
;4;10019-2023;15;4;2023-04-21
;4;13901-2023;12;8;2023-04-26
;4;13513-2023;5;1;2023-04-26
;4;13846-2023;5;1;2023-04-26
;4;13926-2023;12;2;2023-04-26
;4;13928-2023;4;3;2023-04-26
;4;91087-2023;25;13;2023-04-26
;4;91099-2023;25;4;2023-04-26
;4;91053-2023;25;1;2023-04-26
;4;13765-2023;19;3;2023-04-26
;4;13983-2023;3;5;2023-04-26
;4;13980-2023;19;2;2023-04-26
;4;14026-2023;5;2;2023-04-26
;4;13873-2023;17;3;2023-04-26
;4;14050-2023;17;7;2023-04-28
;4;91140-2023;12;2;2023-04-28
;4;14016-2023;20;5;2023-04-28
;4;14064-2023;25;4;2023-04-28
;4;14120-2023;5;1;2023-04-28
;4;14065-2023;19;2;2023-04-28
;4;14104-2023;19;3;2023-04-28
;4;14001-2023;4;7;2023-04-28
;4;91182-2023;23;12;2023-05-02
;4;91055-2023;23;5;2023-05-02
;4;91206-2023;23;1;2023-05-02
;4;90999-2023;23;2;2023-05-02
;4;14160-2023;9;1;2023-05-02
;4;14175-2023;16;2;2023-05-02
;4;13975-2023;16;3;2023-05-02
;4;13893-2023;16;1;2023-05-02
;4;91160-2023;15;14;2023-05-02
;4;14149-2023;13;6;2023-05-02
;4;14223-2023;13;1;2023-05-02
;4;14148-2023;6;13;2023-05-02
;4;91149-2023;9;7;2023-05-02
;4;91209-2023;9;4;2023-05-03
;4;91192-2023;9;1;2023-05-03
;4;91185-2023;13;8;2023-05-03
;4;13808-2023;6;2;2023-05-03
;4;14213-2023;6;5;2023-05-03
;4;14231-2023;13;2;2023-05-03
;4;14178-2023;14;1;2023-05-03
;4;13996-2023;14;1;2023-05-03
;4;91184-2023;23;3;2023-05-03
;4;14292-2023;22;2;2023-05-03
;4;14007-2023;14;3;2023-05-03
;4;91186-2023;16;9;2023-05-03
;4;14115-2023;13;12;2023-05-04
;4;14181-2023;16;2;2023-05-04
;4;14061-2023;16;1;2023-05-04
;4;14054-2023;23;1;2023-05-04
;4;91183-2023;14;10;2023-05-04
;4;91191-2023;14;1;2023-05-04
;4;13903-2023;15;13;2023-05-04
;4;91187-2023;9;8;2023-05-04
;4;91210-2023;13;3;2023-05-04
;4;14308-2023;6;1;2023-05-04
;4;91216-2023;16;10;2023-05-05
;4;91231-2023;16;1;2023-05-05
;4;91238-2023;16;1;2023-05-05
;4;14270-2023;16;2;2023-05-05
;4;14143-2023;6;2;2023-05-05
;4;14187-2023;22;4;2023-05-05
;4;91194-2023;13;4;2023-05-05
;4;14317-2023;6;1;2023-05-05
;4;14186-2023;16;3;2023-05-05
;4;14288-2023;6;1;2023-05-05
;4;14328-2023;6;6;2023-05-05
;4;14085-2023;13;7;2023-05-05
;4;14378-2023;13;1;2023-05-05
;4;14271-2023;22;2;2023-05-05
;4;14105-2023;23;6;2023-05-05
;4;14318-2023;6;2;2023-05-05
;4;14373-2023;16;5;2023-05-05
;4;14338-2023;13;2;2023-05-05
;4;91189-2023;22;8;2023-05-05
;4;14327-2023;23;3;2023-05-05
;4;14339-2023;6;1;2023-05-05
;4;13964-2023;15;3;2023-05-05
;4;14297-2023;17;4;2023-05-11
;4;91247-2023;20;13;2023-05-11
;4;91153-2023;20;1;2023-05-11
;4;14437-2023;17;1;2023-05-11
;4;14451-2023;4;1;2023-05-11
;4;14423-2023;4;5;2023-05-11
;4;14472-2023;12;2;2023-05-11
;4;14473-2023;25;15;2023-05-11
;4;14557-2023;25;5;2023-05-11
;4;91244-2023;19;5;2023-05-11
;4;91261-2023;19;4;2023-05-11
;4;91157-2023;19;1;2023-05-11
;4;91248-2023;19;1;2023-05-11
;4;14555-2023;12;1;2023-05-11
;4;14216-2023;12;13;2023-05-11
;4;14432-2023;5;1;2023-05-12
;4;14569-2023;5;1;2023-05-12
;4;14470-2023;20;1;2023-05-12
;4;14554-2023;20;2;2023-05-12
;4;14522-2023;25;6;2023-05-12
;4;14358-2023;25;2;2023-05-12
;4;91195-2023;17;3;2023-05-12
;4;14315-2023;19;3;2023-05-12
;4;14518-2023;25;4;2023-05-12
;4;14098-2023;19;9;2023-05-12
;4;14580-2023;20;6;2023-05-12
;4;13890-2023;4;5;2023-05-12
;4;14370-2023;4;1;2023-05-12
;4;14471-2023;5;1;2023-05-12
;4;91263-2023;12;2;2023-05-12
;4;14561-2023;5;1;2023-05-12
;4;14596-2023;5;1;2023-05-12
;4;14146-2023;17;6;2023-05-12
;4;14321-2023;12;4;2023-05-12
;4;14493-2023;12;4;2023-05-12
;4;14547-2023;5;1;2023-05-12
;4;91309-2023;13;1;2023-05-17
;4;91308-2023;13;14;2023-05-17
;4;91296-2023;15;7;2023-05-17
;4;14100-2023;23;2;2023-05-17
;4;14590-2023;13;2;2023-05-17
;4;14690-2023;6;2;2023-05-17
;4;14779-2023;6;1;2023-05-17
;4;14707-2023;9;5;2023-05-17
;4;91295-2023;6;12;2023-05-17
;4;91291-2023;6;1;2023-05-17
;4;91294-2023;15;6;2023-05-17
;4;14708-2023;14;1;2023-05-17
;4;13528-2023;10;1;2023-05-17
;4;14541-2023;14;4;2023-05-17
;4;14548-2023;15;8;2023-05-17
;4;14657-2023;16;3;2023-05-17
;4;14734-2023;13;5;2023-05-17
;4;91365-2023;4;13;2023-05-22
;4;91374-2023;4;2;2023-05-22
;4;91328-2023;12;9;2023-05-22
;4;14867-2023;4;2;2023-05-22
;4;14817-2023;20;2;2023-05-22
;4;14669-2023;25;4;2023-05-22
;4;14521-2023;3;4;2023-05-22
;4;14668-2023;3;1;2023-05-22
;4;14287-2023;12;4;2023-05-22
;4;14764-2023;3;2;2023-05-22
;4;14775-2023;20;2;2023-05-22
;4;14429-2023;3;2;2023-05-22
;4;14856-2023;19;4;2023-05-22
;4;14513-2023;3;13;2023-05-22
;4;14844-2023;3;3;2023-05-22
;4;14814-2023;20;9;2023-05-22
;4;14923-2023;3;1;2023-05-24
;4;14907-2023;20;5;2023-05-24
;4;14919-2023;4;2;2023-05-24
;4;14897-2023;3;5;2023-05-24
;4;14932-2023;4;1;2023-05-24
;4;14921-2023;25;7;2023-05-24
;4;14882-2023;19;4;2023-05-24
;4;14733-2023;12;2;2023-05-24
;4;14556-2023;17;6;2023-05-24
;4;14176-2023;12;2;2023-05-24
;4;14981-2023;12;1;2023-05-24
;4;91434-2023;13;3;2023-05-29
;4;91452-2023;13;4;2023-05-29
;4;15069-2023;22;2;2023-05-29
;4;15114-2023;10;1;2023-05-29
;4;13440-2023;15;1;2023-05-29
;4;91432-2023;16;12;2023-05-29
;4;91451-2023;16;1;2023-05-29
;4;91425-2023;9;14;2023-05-29
;4;91427-2023;14;2;2023-05-29
;4;91463-2023;22;17;2023-05-30
;4;92023-2023;15;4;2023-07-14
;4;91941-2023;15;4;2023-07-14
;4;16325-2023;16;9;2023-07-14
;4;16551-2023;16;1;2023-07-14
;4;16552-2023;16;1;2023-07-14
;4;16477-2023;6;6;2023-07-14
;4;16531-2023;6;1;2023-07-14
;4;16029-2023;16;5;2023-07-14
;4;16315-2023;13;2;2023-07-14
;4;16348-2023;13;2;2023-07-14
;4;16229-2023;6;2;2023-07-14
;4;16261-2023;16;2;2023-07-14
;4;16341-2023;13;6;2023-07-14
;4;16536-2023;6;1;2023-07-14
;4;16545-2023;;;2023-07-14
;4;16497-2023;2;9;2023-07-18
;4;16568-2023;4;1;2023-07-18
;4;16579-2023;3;5;2023-07-18
;4;92053-2023;12;10;2023-07-18
;4;91979-2023;20;6;2023-07-18
;4;91980-2023;20;7;2023-07-18
;4;16532-2023;25;2;2023-07-18
;4;16654-2023;20;5;2023-07-19
;4;16152-2023;3;9;2023-07-19
;4;16326-2023;20;8;2023-07-19
;4;16416-2023;4;2;2023-07-19
;4;16605-2023;12;1;2023-07-19
;4;16590-2023;4;7;2023-07-19
;4;16455-2023;3;3;2023-07-19
;4;16501-2023;3;4;2023-07-19
;4;16401-2023;12;4;2023-07-19
;4;16618-2023;19;1;2023-07-19
;4;16754-2023;19;1;2023-07-21
;4;16663-2023;19;3;2023-07-21
;4;16696-2023;12;5;2023-07-21
;4;92075-2023;12;8;2023-07-21
;4;92091-2023;12;1;2023-07-21
;4;16658-2023;12;6;2023-07-21
;4;16635-2023;19;7;2023-07-21
;4;16699-2023;19;1;2023-07-21
;4;16490-2023;19;1;2023-07-21
;4;15255-2023;19;5;2023-07-21
;4;16697-2023;19;1;2023-07-21
;4;16719-2023;25;5;2023-07-21
;4;92073-2023;3;9;2023-07-21
;4;92068-2023;3;2;2023-07-21
;4;92082-2023;3;1;2023-07-21
;4;16340-2023;25;2;2023-07-21
;4;16470-2023;20;5;2023-07-21
;4;16756-2023;13;4;2023-07-26
;4;16776-2023;16;2;2023-07-26
;4;16883-2023;9;4;2023-07-26
;4;16280-2023;22;8;2023-07-26
;4;16807-2023;15;9;2023-07-26
;4;16840-2023;22;2;2023-07-26
;4;16830-2023;16;6;2023-07-26
;4;16870-2023;16;2;2023-07-26
;4;16768-2023;22;1;2023-07-26
;4;16727-2023;15;2;2023-07-26
;4;16861-2023;22;1;2023-07-26
;4;16796-2023;13;4;2023-07-26
;4;16862-2023;22;1;2023-07-26
;4;92540-2023;16;5;2023-08-23
;4;92520-2023;22;8;2023-08-23
;4;92537-2023;15;2;2023-08-23
;4;17449-2023;16;2;2023-08-23
;4;17675-2023;16;1;2023-08-23
;4;92515-2023;15;7;2023-08-23
;4;92550-2023;15;8;2023-08-23
;4;17979-2023;14;1;2023-09-18
;4;18241-2023;14;1;2023-09-18
;4;18077-2023;14;1;2023-09-18
;4;18166-2023;14;3;2023-09-18
;4;18085-2023;15;3;2023-09-18
;4;17938-2023;12;4;2023-09-18
;4;18047-2023;12;2;2023-09-18
;4;18239-2023;15;1;2023-09-18
;4;18106-2023;15;3;2023-09-18
;4;18228-2023;15;3;2023-09-18
;4;18276-2023;12;1;2023-09-18
;4;18255-2023;12;5;2023-09-18
;4;18201-2023;12;3;2023-09-18
;4;18237-2023;12;1;2023-09-18
;4;18238-2023;15;1;2023-09-18
;4;18300-2023;14;2;2023-09-20
;4;18190-2023;15;1;2023-09-20
;4;18151-2023;15;2;2023-09-20
;4;18309-2023;12;2;2023-09-20
;4;18253-2023;12;3;2023-09-20
;4;18313-2023;15;2;2023-09-20
;4;17833-2023;12;1;2023-09-20
;4;18252-2023;15;1;2023-09-20
;4;18310-2023;15;1;2023-09-20
;4;18229-2023;14;1;2023-09-20
;4;18321-2023;12;3;2023-09-20
;4;92911-2023;12;9;2023-09-25
;4;18360-2023;12;2;2023-09-25
;4;18332-2023;19;3;2023-09-25
;4;15075-2023;20;1;2023-09-25
;4;18336-2023;19;1;2023-09-25
;4;18348-2023;15;2;2023-09-25
;4;18100-2023;19;7;2023-09-25
;4;18330-2023;19;9;2023-09-25
;4;18381-2023;15;3;2023-09-25
;4;18404-2023;15;2;2023-10-02
;4;18350-2023;3;4;2023-10-02
;4;18391-2023;14;3;2023-10-02
;4;18486-2023;3;1;2023-10-02
;4;18327-2023;4;1;2023-10-02
;4;18392-2023;15;11;2023-10-02
;4;18457-2023;4;1;2023-10-02
;4;18256-2023;4;1;2023-10-04
;4;18504-2023;3;1;2023-10-04
;4;18507-2023;4;1;2023-10-04
;4;18376-2023;20;1;2023-10-04
;4;18260-2023;20;2;2023-10-04
;4;92970-2023;20;1;2023-10-04
;4;18462-2023;4;1;2023-10-04
;5;10037-2023;25;11;2023-01-06
;5;10038-2023;5;1;2023-01-06
;5;10042-2023;20;4;2023-01-06
;5;33085-2023;12;2;2023-01-06
;5;10059-2023;19;6;2023-01-06
;5;10041-2023;12;3;2023-01-06
;5;10030-2023;17;5;2023-01-06
;5;10180-2023;5;2;2023-01-06
;5;10093-2023;12;5;2023-01-06
;5;90004-2023;3;20;2023-01-06
;5;90024-2023;3;3;2023-01-06
;5;10129-2023;19;1;2023-01-06
;5;10083-2023;17;3;2023-01-06
;5;10108-2023;4;4;2023-01-06
;5;10374-2023;9;7;2023-01-12
;5;10426-2023;14;3;2023-01-12
;5;10281-2023;14;4;2023-01-12
;5;90051-2023;23;8;2023-01-12
;5;10195-2023;15;2;2023-01-12
;5;10318-2023;16;3;2023-01-12
;5;10317-2023;15;8;2023-01-12
;5;90039-2023;16;8;2023-01-12
;5;10375-2023;14;1;2023-01-12
;5;90053-2023;9;5;2023-01-13
;5;10395-2023;10;2;2023-01-13
;5;10293-2023;10;1;2023-01-13
;5;10276-2023;10;2;2023-01-13
;5;10345-2023;23;7;2023-01-13
;5;10470-2023;23;1;2023-01-13
;5;10347-2023;14;4;2023-01-13
;5;10342-2023;23;3;2023-01-13
;5;10303-2023;15;2;2023-01-13
;5;10232-2023;10;3;2023-01-13
;5;10468-2023;23;3;2023-01-13
;5;90050-2023;15;4;2023-01-13
;5;10339-2023;13;7;2023-01-13
;5;10301-2023;13;2;2023-01-13
;5;90013-2023;17;5;2023-01-18
;5;90115-2023;17;4;2023-01-18
;5;90079-2023;12;12;2023-01-18
;5;10508-2023;5;4;2023-01-18
;5;10596-2023;25;4;2023-01-18
;5;10598-2023;12;2;2023-01-18
;5;10504-2023;19;12;2023-01-18
;5;10612-2023;17;1;2023-01-18
;5;10512-2023;5;3;2023-01-18
;5;10543-2023;5;1;2023-01-18
;5;10544-2023;5;1;2023-01-18
;5;10717-2023;15;2;2023-01-24
;5;90131-2023;15;11;2023-01-24
;5;10623-2023;16;3;2023-01-24
;5;10782-2023;16;3;2023-01-24
;5;10728-2023;6;5;2023-01-24
;5;10786-2023;6;2;2023-01-24
;5;10774-2023;16;9;2023-01-24
;5;90134-2023;6;4;2023-01-24
;5;10859-2023;14;5;2023-01-24
;5;10732-2023;16;2;2023-01-24
;5;10790-2023;16;1;2023-01-24
;5;10770-2023;6;12;2023-01-24
;5;10414-2023;23;8;2023-01-24
;5;10757-2023;10;3;2023-01-25
;5;10688-2023;14;3;2023-01-25
;5;10788-2023;14;6;2023-01-25
;5;10730-2023;22;10;2023-01-25
;5;10665-2023;9;2;2023-01-25
;5;10502-2023;6;5;2023-01-25
;5;10601-2023;14;3;2023-01-25
;5;10724-2023;15;1;2023-01-25
;5;10867-2023;22;4;2023-01-25
;5;10820-2023;22;4;2023-01-25
;5;10866-2023;23;3;2023-01-25
;5;10841-2023;10;1;2023-01-25
;5;90242-2023;23;15;2023-01-27
;5;10928-2023;16;12;2023-01-27
;5;90189-2023;16;6;2023-01-27
;5;10974-2023;19;3;2023-02-01
;5;90274-2023;4;14;2023-02-01
;5;90105-2023;4;1;2023-02-01
;5;11005-2023;20;6;2023-02-01
;5;11038-2023;3;5;2023-02-01
;5;11047-2023;3;3;2023-02-01
;5;11033-2023;3;2;2023-02-01
;5;11022-2023;3;3;2023-02-01
;5;11041-2023;17;2;2023-02-01
;5;11040-2023;25;5;2023-02-01
;5;11077-2023;25;3;2023-02-01
;5;11073-2023;5;2;2023-02-01
;5;11223-2023;22;7;2023-02-08
;5;11409-2023;10;1;2023-02-08
;5;11262-2023;14;3;2023-02-08
;5;11372-2023;14;5;2023-02-08
;5;10931-2023;6;1;2023-02-08
;5;90338-2023;14;7;2023-02-08
;5;90390-2023;14;1;2023-02-08
;5;11391-2023;10;1;2023-02-08
;5;11328-2023;10;1;2023-02-08
;5;11002-2023;6;10;2023-02-08
;5;11298-2023;23;4;2023-02-08
;5;11153-2023;10;4;2023-02-08
;5;11011-2023;15;7;2023-02-08
;5;11349-2023;22;5;2023-02-08
;5;11174-2023;23;7;2023-02-08
;5;11379-2023;22;1;2023-02-08
;5;11099-2023;14;3;2023-02-08
;5;11352-2023;15;15;2023-02-08
;5;11398-2023;10;1;2023-02-10
;5;11309-2023;14;7;2023-02-10
;5;11463-2023;16;7;2023-02-10
;5;11461-2023;16;1;2023-02-10
;5;11411-2023;6;7;2023-02-10
;5;11444-2023;23;2;2023-02-10
;5;11443-2023;15;2;2023-02-10
;5;10388-2023;23;3;2023-02-10
;5;11465-2023;10;1;2023-02-10
;5;11427-2023;14;2;2023-02-10
;5;11410-2023;10;1;2023-02-10
;5;11701-2023;19;3;2023-02-16
;5;11652-2023;19;5;2023-02-16
;5;11665-2023;19;4;2023-02-16
;5;90493-2023;17;12;2023-02-16
;5;11634-2023;3;12;2023-02-16
;5;11483-2023;5;2;2023-02-16
;5;90490-2023;17;3;2023-02-16
;5;11599-2023;19;4;2023-02-17
;5;11713-2023;19;3;2023-02-17
;5;11520-2023;20;3;2023-02-17
;5;11705-2023;5;1;2023-02-17
;5;11756-2023;12;1;2023-02-17
;5;90488-2023;3;12;2023-02-17
;5;90494-2023;3;6;2023-02-17
;5;11630-2023;20;8;2023-02-17
;5;11750-2023;20;2;2023-02-17
;5;11656-2023;5;2;2023-02-17
;5;11638-2023;19;3;2023-02-17
;5;11155-2023;19;3;2023-02-17
;5;11658-2023;5;1;2023-02-17
;5;11606-2023;25;7;2023-02-17
;5;11703-2023;19;1;2023-02-17
;5;90492-2023;12;14;2023-02-17
;5;11753-2023;19;4;2023-02-17
;5;11679-2023;20;6;2023-02-17
;5;11735-2023;5;1;2023-02-17
;5;11870-2023;15;2;2023-02-22
;5;11798-2023;16;2;2023-02-22
;5;11874-2023;22;2;2023-02-22
;5;11843-2023;22;4;2023-02-22
;5;11919-2023;22;2;2023-02-22
;5;90546-2023;16;8;2023-02-22
;5;11815-2023;6;2;2023-02-22
;5;11810-2023;6;3;2023-02-22
;5;90523-2023;9;11;2023-02-22
;5;11800-2023;16;1;2023-02-22
;5;11796-2023;14;3;2023-02-22
;5;11900-2023;13;2;2023-02-22
;5;11827-2023;15;8;2023-02-22
;5;90588-2023;3;1;2023-02-27
;5;90586-2023;3;10;2023-02-27
;5;11979-2023;3;4;2023-02-27
;5;11605-2023;19;2;2023-02-27
;5;12063-2023;19;2;2023-02-27
;5;90552-2023;20;11;2023-02-27
;5;90529-2023;25;21;2023-02-27
;5;12023-2023;25;6;2023-02-27
;5;12026-2023;25;4;2023-02-27
;5;90530-2023;4;12;2023-02-27
;5;90576-2023;3;2;2023-02-28
;5;90465-2023;3;6;2023-02-28
;5;12068-2023;25;5;2023-02-28
;5;12190-2023;4;1;2023-03-01
;5;12167-2023;5;2;2023-03-01
;5;11926-2023;25;4;2023-03-01
;5;12055-2023;20;5;2023-03-01
;5;12153-2023;3;5;2023-03-01
;5;11673-2023;19;10;2023-03-01
;5;11934-2023;5;6;2023-03-01
;5;12198-2023;19;1;2023-03-01
;5;12039-2023;20;5;2023-03-01
;5;10084-2023;25;8;2023-03-01
;5;12154-2023;25;3;2023-03-01
;5;11187-2023;3;5;2023-03-01
;5;11722-2023;5;1;2023-03-01
;5;12214-2023;12;1;2023-03-01
;5;11751-2023;25;2;2023-03-01
;5;11955-2023;12;9;2023-03-01
;5;12166-2023;20;1;2023-03-01
;5;11990-2023;19;2;2023-03-01
;5;12052-2023;19;1;2023-03-01
;5;11935-2023;12;4;2023-03-01
;5;12078-2023;3;1;2023-03-01
;5;90609-2023;6;10;2023-03-06
;5;12097-2023;10;2;2023-03-06
;5;12335-2023;14;3;2023-03-06
;5;12355-2023;14;1;2023-03-06
;5;12163-2023;22;4;2023-03-06
;5;12327-2023;22;10;2023-03-06
;5;90608-2023;13;8;2023-03-06
;5;12142-2023;14;3;2023-03-06
;5;11952-2023;15;8;2023-03-06
;5;12152-2023;10;4;2023-03-06
;5;12221-2023;6;5;2023-03-06
;5;12247-2023;9;3;2023-03-06
;5;12147-2023;10;2;2023-03-06
;5;90679-2023;16;12;2023-03-09
;5;90680-2023;16;1;2023-03-09
;5;12370-2023;9;9;2023-03-09
;5;12452-2023;10;2;2023-03-09
;5;12417-2023;14;4;2023-03-09
;5;90649-2023;10;2;2023-03-09
;5;90677-2023;13;7;2023-03-09
;5;90681-2023;13;1;2023-03-09
;5;12398-2023;10;1;2023-03-09
;5;90644-2023;22;13;2023-03-09
;5;12369-2023;13;3;2023-03-09
;5;12338-2023;13;4;2023-03-09
;5;12400-2023;10;2;2023-03-09
;5;12349-2023;23;4;2023-03-09
;5;12294-2023;13;4;2023-03-09
;5;90655-2023;22;14;2023-03-10
;5;90661-2023;22;1;2023-03-10
;5;12337-2023;14;10;2023-03-10
;5;12524-2023;9;4;2023-03-10
;5;12501-2023;15;1;2023-03-10
;5;12481-2023;13;2;2023-03-10
;5;12285-2023;14;5;2023-03-10
;5;11629-2023;22;1;2023-03-10
;5;12479-2023;15;4;2023-03-10
;5;12353-2023;9;6;2023-03-10
;5;12502-2023;15;1;2023-03-10
;5;12348-2023;15;4;2023-03-10
;5;90654-2023;13;14;2023-03-10
;5;12466-2023;22;4;2023-03-10
;5;90756-2023;9;12;2023-03-20
;5;90757-2023;9;1;2023-03-20
;5;90735-2023;9;1;2023-03-20
;5;12740-2023;23;7;2023-03-20
;5;12788-2023;23;2;2023-03-20
;5;12734-2023;16;3;2023-03-20
;5;12837-2023;16;1;2023-03-20
;5;12633-2023;13;3;2023-03-20
;5;12460-2023;22;5;2023-03-20
;5;12708-2023;22;4;2023-03-20
;5;12793-2023;22;1;2023-03-20
;5;90755-2023;15;2;2023-03-20
;5;90754-2023;15;3;2023-03-20
;5;12778-2023;6;1;2023-03-20
;5;90729-2023;14;10;2023-03-20
;5;90727-2023;13;4;2023-03-20
;5;92846-2023;14;3;2023-09-22
;5;92835-2023;14;3;2023-09-22
;5;92882-2023;15;1;2023-09-22
;5;92976-2023;20;5;2023-10-05
;5;93008-2023;20;1;2023-10-05
;5;92969-2023;15;2;2023-10-05
;5;92974-2023;3;2;2023-10-05
;5;18434-2023;14;5;2023-10-05
;6;90009-2023;19;20;2023-01-05
;6;10125-2023;12;9;2023-01-05
;6;10075-2023;17;7;2023-01-05
;6;10146-2023;5;6;2023-01-05
;6;90005-2023;17;13;2023-01-05
;6;32589-2023;12;6;2023-01-05
;6;10098-2023;5;4;2023-01-05
;6;10107-2023;20;7;2023-01-05
;6;90002-2023;20;21;2023-01-05
;6;10045-2023;5;3;2023-01-05
;6;10234-2023;16;2;2023-01-09
;6;10031-2023;13;9;2023-01-09
;6;10090-2023;23;5;2023-01-09
;6;10255-2023;14;1;2023-01-09
;6;10055-2023;15;4;2023-01-09
;6;10023-2023;9;4;2023-01-09
;6;10164-2023;10;1;2023-01-09
;6;10142-2023;23;2;2023-01-09
;6;10247-2023;13;2;2023-01-09
;6;10024-2023;14;4;2023-01-09
;6;10076-2023;15;2;2023-01-09
;6;10035-2023;10;1;2023-01-09
;6;33060-2023;10;1;2023-01-09
;6;10126-2023;23;13;2023-01-09
;6;10092-2023;9;10;2023-01-09
;6;10122-2023;13;3;2023-01-09
;6;10089-2023;13;1;2023-01-09
;6;10275-2023;13;1;2023-01-09
;6;10457-2023;16;3;2023-01-13
;6;10386-2023;16;8;2023-01-13
;6;10219-2023;16;2;2023-01-13
;6;10210-2023;16;4;2023-01-13
;6;10209-2023;16;3;2023-01-13
;6;10208-2023;16;3;2023-01-13
;6;10207-2023;16;3;2023-01-13
;6;90036-2023;15;10;2023-01-13
;6;10435-2023;10;1;2023-01-13
;6;10438-2023;10;1;2023-01-13
;6;10138-2023;9;2;2023-01-13
;6;10384-2023;13;4;2023-01-13
;6;10448-2023;13;5;2023-01-13
;6;10034-2023;9;3;2023-01-13
;6;10240-2023;9;7;2023-01-13
;6;10428-2023;10;2;2023-01-13
;6;10365-2023;9;3;2023-01-13
;6;10072-2023;9;6;2023-01-13
;6;10282-2023;15;4;2023-01-13
;6;10424-2023;16;4;2023-01-13
;6;10344-2023;20;9;2023-01-18
;6;10513-2023;3;14;2023-01-18
;6;10595-2023;17;4;2023-01-18
;6;10561-2023;17;4;2023-01-18
;6;90080-2023;12;5;2023-01-18
;6;10554-2023;3;3;2023-01-18
;6;10599-2023;19;5;2023-01-18
;6;10297-2023;25;8;2023-01-18
;6;10581-2023;5;1;2023-01-18
;6;10580-2023;5;2;2023-01-18
;6;10271-2023;5;3;2023-01-18
;6;10656-2023;17;1;2023-01-20
;6;10685-2023;17;3;2023-01-20
;6;10636-2023;5;5;2023-01-20
;6;10683-2023;5;1;2023-01-20
;6;10592-2023;17;8;2023-01-20
;6;10597-2023;3;7;2023-01-20
;6;10614-2023;19;2;2023-01-20
;6;10552-2023;20;2;2023-01-20
;6;10649-2023;3;4;2023-01-20
;6;10541-2023;17;4;2023-01-20
;6;10523-2023;19;4;2023-01-20
;6;10640-2023;3;1;2023-01-20
;6;10700-2023;19;2;2023-01-20
;6;10283-2023;25;3;2023-01-20
;6;10652-2023;17;1;2023-01-20
;6;10871-2023;9;10;2023-01-25
;6;10794-2023;15;7;2023-01-25
;6;10616-2023;10;2;2023-01-25
;6;10639-2023;14;5;2023-01-25
;6;10768-2023;15;2;2023-01-25
;6;10796-2023;15;2;2023-01-25
;6;10805-2023;14;1;2023-01-25
;6;10553-2023;6;2;2023-01-25
;6;10620-2023;9;4;2023-01-25
;6;90133-2023;23;11;2023-01-25
;6;90137-2023;23;1;2023-01-25
;6;10777-2023;15;3;2023-01-25
;6;10752-2023;22;3;2023-01-25
;6;10834-2023;22;4;2023-01-25
;6;90197-2023;25;5;2023-01-30
;6;10998-2023;4;4;2023-01-30
;6;10938-2023;3;4;2023-01-30
;6;11031-2023;3;4;2023-01-30
;6;10971-2023;20;8;2023-01-30
;6;10739-2023;17;2;2023-01-30
;6;90194-2023;4;5;2023-01-30
;6;10352-2023;25;7;2023-01-30
;6;10919-2023;20;3;2023-01-30
;6;10932-2023;3;1;2023-01-30
;6;10926-2023;17;2;2023-01-30
;6;10450-2023;17;3;2023-01-30
;6;10743-2023;19;5;2023-01-30
;6;10933-2023;17;11;2023-01-30
;6;90166-2023;4;2;2023-01-30
;6;11083-2023;17;8;2023-02-01
;6;90272-2023;19;10;2023-02-01
;6;11079-2023;3;2;2023-02-01
;6;10850-2023;3;12;2023-02-01
;6;10999-2023;5;2;2023-02-01
;6;90198-2023;25;14;2023-02-01
;6;10622-2023;4;4;2023-02-01
;6;90296-2023;25;2;2023-02-01
;6;90364-2023;3;8;2023-02-03
;6;11206-2023;25;3;2023-02-03
;6;11120-2023;19;4;2023-02-03
;6;90299-2023;4;7;2023-02-03
;6;90363-2023;17;6;2023-02-03
;6;90300-2023;20;3;2023-02-03
;6;11180-2023;25;2;2023-02-03
;6;11056-2023;19;6;2023-02-03
;6;90382-2023;16;11;2023-02-07
;6;90386-2023;16;1;2023-02-07
;6;11140-2023;6;2;2023-02-07
;6;11260-2023;16;4;2023-02-07
;6;11076-2023;15;2;2023-02-07
;6;11361-2023;16;2;2023-02-07
;6;90326-2023;23;10;2023-02-07
;6;90389-2023;23;1;2023-02-07
;6;11279-2023;15;8;2023-02-07
;6;11365-2023;15;4;2023-02-07
;6;11219-2023;15;5;2023-02-07
;6;90336-2023;14;8;2023-02-07
;6;90385-2023;14;1;2023-02-07
;6;11125-2023;16;5;2023-02-08
;6;11259-2023;6;3;2023-02-08
;6;11314-2023;6;8;2023-02-08
;6;11084-2023;16;6;2023-02-08
;6;11191-2023;10;2;2023-02-08
;6;11364-2023;15;2;2023-02-08
;6;11323-2023;15;1;2023-02-08
;6;10765-2023;22;3;2023-02-08
;6;11343-2023;6;3;2023-02-08
;6;11026-2023;23;8;2023-02-08
;6;90330-2023;22;16;2023-02-08
;6;90388-2023;22;1;2023-02-08
;6;10800-2023;14;3;2023-02-08
;6;10536-2023;22;1;2023-02-08
;6;10744-2023;6;5;2023-02-08
;6;11305-2023;15;8;2023-02-08
;6;11356-2023;15;2;2023-02-08
;6;11064-2023;16;2;2023-02-08
;6;11307-2023;23;2;2023-02-08
;6;11089-2023;5;3;2023-02-14
;6;90447-2023;17;15;2023-02-14
;6;90457-2023;25;12;2023-02-14
;6;90448-2023;12;8;2023-02-14
;6;11250-2023;5;1;2023-02-14
;6;11001-2023;20;11;2023-02-14
;6;11523-2023;12;9;2023-02-14
;6;11724-2023;19;5;2023-02-17
;6;11626-2023;19;3;2023-02-17
;6;11694-2023;5;1;2023-02-17
;6;90496-2023;17;4;2023-02-17
;6;11736-2023;5;1;2023-02-17
;6;11399-2023;25;3;2023-02-17
;6;11700-2023;25;6;2023-02-17
;6;11717-2023;5;2;2023-02-17
;6;11691-2023;4;5;2023-02-17
;6;11737-2023;4;1;2023-02-17
;6;11451-2023;4;3;2023-02-17
;6;11720-2023;20;4;2023-02-17
;6;11564-2023;12;10;2023-02-17
;6;10966-2023;5;1;2023-02-17
;6;11434-2023;19;2;2023-02-17
;6;11734-2023;19;2;2023-02-17
;6;11732-2023;3;4;2023-02-17
;6;11951-2023;23;5;2023-02-23
;6;11987-2023;16;3;2023-02-23
;6;90558-2023;13;8;2023-02-23
;6;11959-2023;23;3;2023-02-23
;6;11989-2023;15;1;2023-02-23
;6;90560-2023;6;13;2023-02-23
;6;11925-2023;13;4;2023-02-23
;6;11945-2023;6;4;2023-02-23
;6;90527-2023;16;1;2023-02-24
;6;11818-2023;23;3;2023-02-24
;6;11982-2023;14;3;2023-02-24
;6;90564-2023;9;15;2023-02-24
;6;11983-2023;15;1;2023-02-24
;6;11911-2023;14;6;2023-02-24
;6;12005-2023;15;2;2023-02-24
;6;11457-2023;16;2;2023-02-24
;6;11889-2023;13;4;2023-02-24
;6;11913-2023;23;5;2023-02-24
;6;11600-2023;9;3;2023-02-24
;6;11967-2023;14;1;2023-02-24
;6;90562-2023;15;4;2023-02-24
;6;11891-2023;14;9;2023-02-24
;6;12020-2023;15;1;2023-02-24
;6;11957-2023;14;3;2023-02-24
;6;12112-2023;5;2;2023-03-01
;6;11773-2023;12;4;2023-03-01
;6;11941-2023;12;3;2023-03-01
;6;12116-2023;5;1;2023-03-01
;6;11867-2023;20;4;2023-03-01
;6;90579-2023;4;10;2023-03-01
;6;90469-2023;4;5;2023-03-01
;6;11909-2023;3;3;2023-03-01
;6;12162-2023;3;3;2023-03-01
;6;11912-2023;3;4;2023-03-01
;6;12192-2023;3;1;2023-03-01
;6;12089-2023;19;5;2023-03-01
;6;11918-2023;25;3;2023-03-01
;6;12158-2023;20;3;2023-03-03
;6;90607-2023;4;7;2023-03-03
;6;12243-2023;4;1;2023-03-03
;6;12226-2023;25;4;2023-03-03
;6;12138-2023;25;1;2023-03-03
;6;12160-2023;20;3;2023-03-03
;6;12199-2023;12;3;2023-03-03
;6;12035-2023;12;6;2023-03-03
;6;11958-2023;25;2;2023-03-03
;6;12257-2023;25;2;2023-03-03
;6;11902-2023;4;2;2023-03-03
;6;90606-2023;3;13;2023-03-03
;6;90625-2023;3;2;2023-03-03
;6;12258-2023;3;2;2023-03-03
;6;12159-2023;25;1;2023-03-03
;6;12080-2023;25;3;2023-03-03
;6;12270-2023;19;2;2023-03-03
;6;12021-2023;19;9;2023-03-03
;6;90639-2023;22;7;2023-03-07
;6;90635-2023;6;7;2023-03-08
;6;90645-2023;6;1;2023-03-08
;6;11654-2023;10;1;2023-03-08
;6;12357-2023;15;8;2023-03-08
;6;12418-2023;9;1;2023-03-08
;6;12378-2023;22;6;2023-03-08
;6;12412-2023;13;2;2023-03-08
;6;12303-2023;13;5;2023-03-08
;6;12379-2023;9;1;2023-03-08
;6;12361-2023;13;10;2023-03-08
;6;12244-2023;9;8;2023-03-08
;6;12245-2023;23;2;2023-03-08
;6;12242-2023;10;3;2023-03-08
;6;10562-2023;13;6;2023-03-08
;6;11714-2023;13;2;2023-03-08
;6;90666-2023;3;6;2023-03-13
;6;12571-2023;4;2;2023-03-13
;6;12525-2023;3;3;2023-03-13
;6;12542-2023;20;2;2023-03-13
;6;12531-2023;3;2;2023-03-13
;6;12558-2023;19;2;2023-03-13
;6;12445-2023;12;3;2023-03-13
;6;12472-2023;20;5;2023-03-13
;6;12540-2023;25;3;2023-03-13
;6;12474-2023;20;3;2023-03-13
;6;12534-2023;3;1;2023-03-13
;6;12442-2023;3;3;2023-03-13
;6;12376-2023;3;3;2023-03-13
;6;12507-2023;12;5;2023-03-13
;6;12274-2023;19;13;2023-03-13
;6;12038-2023;25;2;2023-03-13
;6;90711-2023;19;17;2023-03-15
;6;12637-2023;4;2;2023-03-16
;6;12652-2023;3;2;2023-03-16
;6;12655-2023;12;1;2023-03-16
;6;12291-2023;12;3;2023-03-16
;6;12748-2023;3;3;2023-03-16
;6;90700-2023;19;5;2023-03-16
;6;90747-2023;19;1;2023-03-16
;6;12541-2023;12;5;2023-03-16
;6;12746-2023;4;2;2023-03-16
;6;12714-2023;3;3;2023-03-16
;6;90697-2023;20;13;2023-03-16
;6;90745-2023;20;1;2023-03-16
;6;90710-2023;25;23;2023-03-16
;6;90742-2023;25;1;2023-03-16
;6;12685-2023;3;3;2023-03-16
;6;12742-2023;3;1;2023-03-16
;6;12710-2023;3;2;2023-03-17
;6;90716-2023;3;5;2023-03-17
;6;90748-2023;3;1;2023-03-17
;6;12683-2023;20;1;2023-03-17
;6;12586-2023;25;6;2023-03-17
;6;12718-2023;25;5;2023-03-17
;6;12678-2023;25;1;2023-03-17
;6;12713-2023;12;3;2023-03-17
;6;12703-2023;4;5;2023-03-17
;6;12709-2023;25;3;2023-03-17
;6;12712-2023;4;3;2023-03-17
;6;90715-2023;12;10;2023-03-17
;6;90746-2023;12;1;2023-03-17
;6;12725-2023;20;5;2023-03-17
;6;90770-2023;14;10;2023-03-22
;6;90780-2023;14;1;2023-03-22
;6;12915-2023;16;3;2023-03-22
;6;12863-2023;15;2;2023-03-22
;6;12809-2023;13;5;2023-03-22
;6;12779-2023;14;4;2023-03-22
;6;12878-2023;14;1;2023-03-22
;6;12829-2023;13;1;2023-03-22
;6;12756-2023;14;3;2023-03-22
;6;12807-2023;16;1;2023-03-22
;6;12858-2023;15;1;2023-03-22
;6;12865-2023;14;1;2023-03-22
;6;12661-2023;15;5;2023-03-22
;6;12814-2023;22;5;2023-03-22
;6;12879-2023;23;3;2023-03-22
;6;12806-2023;13;4;2023-03-22
;6;12920-2023;15;2;2023-03-22
;6;12862-2023;22;2;2023-03-22
;6;12821-2023;6;4;2023-03-22
;6;90833-2023;9;9;2023-03-24
;6;90794-2023;9;1;2023-03-24
;6;12972-2023;22;7;2023-03-24
;6;12955-2023;13;2;2023-03-24
;6;12962-2023;13;5;2023-03-24
;6;90789-2023;16;5;2023-03-24
;6;90797-2023;16;1;2023-03-24
;6;12974-2023;16;4;2023-03-24
;6;90790-2023;13;7;2023-03-24
;6;90793-2023;13;1;2023-03-24
;6;12921-2023;17;15;2023-03-27
;6;12868-2023;4;3;2023-03-27
;6;13098-2023;4;1;2023-03-27
;6;13093-2023;12;1;2023-03-27
;6;12155-2023;12;9;2023-03-27
;6;12791-2023;12;2;2023-03-27
;6;13041-2023;20;1;2023-03-27
;6;12929-2023;4;2;2023-03-27
;6;12688-2023;4;10;2023-03-27
;6;13017-2023;19;4;2023-03-27
;6;12958-2023;17;2;2023-03-27
;6;90736-2023;19;18;2023-03-27
;6;90796-2023;19;1;2023-03-27
;6;12922-2023;3;3;2023-03-27
;6;12942-2023;12;3;2023-03-27
;6;12664-2023;17;4;2023-03-27
;6;13094-2023;12;4;2023-03-27
;6;90884-2023;3;6;2023-03-30
;6;90883-2023;3;1;2023-03-30
;6;90824-2023;3;1;2023-03-30
;6;13051-2023;20;7;2023-03-30
;6;12343-2023;17;9;2023-03-30
;6;13160-2023;17;6;2023-03-30
;6;13139-2023;20;2;2023-03-30
;6;13133-2023;12;2;2023-03-30
;6;13141-2023;12;1;2023-03-30
;6;13182-2023;12;7;2023-03-30
;6;13042-2023;3;5;2023-03-30
;6;13121-2023;4;5;2023-03-30
;6;90845-2023;19;3;2023-03-30
;6;90823-2023;19;3;2023-03-30
;6;90911-2023;17;8;2023-03-31
;6;90850-2023;3;5;2023-03-31
;6;13075-2023;12;5;2023-03-31
;6;13245-2023;5;1;2023-03-31
;6;13209-2023;19;2;2023-03-31
;6;13173-2023;12;6;2023-03-31
;6;13222-2023;5;1;2023-03-31
;6;12983-2023;19;2;2023-03-31
;6;13166-2023;5;2;2023-03-31
;6;90800-2023;20;13;2023-03-31
;6;90826-2023;20;3;2023-03-31
;6;13212-2023;19;2;2023-03-31
;6;13171-2023;17;5;2023-03-31
;6;13240-2023;19;1;2023-03-31
;6;13253-2023;3;4;2023-03-31
;6;12988-2023;3;6;2023-03-31
;6;13137-2023;19;2;2023-03-31
;6;13217-2023;12;1;2023-03-31
;6;90918-2023;14;6;2023-04-06
;6;13351-2023;9;1;2023-04-06
;6;13427-2023;15;2;2023-04-06
;6;90917-2023;13;7;2023-04-06
;6;90908-2023;13;1;2023-04-06
;6;13399-2023;10;1;2023-04-06
;6;13280-2023;13;3;2023-04-06
;6;13194-2023;13;1;2023-04-06
;6;13406-2023;13;3;2023-04-06
;6;90968-2023;20;2;2023-04-11
;6;90962-2023;20;12;2023-04-11
;6;90972-2023;20;1;2023-04-11
;6;90952-2023;17;4;2023-04-11
;6;90939-2023;17;1;2023-04-11
;6;90934-2023;4;7;2023-04-11
;6;13402-2023;4;2;2023-04-11
;6;13319-2023;3;2;2023-04-11
;6;12963-2023;17;4;2023-04-11
;6;13392-2023;12;4;2023-04-11
;6;13302-2023;19;12;2023-04-11
;6;13401-2023;19;3;2023-04-11
;6;12375-2023;5;1;2023-04-11
;6;91028-2023;9;4;2023-04-17
;6;90919-2023;9;4;2023-04-17
;6;13664-2023;6;1;2023-04-17
;6;13432-2023;6;7;2023-04-17
;6;13594-2023;14;1;2023-04-17
;6;13665-2023;9;1;2023-04-17
;6;13466-2023;15;7;2023-04-17
;6;13555-2023;15;5;2023-04-17
;6;13417-2023;13;17;2023-04-17
;6;13604-2023;9;3;2023-04-17
;6;13076-2023;14;7;2023-04-17
;6;13331-2023;6;1;2023-04-17
;6;13439-2023;6;1;2023-04-17
;6;13635-2023;16;1;2023-04-17
;6;13487-2023;9;2;2023-04-17
;6;13646-2023;16;1;2023-04-17
;6;13657-2023;13;1;2023-04-17
;6;13026-2023;16;4;2023-04-17
;6;13485-2023;9;1;2023-04-17
;6;13441-2023;6;5;2023-04-17
;6;13514-2023;16;11;2023-04-17
;6;13380-2023;16;2;2023-04-17
;6;13140-2023;16;3;2023-04-17
;6;13560-2023;9;5;2023-04-17
;6;13564-2023;14;3;2023-04-17
;6;13689-2023;22;5;2023-04-20
;6;13805-2023;22;1;2023-04-20
;6;91000-2023;22;10;2023-04-20
;6;13672-2023;15;4;2023-04-20
;6;13813-2023;15;1;2023-04-20
;6;13710-2023;15;4;2023-04-20
;6;13620-2023;15;5;2023-04-20
;6;13785-2023;13;4;2023-04-20
;6;13831-2023;15;2;2023-04-20
;6;13791-2023;15;1;2023-04-20
;6;13771-2023;16;2;2023-04-20
;6;13749-2023;16;5;2023-04-20
;6;90979-2023;16;1;2023-04-20
;6;13770-2023;6;1;2023-04-21
;6;13783-2023;6;4;2023-04-21
;6;13317-2023;22;6;2023-04-21
;6;91052-2023;22;7;2023-04-21
;6;13780-2023;10;1;2023-04-21
;6;13525-2023;10;1;2023-04-21
;6;13643-2023;16;2;2023-04-21
;6;13717-2023;13;7;2023-04-21
;6;13779-2023;13;3;2023-04-21
;6;13824-2023;10;1;2023-04-21
;6;13861-2023;6;2;2023-04-21
;6;12835-2023;13;3;2023-04-21
;6;13781-2023;22;3;2023-04-21
;6;91049-2023;16;10;2023-04-21
;6;13860-2023;10;1;2023-04-21
;6;13748-2023;16;2;2023-04-21
;6;13713-2023;9;2;2023-04-21
;6;13823-2023;6;3;2023-04-21
;6;13593-2023;16;1;2023-04-21
;6;13259-2023;9;2;2023-04-21
;6;13663-2023;15;9;2023-04-21
;6;14011-2023;25;3;2023-04-28
;6;14089-2023;5;1;2023-04-28
;6;13894-2023;5;2;2023-04-28
;6;14094-2023;19;1;2023-04-28
;6;13895-2023;19;2;2023-04-28
;6;91092-2023;17;6;2023-04-28
;6;91173-2023;17;1;2023-04-28
;6;14097-2023;258;1;2023-04-28
;6;13962-2023;25;2;2023-04-28
;6;14012-2023;25;1;2023-04-28
;6;13852-2023;19;5;2023-04-28
;6;14021-2023;12;4;2023-04-28
;6;14117-2023;12;1;2023-04-28
;6;91098-2023;20;8;2023-04-28
;6;91136-2023;20;12;2023-04-28
;6;13987-2023;4;3;2023-04-28
;6;13902-2023;4;7;2023-04-28
;6;14142-2023;25;1;2023-04-28
;6;29440-2023;17;1;2023-04-28
;6;91200-2023;23;5;2023-05-05
;6;14165-2023;15;12;2023-05-05
;6;14156-2023;16;6;2023-05-05
;6;14394-2023;15;5;2023-05-05
;6;14220-2023;6;3;2023-05-05
;6;14111-2023;13;4;2023-05-05
;6;14190-2023;13;3;2023-05-05
;6;14341-2023;13;1;2023-05-05
;6;14182-2023;23;2;2023-05-05
;6;14155-2023;23;2;2023-05-05
;6;14300-2023;23;2;2023-05-05
;6;14110-2023;13;2;2023-05-05
;6;14267-2023;6;1;2023-05-05
;6;14199-2023;6;1;2023-05-05
;6;14006-2023;23;2;2023-05-05
;6;14019-2023;15;2;2023-05-05
;6;14114-2023;22;3;2023-05-05
;6;14051-2023;16;4;2023-05-05
;6;13999-2023;13;5;2023-05-05
;6;14189-2023;23;8;2023-05-05
;6;13977-2023;13;6;2023-05-05
;6;14516-2023;12;3;2023-05-12
;6;14558-2023;12;1;2023-05-12
;6;14529-2023;20;2;2023-05-12
;6;14245-2023;4;10;2023-05-12
;6;14469-2023;12;5;2023-05-12
;6;91264-2023;25;6;2023-05-12
;6;91268-2023;17;6;2023-05-12
;6;91276-2023;13;10;2023-05-15
;6;91293-2023;13;1;2023-05-15
;6;14368-2023;22;4;2023-05-15
;6;14602-2023;22;5;2023-05-15
;6;14587-2023;16;2;2023-05-15
;6;14637-2023;13;3;2023-05-15
;6;91287-2023;23;8;2023-05-15
;6;91292-2023;23;2;2023-05-15
;6;14676-2023;10;1;2023-05-15
;6;91251-2023;6;13;2023-05-15
;6;91256-2023;6;4;2023-05-15
;6;91270-2023;15;6;2023-05-15
;6;14643-2023;10;1;2023-05-15
;6;14632-2023;22;4;2023-05-15
;6;14582-2023;13;4;2023-05-17
;6;14658-2023;22;6;2023-05-17
;6;14693-2023;22;3;2023-05-17
;6;14776-2023;22;1;2023-05-17
;6;91299-2023;13;8;2023-05-17
;6;14795-2023;14;2;2023-05-17
;6;14750-2023;10;1;2023-05-17
;6;14659-2023;16;4;2023-05-17
;6;14765-2023;10;1;2023-05-17
;6;14709-2023;10;1;2023-05-17
;6;91376-2023;25;9;2023-05-22
;6;91375-2023;25;8;2023-05-22
;6;91401-2023;3;2;2023-05-22
;6;14543-2023;4;2;2023-05-22
;6;91377-2023;20;5;2023-05-22
;6;91339-2023;20;1;2023-05-22
;6;91327-2023;19;27;2023-05-22
;6;14916-2023;25;2;2023-05-22
;6;14831-2023;25;4;2023-05-22
;6;14455-2023;12;1;2023-05-22
;6;14549-2023;12;2;2023-05-22
;6;14996-2023;20;8;2023-05-26
;6;15037-2023;12;2;2023-05-26
;6;15036-2023;25;3;2023-05-26
;6;14946-2023;25;9;2023-05-26
;6;91393-2023;12;6;2023-05-26
;6;91394-2023;12;6;2023-05-26
;6;15010-2023;20;1;2023-05-26
;6;14977-2023;20;2;2023-05-26
;6;14979-2023;20;1;2023-05-26
;6;15021-2023;25;4;2023-05-26
;6;15059-2023;19;2;2023-05-26
;6;14956-2023;25;3;2023-05-26
;6;14990-2023;12;3;2023-05-26
;6;91392-2023;17;20;2023-05-26
;6;91423-2023;17;1;2023-05-26
;6;15019-2023;17;1;2023-05-26
;6;14980-2023;19;2;2023-05-26
;6;14987-2023;19;2;2023-05-26
;6;14984-2023;19;11;2023-05-26
;6;15023-2023;12;4;2023-05-26
;6;91516-2023;17;14;2023-06-05
;6;15112-2023;19;2;2023-06-05
;6;15344-2023;19;1;2023-06-05
;6;91502-2023;4;11;2023-06-05
;6;91473-2023;4;1;2023-06-05
;6;15266-2023;12;4;2023-06-05
;6;15265-2023;25;9;2023-06-05
;6;14498-2023;25;4;2023-06-05
;6;15231-2023;19;3;2023-06-05
;6;91520-2023;20;5;2023-06-05
;6;13537-2023;20;2;2023-06-05
;6;15234-2023;19;6;2023-06-05
;6;15239-2023;25;2;2023-06-05
;6;91555-2023;3;8;2023-06-07
;6;91542-2023;17;11;2023-06-07
;6;15332-2023;19;4;2023-06-07
;6;15280-2023;19;6;2023-06-07
;6;15281-2023;17;7;2023-06-07
;6;15375-2023;19;1;2023-06-07
;6;15194-2023;25;8;2023-06-07
;6;15317-2023;20;1;2023-06-07
;6;15122-2023;17;2;2023-06-07
;6;15301-2023;4;2;2023-06-07
;6;15186-2023;25;7;2023-06-07
;6;15128-2023;20;2;2023-06-07
;6;15258-2023;12;2;2023-06-07
;6;15405-2023;17;2;2023-06-07
;6;15242-2023;17;5;2023-06-07
;6;15302-2023;4;4;2023-06-07
;6;15118-2023;25;3;2023-06-07
;6;15195-2023;20;10;2023-06-07
;6;91595-2023;16;3;2023-06-12
;6;91597-2023;16;4;2023-06-12
;6;91594-2023;16;1;2023-06-12
;6;15529-2023;10;1;2023-06-12
;6;15475-2023;16;3;2023-06-12
;6;91598-2023;22;4;2023-06-12
;6;15524-2023;10;1;2023-06-12
;6;15283-2023;13;12;2023-06-12
;6;15461-2023;13;1;2023-06-12
;6;15404-2023;14;1;2023-06-12
;6;91585-2023;9;5;2023-06-12
;6;15357-2023;13;6;2023-06-12
;6;91591-2023;22;9;2023-06-12
;6;91596-2023;9;11;2023-06-12
;6;91603-2023;9;3;2023-06-12
;6;15554-2023;10;3;2023-06-12
;6;91612-2023;16;3;2023-06-13
;6;91604-2023;23;5;2023-06-13
;6;15094-2023;9;1;2023-06-13
;6;91610-2023;23;7;2023-06-13
;6;91618-2023;23;1;2023-06-13
;6;15574-2023;16;2;2023-06-13
;6;91608-2023;16;7;2023-06-13
;6;15581-2023;14;3;2023-06-13
;6;15385-2023;16;2;2023-06-13
;6;15501-2023;22;4;2023-06-13
;6;15621-2023;22;4;2023-06-14
;6;91605-2023;14;6;2023-06-14
;6;15613-2023;16;1;2023-06-14
;6;15528-2023;6;2;2023-06-14
;6;15390-2023;22;3;2023-06-14
;6;15439-2023;22;5;2023-06-14
;6;15443-2023;22;1;2023-06-14
;6;91613-2023;14;2;2023-06-14
;6;91593-2023;14;1;2023-06-14
;6;15584-2023;14;3;2023-06-14
;6;15614-2023;23;1;2023-06-14
;6;14877-2023;9;1;2023-06-14
;6;15586-2023;22;1;2023-06-14
;6;15429-2023;16;1;2023-06-14
;6;15583-2023;14;1;2023-06-14
;6;15672-2023;14;1;2023-06-16
;6;91644-2023;23;5;2023-06-16
;6;91642-2023;22;14;2023-06-16
;6;15518-2023;14;4;2023-06-16
;6;91647-2023;6;16;2023-06-16
;6;91450-2023;6;6;2023-06-16
;6;15689-2023;16;1;2023-06-16
;6;15486-2023;16;2;2023-06-16
;6;15058-2023;16;3;2023-06-16
;6;15363-2023;14;2;2023-06-16
;6;15731-2023;22;2;2023-06-16
;6;15648-2023;20;8;2023-06-19
;6;15620-2023;19;12;2023-06-19
;6;15688-2023;20;2;2023-06-19
;6;15515-2023;19;2;2023-06-19
;6;15453-2023;17;3;2023-06-19
;6;15698-2023;20;6;2023-06-19
;6;15764-2023;12;2;2023-06-19
;6;15538-2023;19;4;2023-06-19
;6;15765-2023;19;1;2023-06-19
;6;15626-2023;17;4;2023-06-19
;6;15681-2023;12;1;2023-06-19
;6;15362-2023;12;5;2023-06-19
;6;15617-2023;20;3;2023-06-19
;6;15746-2023;3;3;2023-06-19
;6;15200-2023;17;5;2023-06-19
;6;15678-2023;17;1;2023-06-19
;6;14601-2023;17;4;2023-06-19
;6;14269-2023;17;5;2023-06-19
;6;15684-2023;12;5;2023-06-19
;6;15708-2023;3;13;2023-06-19
;6;15704-2023;3;3;2023-06-19
;6;15742-2023;20;1;2023-06-19
;6;15425-2023;12;8;2023-06-19
;6;15656-2023;12;1;2023-06-19
;6;91723-2023;3;8;2023-06-23
;6;15923-2023;20;1;2023-06-23
;6;15858-2023;12;1;2023-06-23
;6;91725-2023;17;8;2023-06-23
;6;15870-2023;20;1;2023-06-23
;6;15949-2023;12;3;2023-06-23
;6;15926-2023;20;4;2023-06-23
;6;15941-2023;17;1;2023-06-23
;6;15862-2023;3;4;2023-06-23
;6;15878-2023;12;7;2023-06-23
;6;15014-2023;19;2;2023-06-23
;6;15013-2023;19;4;2023-06-23
;6;91636-2023;20;11;2023-06-23
;6;15869-2023;20;1;2023-06-23
;6;91753-2023;9;8;2023-06-27
;6;15860-2023;14;16;2023-06-28
;6;15982-2023;10;1;2023-06-28
;6;91751-2023;23;3;2023-06-28
;6;91756-2023;23;3;2023-06-28
;6;15914-2023;16;2;2023-06-28
;6;16016-2023;13;3;2023-06-28
;6;91738-2023;13;18;2023-06-28
;6;15817-2023;9;6;2023-06-28
;6;15945-2023;6;2;2023-06-28
;6;15471-2023;9;11;2023-06-28
;6;14881-2023;14;5;2023-06-28
;6;15953-2023;9;13;2023-06-28
;6;16058-2023;6;2;2023-06-30
;6;16059-2023;9;9;2023-06-30
;6;16014-2023;13;1;2023-06-30
;6;16126-2023;16;1;2023-06-30
;6;16017-2023;16;2;2023-06-30
;6;15511-2023;9;3;2023-06-30
;6;15952-2023;13;3;2023-06-30
;6;15852-2023;9;2;2023-06-30
;6;16151-2023;16;3;2023-06-30
;6;16127-2023;15;1;2023-06-30
;6;16169-2023;15;1;2023-06-30
;6;15956-2023;6;11;2023-06-30
;6;15892-2023;13;4;2023-06-30
;6;15987-2023;20;5;2023-07-07
;6;16028-2023;4;5;2023-07-07
;6;16177-2023;25;4;2023-07-07
;6;91855-2023;3;21;2023-07-07
;6;91841-2023;3;4;2023-07-07
;6;91911-2023;3;2;2023-07-07
;6;91892-2023;3;2;2023-07-07
;6;91906-2023;3;3;2023-07-07
;6;16192-2023;3;1;2023-07-07
;6;16203-2023;3;1;2023-07-07
;6;15799-2023;3;2;2023-07-07
;6;16132-2023;25;7;2023-07-07
;6;16148-2023;20;3;2023-07-07
;6;16212-2023;3;3;2023-07-07
;6;16052-2023;3;3;2023-07-07
;6;16405-2023;16;8;2023-07-12
;6;91931-2023;16;9;2023-07-12
;6;91976-2023;16;1;2023-07-12
;6;91871-2023;16;1;2023-07-12
;6;16342-2023;22;3;2023-07-12
;6;16403-2023;22;4;2023-07-12
;6;16395-2023;9;5;2023-07-12
;6;16337-2023;22;7;2023-07-12
;6;16147-2023;16;2;2023-07-12
;6;16224-2023;16;4;2023-07-12
;6;91672-2023;13;8;2023-07-12
;6;91926-2023;13;21;2023-07-12
;6;91927-2023;13;4;2023-07-12
;6;91974-2023;13;1;2023-07-12
;6;16404-2023;22;3;2023-07-12
;6;16424-2023;9;6;2023-07-12
;6;16406-2023;22;1;2023-07-12
;6;16159-2023;19;5;2023-07-17
;6;16525-2023;19;4;2023-07-17
;6;16481-2023;12;1;2023-07-17
;6;16475-2023;20;7;2023-07-17
;6;16528-2023;25;3;2023-07-17
;6;16201-2023;3;3;2023-07-17
;6;16431-2023;12;4;2023-07-17
;6;16133-2023;25;4;2023-07-17
;6;16471-2023;19;2;2023-07-17
;6;16453-2023;20;17;2023-07-17
;6;16393-2023;19;3;2023-07-17
;6;16473-2023;20;3;2023-07-17
;6;15954-2023;4;3;2023-07-17
;6;16073-2023;4;2;2023-07-17
;6;92060-2023;19;13;2023-07-20
;6;92003-2023;19;4;2023-07-20
;6;92079-2023;19;1;2023-07-20
;6;16693-2023;3;4;2023-07-21
;6;16740-2023;19;2;2023-07-21
;6;16508-2023;25;8;2023-07-21
;6;16533-2023;3;2;2023-07-21
;6;16506-2023;4;3;2023-07-21
;6;16488-2023;25;4;2023-07-21
;6;16738-2023;4;1;2023-07-21
;6;16396-2023;19;3;2023-07-21
;6;16616-2023;4;11;2023-07-21
;6;16044-2023;4;3;2023-07-21
;6;16012-2023;4;3;2023-07-21
;6;16625-2023;3;3;2023-07-21
;6;16499-2023;4;2;2023-07-21
;6;92148-2023;13;14;2023-07-26
;6;16677-2023;15;3;2023-07-26
;6;16732-2023;16;3;2023-07-26
;6;16872-2023;9;1;2023-07-26
;6;16509-2023;16;3;2023-07-26
;6;16814-2023;13;1;2023-07-26
;6;16505-2023;13;5;2023-07-26
;6;16643-2023;13;1;2023-07-26
;6;16795-2023;22;3;2023-07-26
;6;16854-2023;13;2;2023-07-26
;6;16855-2023;22;1;2023-07-26
;6;16260-2023;15;5;2023-07-26
;6;16517-2023;15;10;2023-07-26
;6;16772-2023;16;8;2023-07-26
;6;16319-2023;16;4;2023-07-26
;6;16045-2023;22;3;2023-07-26
;6;16390-2023;22;1;2023-07-26
;6;16857-2023;12;1;2023-07-31
;6;16998-2023;12;1;2023-07-31
;6;16749-2023;12;3;2023-08-02
;6;16873-2023;12;3;2023-08-02
;6;16953-2023;12;6;2023-08-02
;6;16912-2023;17;20;2023-08-02
;6;16985-2023;12;1;2023-08-02
;6;16970-2023;12;1;2023-08-02
;6;16983-2023;3;8;2023-08-02
;6;16956-2023;12;1;2023-08-02
;6;16927-2023;12;3;2023-08-02
;6;16960-2023;4;4;2023-08-02
;6;16858-2023;20;9;2023-08-02
;6;16906-2023;3;6;2023-08-02
;6;16821-2023;4;3;2023-08-02
;6;17004-2023;20;2;2023-08-02
;6;16949-2023;4;3;2023-08-02
;6;92296-2023;6;16;2023-08-07
;6;92297-2023;6;5;2023-08-07
;6;92288-2023;9;9;2023-08-09
;6;92365-2023;9;1;2023-08-09
;6;17289-2023;22;1;2023-08-09
;6;17217-2023;15;3;2023-08-09
;6;17176-2023;15;9;2023-08-09
;6;17249-2023;22;1;2023-08-09
;6;16959-2023;9;5;2023-08-09
;6;17275-2023;14;1;2023-08-09
;6;17224-2023;14;4;2023-08-09
;6;17195-2023;14;18;2023-08-09
;6;17240-2023;14;7;2023-08-09
;6;17101-2023;6;3;2023-08-09
;6;17128-2023;22;6;2023-08-09
;6;17105-2023;14;1;2023-08-09
;6;17037-2023;6;4;2023-08-09
;6;17206-2023;6;2;2023-08-09
;6;17387-2023;4;1;2023-08-14
;6;17156-2023;19;4;2023-08-14
;6;92372-2023;19;10;2023-08-14
;6;92382-2023;19;14;2023-08-14
;6;92383-2023;19;5;2023-08-14
;6;17327-2023;19;1;2023-08-14
;6;17330-2023;19;1;2023-08-14
;6;17247-2023;3;6;2023-08-16
;6;17428-2023;3;5;2023-08-16
;6;17319-2023;19;3;2023-08-16
;6;17250-2023;12;15;2023-08-16
;6;17458-2023;4;3;2023-08-16
;6;17223-2023;4;14;2023-08-16
;6;17346-2023;3;20;2023-08-16
;6;17066-2023;3;3;2023-08-16
;6;17455-2023;19;2;2023-08-16
;6;17061-2023;3;10;2023-08-16
;6;17407-2023;3;10;2023-08-16
;6;92432-2023;19;8;2023-08-18
;6;92468-2023;19;2;2023-08-18
;6;92461-2023;3;7;2023-08-18
;6;17517-2023;3;1;2023-08-18
;6;17599-2023;14;6;2023-08-23
;6;17414-2023;15;4;2023-08-23
;6;16700-2023;16;4;2023-08-23
;6;17566-2023;16;3;2023-08-23
;6;17497-2023;14;8;2023-08-23
;6;17487-2023;14;4;2023-08-23
;6;17465-2023;14;2;2023-08-23
;6;92475-2023;22;8;2023-08-23
;6;17555-2023;22;4;2023-08-23
;6;17626-2023;22;4;2023-08-23
;6;17600-2023;22;1;2023-08-23
;6;17645-2023;22;2;2023-08-23
;6;17749-2023;22;8;2023-08-28
;6;17761-2023;19;1;2023-08-28
;6;92552-2023;19;10;2023-08-28
;6;17685-2023;22;1;2023-08-28
;6;17638-2023;17;8;2023-08-28
;6;17642-2023;17;2;2023-08-28
;6;17077-2023;17;2;2023-08-28
;6;17710-2023;17;5;2023-08-28
;6;17727-2023;22;1;2023-08-28
;6;17684-2023;19;6;2023-08-28
;6;17692-2023;12;9;2023-08-28
;6;17753-2023;22;7;2023-08-28
;6;17711-2023;22;2;2023-08-28
;6;17733-2023;19;2;2023-08-28
;6;17377-2023;12;1;2023-08-28
;6;17712-2023;22;1;2023-08-28
;6;92803-2023;3;4;2023-09-15
;6;18221-2023;19;1;2023-09-15
;6;18240-2023;19;1;2023-09-15
;6;92760-2023;19;1;2023-09-15
;6;92800-2023;19;2;2023-09-15
;6;13158-2023;;;2023-09-15
;6;18242-2023;4;1;2023-09-15
;6;18139-2023;19;1;2023-09-15
;6;18215-2023;12;4;2023-09-19
;6;18188-2023;14;2;2023-09-19
;6;18094-2023;15;3;2023-09-19
;6;92817-2023;14;3;2023-09-19
;6;18257-2023;12;2;2023-09-19
;6;92842-2023;12;3;2023-09-19
;6;92838-2023;12;1;2023-09-19
;6;92833-2023;12;1;2023-09-19
;6;18247-2023;14;2;2023-09-19
;6;18059-2023;12;5;2023-09-20
;6;18265-2023;15;2;2023-09-20
;6;18294-2023;15;1;2023-09-20
;6;18178-2023;14;3;2023-09-20
;6;17350-2023;15;2;2023-09-20
;6;17831-2023;15;1;2023-09-20
;6;18187-2023;15;4;2023-09-20
;6;18315-2023;14;2;2023-09-20
;6;18014-2023;14;1;2023-09-20
;6;17981-2023;15;6;2023-09-20
;6;18280-2023;15;3;2023-09-20
;6;18062-2023;14;6;2023-09-20
;6;92820-2023;14;7;2023-09-20
;6;18289-2023;12;3;2023-09-20
;6;18338-2023;19;4;2023-09-26
;6;92849-2023;12;6;2023-09-26
;6;18208-2023;3;1;2023-09-26
;6;18362-2023;3;9;2023-09-26
;6;92341-2023;3;4;2023-09-26
;6;18424-2023;3;1;2023-09-26
;6;18421-2023;3;2;2023-09-26
;6;18372-2023;3;1;2023-09-26
;6;18326-2023;12;6;2023-09-29
;6;18354-2023;4;1;2023-09-29
;6;18374-2023;20;12;2023-09-29
;6;91487-2023;19;7;2023-09-29
;6;18466-2023;20;1;2023-09-29
;6;18505-2023;19;1;2023-09-29
;6;92870-2023;4;1;2023-09-29
;6;18410-2023;12;1;2023-09-29
;6;18341-2023;12;2;2023-09-29
;6;18533-2023;3;1;2023-10-04
;6;18456-2023;3;1;2023-10-04
;6;18503-2023;3;1;2023-10-04
;6;18536-2023;20;1;2023-10-04
;7;90084-2023;13;14;2023-01-13
;7;10334-2023;16;6;2023-01-13
;7;10354-2023;15;8;2023-01-13
;7;10433-2023;15;1;2023-01-13
;7;10095-2023;14;9;2023-01-13
;7;90088-2023;3;11;2023-01-16
;7;10449-2023;25;3;2023-01-16
;7;90056-2023;25;6;2023-01-16
;7;10399-2023;19;5;2023-01-16
;7;10328-2023;5;3;2023-01-16
;7;10130-2023;25;13;2023-01-16
;7;10430-2023;17;7;2023-01-16
;7;10479-2023;19;3;2023-01-16
;7;90059-2023;4;11;2023-01-16
;7;10356-2023;20;4;2023-01-16
;7;10627-2023;25;4;2023-01-18
;7;90117-2023;19;1;2023-01-18
;7;90116-2023;19;3;2023-01-18
;7;90127-2023;12;6;2023-01-19
;7;90126-2023;25;10;2023-01-19
;7;90098-2023;12;2;2023-01-19
;7;10568-2023;3;2;2023-01-19
;7;90078-2023;19;9;2023-01-19
;7;10533-2023;20;4;2023-01-19
;7;10615-2023;3;5;2023-01-20
;7;10044-2023;20;6;2023-01-20
;7;10321-2023;17;6;2023-01-20
;7;10524-2023;17;2;2023-01-20
;7;90269-2023;19;1;2023-01-30
;7;90243-2023;19;11;2023-01-30
;7;10929-2023;25;5;2023-01-30
;7;10444-2023;5;2;2023-01-30
;7;90864-2023;12;4;2023-03-28
;7;90863-2023;12;9;2023-03-28
;7;13091-2023;20;11;2023-03-28
;7;13084-2023;5;1;2023-03-28
;7;12666-2023;3;10;2023-03-28
;7;90818-2023;3;10;2023-03-28
;7;90474-2023;3;9;2023-03-28
;7;13102-2023;5;2;2023-03-28
;7;13071-2023;5;1;2023-03-28
;7;12785-2023;17;13;2023-03-28
;7;90868-2023;17;5;2023-03-30
;7;90848-2023;19;7;2023-03-30
;7;90758-2023;19;8;2023-03-30
;7;90828-2023;19;3;2023-03-30
;7;13223-2023;19;1;2023-03-30
;7;13859-2023;16;3;2023-04-21
;7;91067-2023;9;2;2023-04-21
;7;13773-2023;13;6;2023-04-21
;7;13867-2023;13;3;2023-04-21
;7;13794-2023;10;2;2023-04-21
;7;13746-2023;10;1;2023-04-21
;7;13553-2023;15;6;2023-04-21
;7;13853-2023;15;1;2023-04-21
;7;13857-2023;12;7;2023-04-24
;7;13906-2023;12;1;2023-04-24
;7;13611-2023;4;8;2023-04-24
;7;13737-2023;4;2;2023-04-24
;7;91068-2023;25;13;2023-04-24
;7;13878-2023;4;1;2023-04-24
;7;91102-2023;12;2;2023-04-24
;7;91069-2023;17;7;2023-04-24
;7;13880-2023;12;11;2023-04-26
;7;13997-2023;25;2;2023-04-26
;7;91097-2023;20;7;2023-04-26
;7;13924-2023;3;1;2023-04-26
;7;12824-2023;3;9;2023-04-26
;7;14027-2023;17;1;2023-04-26
;7;13993-2023;17;2;2023-04-26
;7;91134-2023;5;1;2023-04-26
;7;12443-2023;17;11;2023-04-27
;7;13803-2023;17;2;2023-04-27
;7;13915-2023;12;7;2023-04-27
;7;91137-2023;19;2;2023-04-27
;7;14052-2023;19;9;2023-04-27
;7;14067-2023;19;5;2023-04-27
;7;14057-2023;3;1;2023-04-27
;7;14055-2023;12;1;2023-04-27
;7;91135-2023;17;3;2023-04-27
;7;91275-2023;25;3;2023-05-11
;7;14438-2023;20;9;2023-05-11
;7;14326-2023;20;2;2023-05-11
;7;14390-2023;20;2;2023-05-11
;7;14013-2023;20;1;2023-05-11
;7;14539-2023;12;6;2023-05-11
;7;14095-2023;25;2;2023-05-11
;7;14523-2023;12;1;2023-05-11
;7;91273-2023;4;10;2023-05-11
;7;91262-2023;19;8;2023-05-11
;7;14461-2023;25;1;2023-05-11
;7;14562-2023;25;5;2023-05-12
;7;14035-2023;20;3;2023-05-12
;7;13952-2023;20;1;2023-05-12
;7;14536-2023;20;1;2023-05-12
;7;14277-2023;17;2;2023-05-12
;7;13400-2023;4;6;2023-05-26
;7;15054-2023;4;1;2023-05-26
;7;15076-2023;17;3;2023-05-26
;7;14883-2023;17;6;2023-05-26
;7;14247-2023;4;17;2023-05-26
;7;14251-2023;4;22;2023-05-26
;7;14837-2023;4;6;2023-05-26
;7;14966-2023;20;4;2023-05-26
;7;15162-2023;14;11;2023-06-01
;7;14761-2023;13;7;2023-06-01
;7;91472-2023;16;11;2023-06-01
;7;91468-2023;6;7;2023-06-01
;7;91510-2023;23;1;2023-06-01
;7;91506-2023;23;12;2023-06-01
;7;15197-2023;22;1;2023-06-01
;7;91475-2023;9;2;2023-06-01
;7;91529-2023;4;7;2023-06-06
;7;14333-2023;20;4;2023-06-06
;7;15382-2023;12;1;2023-06-06
;7;15148-2023;12;2;2023-06-06
;7;91578-2023;4;12;2023-06-09
;7;91447-2023;4;2;2023-06-09
;7;15469-2023;3;3;2023-06-09
;7;15454-2023;17;5;2023-06-09
;7;13888-2023;25;1;2023-06-09
;7;15496-2023;25;1;2023-06-09
;7;15220-2023;25;8;2023-06-09
;7;15155-2023;12;14;2023-06-09
;7;91693-2023;3;8;2023-06-21
;7;91674-2023;3;14;2023-06-21
;7;91694-2023;3;3;2023-06-21
;7;91525-2023;12;2;2023-06-21
;7;91482-2023;12;2;2023-06-21
;7;15857-2023;19;1;2023-06-21
;7;15851-2023;19;1;2023-06-21
;7;91708-2023;20;6;2023-06-21
;7;91698-2023;3;6;2023-06-21
;7;15777-2023;17;3;2023-06-21
;7;15795-2023;12;9;2023-06-22
;7;15757-2023;12;1;2023-06-22
;7;15849-2023;17;2;2023-06-22
;7;91700-2023;19;11;2023-06-22
;7;15865-2023;17;1;2023-06-22
;7;91699-2023;3;4;2023-06-22
;7;91659-2023;3;6;2023-06-22
;7;91719-2023;19;1;2023-06-22
;7;91488-2023;19;4;2023-06-22
;7;15759-2023;12;1;2023-06-22
;7;91713-2023;12;12;2023-06-22
;7;91528-2023;19;5;2023-06-22
;7;91752-2023;23;20;2023-06-28
;7;15934-2023;15;1;2023-06-28
;7;15931-2023;9;2;2023-06-28
;7;91755-2023;6;8;2023-06-28
;7;91789-2023;6;1;2023-06-28
;7;15971-2023;14;12;2023-06-28
;7;16050-2023;13;2;2023-06-28
;7;15889-2023;23;4;2023-06-28
;7;15907-2023;23;3;2023-06-28
;7;91793-2023;15;19;2023-06-29
;7;15985-2023;13;4;2023-06-29
;7;91782-2023;16;9;2023-06-29
;7;91812-2023;16;5;2023-06-29
;7;91813-2023;16;1;2023-06-29
;7;15854-2023;16;1;2023-06-29
;7;16054-2023;6;14;2023-06-29
;7;15921-2023;15;2;2023-06-29
;7;91783-2023;16;4;2023-06-29
;7;15876-2023;9;2;2023-06-29
;7;15723-2023;6;1;2023-06-29
;7;15842-2023;6;3;2023-06-29
;7;14585-2023;14;2;2023-06-30
;7;91792-2023;9;3;2023-06-30
;7;91815-2023;9;6;2023-06-30
;7;16124-2023;13;1;2023-06-30
;7;91842-2023;15;1;2023-06-30
;7;91818-2023;15;1;2023-06-30
;7;16085-2023;9;2;2023-06-30
;7;91843-2023;15;5;2023-06-30
;7;91924-2023;16;5;2023-07-10
;7;91923-2023;16;3;2023-07-10
;7;91890-2023;16;2;2023-07-10
;7;91904-2023;16;3;2023-07-10
;7;16297-2023;13;8;2023-07-10
;7;15818-2023;22;1;2023-07-10
;7;16057-2023;15;2;2023-07-10
;7;91895-2023;6;22;2023-07-10
;7;91896-2023;6;1;2023-07-10
;7;91888-2023;6;2;2023-07-10
;7;91902-2023;6;3;2023-07-10
;7;91827-2023;6;4;2023-07-10
;7;91900-2023;9;12;2023-07-10
;7;91825-2023;9;4;2023-07-10
;7;91905-2023;9;3;2023-07-10
;7;91891-2023;9;2;2023-07-10
;7;91914-2023;9;1;2023-07-10
;7;16379-2023;22;3;2023-07-10
;7;15918-2023;22;13;2023-07-10
;7;16163-2023;22;3;2023-07-10
;7;91929-2023;13;6;2023-07-10
;7;91899-2023;13;6;2023-07-10
;7;91832-2023;13;4;2023-07-10
;7;91887-2023;13;2;2023-07-10
;7;91901-2023;13;3;2023-07-10
;7;16291-2023;13;5;2023-07-11
;7;16394-2023;9;4;2023-07-11
;7;16400-2023;16;2;2023-07-11
;7;91952-2023;9;18;2023-07-11
;7;91978-2023;9;1;2023-07-11
;7;16324-2023;22;2;2023-07-11
;7;91958-2023;13;9;2023-07-11
;7;91788-2023;13;4;2023-07-11
;7;91973-2023;13;1;2023-07-11
;7;91959-2023;13;3;2023-07-11
;7;91960-2023;13;1;2023-07-11
;7;91977-2023;13;1;2023-07-11
;7;16283-2023;22;1;2023-07-11
;7;16265-2023;6;4;2023-07-11
;7;91955-2023;6;5;2023-07-13
;7;91987-2023;6;22;2023-07-13
;7;91921-2023;6;1;2023-07-13
;7;16338-2023;22;4;2023-07-13
;7;91703-2023;13;1;2023-07-13
;7;92006-2023;13;6;2023-07-13
;7;16482-2023;22;2;2023-07-13
;7;91970-2023;16;8;2023-07-13
;7;91969-2023;22;8;2023-07-13
;7;16469-2023;15;1;2023-07-13
;7;16382-2023;15;3;2023-07-13
;7;16302-2023;22;15;2023-07-14
;7;92022-2023;6;3;2023-07-14
;7;16553-2023;15;4;2023-07-14
;7;16554-2023;13;1;2023-07-14
;7;16521-2023;13;2;2023-07-14
;7;16530-2023;13;2;2023-07-14
;7;16507-2023;16;2;2023-07-14
;7;92018-2023;13;10;2023-07-14
;7;92019-2023;13;1;2023-07-14
;7;16412-2023;22;6;2023-07-14
;7;92031-2023;25;3;2023-07-17
;7;92020-2023;25;13;2023-07-17
;7;92037-2023;25;1;2023-07-17
;7;16457-2023;19;4;2023-07-17
;7;16460-2023;19;3;2023-07-17
;7;16467-2023;19;5;2023-07-17
;7;16523-2023;4;3;2023-07-17
;7;16524-2023;19;1;2023-07-17
;7;16459-2023;4;1;2023-07-17
;7;16157-2023;4;10;2023-07-17
;7;92021-2023;3;10;2023-07-17
;7;92035-2023;3;1;2023-07-17
;7;92028-2023;3;7;2023-07-17
;7;91811-2023;3;2;2023-07-17
;7;92039-2023;3;1;2023-07-17
;7;91953-2023;12;13;2023-07-17
;7;92036-2023;12;1;2023-07-17
;7;91834-2023;25;5;2023-07-17
;7;91833-2023;12;7;2023-07-17
;7;16664-2023;9;7;2023-07-24
;7;16364-2023;16;6;2023-07-24
;7;16779-2023;16;1;2023-07-24
;7;16398-2023;22;1;2023-07-24
;7;16284-2023;22;20;2023-07-24
;7;91676-2023;13;14;2023-07-25
;7;16845-2023;22;4;2023-07-25
;7;16770-2023;15;3;2023-07-25
;7;16710-2023;22;4;2023-07-25
;7;92124-2023;22;14;2023-07-25
;7;92118-2023;16;15;2023-07-25
;7;92049-2023;16;4;2023-07-25
;7;92121-2023;9;8;2023-07-25
;7;92122-2023;9;1;2023-07-25
;7;16838-2023;9;2;2023-07-25
;7;16790-2023;22;2;2023-07-25
;7;16810-2023;15;3;2023-07-25
;7;92172-2023;4;16;2023-07-31
;7;92181-2023;3;14;2023-07-31
;7;92179-2023;12;10;2023-08-01
;7;91526-2023;12;5;2023-08-01
;7;16823-2023;4;2;2023-08-01
;7;16897-2023;4;1;2023-08-01
;7;92159-2023;3;15;2023-08-01
;7;92029-2023;3;11;2023-08-01
;7;92193-2023;3;3;2023-08-01
;7;16426-2023;20;1;2023-08-01
;7;17050-2023;20;1;2023-08-01
;7;16589-2023;20;5;2023-08-01
;7;16958-2023;20;3;2023-08-01
;7;14798-2023;20;3;2023-08-01
;7;16984-2023;12;6;2023-08-01
;7;17065-2023;12;1;2023-08-01
;7;92184-2023;4;9;2023-08-01
;7;92052-2023;4;2;2023-08-01
;7;16921-2023;12;3;2023-08-01
;7;16973-2023;17;4;2023-08-01
;7;92206-2023;20;11;2023-08-02
;7;92276-2023;20;1;2023-08-02
;7;92168-2023;17;14;2023-08-02
;7;17071-2023;12;2;2023-08-02
;7;92293-2023;15;21;2023-08-07
;7;17109-2023;9;2;2023-08-07
;7;92282-2023;14;10;2023-08-07
;7;92271-2023;14;6;2023-08-07
;7;17175-2023;14;2;2023-08-07
;7;16964-2023;15;3;2023-08-07
;7;17208-2023;15;1;2023-08-07
;7;17098-2023;22;13;2023-08-07
;7;92275-2023;14;5;2023-08-07
;7;17174-2023;6;2;2023-08-07
;7;17221-2023;22;1;2023-08-07
;7;17198-2023;6;1;2023-08-07
;7;17180-2023;22;21;2023-08-08
;7;92352-2023;15;7;2023-08-08
;7;92359-2023;15;1;2023-08-08
;7;17259-2023;9;1;2023-08-08
;7;17177-2023;22;6;2023-08-08
;7;92346-2023;14;4;2023-08-08
;7;92360-2023;14;1;2023-08-08
;7;92340-2023;6;11;2023-08-08
;7;92362-2023;6;1;2023-08-08
;7;92292-2023;14;12;2023-08-08
;7;92358-2023;14;1;2023-08-08
;7;17235-2023;14;1;2023-08-08
;7;17096-2023;6;3;2023-08-08
;7;17127-2023;6;3;2023-08-08
;7;17272-2023;15;3;2023-08-08
;7;17329-2023;15;5;2023-08-11
;7;17143-2023;22;12;2023-08-11
;7;16243-2023;15;5;2023-08-11
;7;17170-2023;14;3;2023-08-11
;7;17363-2023;22;3;2023-08-11
;7;16880-2023;22;6;2023-08-11
;7;17188-2023;22;1;2023-08-11
;7;92433-2023;4;15;2023-08-14
;7;92434-2023;4;3;2023-08-14
;7;17385-2023;3;6;2023-08-14
;7;16344-2023;12;2;2023-08-14
;7;92425-2023;12;2;2023-08-14
;7;92045-2023;12;4;2023-08-14
;7;17070-2023;12;2;2023-08-14
;7;17403-2023;4;3;2023-08-14
;7;17355-2023;19;16;2023-08-14
;7;17433-2023;19;5;2023-08-14
;7;17132-2023;12;8;2023-08-14
;7;92435-2023;3;14;2023-08-14
;7;17197-2023;12;2;2023-08-16
;7;92453-2023;12;8;2023-08-16
;7;17429-2023;12;3;2023-08-16
;7;17431-2023;19;33;2023-08-16
;7;17406-2023;4;15;2023-08-16
;7;17426-2023;4;9;2023-08-16
;7;92467-2023;3;6;2023-08-16
;7;92443-2023;3;1;2023-08-16
;7;17451-2023;14;3;2023-08-21
;7;17565-2023;15;10;2023-08-22
;7;92516-2023;14;3;2023-08-22
;7;92533-2023;14;4;2023-08-22
;7;92530-2023;14;1;2023-08-22
;7;17532-2023;22;5;2023-08-22
;7;17234-2023;22;3;2023-08-22
;7;92521-2023;14;1;2023-08-22
;7;92529-2023;22;5;2023-08-22
;7;17591-2023;15;5;2023-08-22
;7;92591-2023;22;12;2023-08-28
;7;92628-2023;22;8;2023-08-30
;7;17934-2023;3;1;2023-09-01
;7;17344-2023;3;13;2023-09-01
;7;17865-2023;3;1;2023-09-01
;7;17689-2023;4;6;2023-09-01
;7;17822-2023;3;1;2023-09-01
;7;92629-2023;17;4;2023-09-01
;7;17559-2023;17;3;2023-09-01
;7;17899-2023;3;2;2023-09-01
;7;17257-2023;3;5;2023-09-01
;7;92343-2023;4;5;2023-09-01
;7;17956-2023;3;1;2023-09-04
;7;17762-2023;22;3;2023-09-04
;7;17933-2023;14;2;2023-09-04
;7;17941-2023;14;1;2023-09-04
;7;92693-2023;17;4;2023-09-04
;7;92692-2023;17;4;2023-09-04
;7;17724-2023;22;1;2023-09-04
;7;92684-2023;3;6;2023-09-04
;7;92685-2023;3;3;2023-09-04
;7;92704-2023;3;1;2023-09-04
;7;92689-2023;22;2;2023-09-04
;7;17975-2023;14;1;2023-09-04
;7;17800-2023;22;1;2023-09-06
;7;17965-2023;14;1;2023-09-06
;7;92720-2023;14;6;2023-09-06
;7;17978-2023;22;5;2023-09-06
;7;18016-2023;22;1;2023-09-06
;7;17914-2023;22;3;2023-09-06
;7;92699-2023;3;12;2023-09-07
;7;92721-2023;3;4;2023-09-07
;7;17982-2023;14;2;2023-09-07
;7;92688-2023;22;2;2023-09-07
;7;17376-2023;22;1;2023-09-07
;7;92755-2023;3;9;2023-09-11
;7;18102-2023;3;1;2023-09-12
;7;18013-2023;4;6;2023-09-12
;7;18084-2023;3;1;2023-09-12
;7;17995-2023;3;1;2023-09-12
;7;92736-2023;4;6;2023-09-12
;7;18093-2023;19;3;2023-09-12
;7;92733-2023;3;6;2023-09-12
;7;92781-2023;4;12;2023-09-14
;7;18130-2023;3;1;2023-09-14
;7;92777-2023;19;6;2023-09-14
;7;18034-2023;4;3;2023-09-14
;7;17918-2023;3;4;2023-09-14
;7;17854-2023;19;3;2023-09-14
;7;92752-2023;3;6;2023-09-14
;7;18107-2023;3;2;2023-09-14
;7;18097-2023;3;7;2023-09-14
;7;18163-2023;19;8;2023-09-15
;7;17991-2023;4;4;2023-09-15
;7;92799-2023;4;2;2023-09-15
;7;92809-2023;3;4;2023-09-15
;7;92806-2023;3;1;2023-09-15
;7;92805-2023;3;1;2023-09-15
;7;92797-2023;3;5;2023-09-15
;7;18254-2023;15;3;2023-09-18
;7;92814-2023;15;4;2023-09-18
;7;92829-2023;15;1;2023-09-18
;7;92815-2023;15;2;2023-09-18
;7;92798-2023;14;5;2023-09-18
;7;92816-2023;14;1;2023-09-18
;7;18035-2023;14;4;2023-09-18
;7;18220-2023;15;8;2023-09-18
;7;18273-2023;15;1;2023-09-18
;7;18099-2023;12;7;2023-09-18
;7;92821-2023;12;2;2023-09-18
;7;18266-2023;12;1;2023-09-20
;7;92822-2023;15;2;2023-09-20
;7;92808-2023;14;1;2023-09-20
;7;92807-2023;14;1;2023-09-20
;7;18279-2023;15;2;2023-09-25
;7;18345-2023;15;2;2023-09-25
;7;92908-2023;20;7;2023-09-25
;7;18422-2023;12;2;2023-09-25
;7;18423-2023;12;1;2023-09-25
;7;18103-2023;20;2;2023-09-25
;7;18431-2023;4;1;2023-09-25
;7;92912-2023;19;9;2023-09-27
;7;92904-2023;19;4;2023-09-27
;7;92925-2023;3;2;2023-09-27
;7;18214-2023;3;2;2023-09-27
;7;18302-2023;4;2;2023-09-27
;7;18402-2023;4;3;2023-09-27
;7;92906-2023;20;1;2023-09-27
;7;92580-2023;3;1;2023-10-02
;7;92988-2023;20;4;2023-10-02
;7;92972-2023;14;1;2023-10-02
;7;92979-2023;4;1;2023-10-02
;7;18427-2023;15;1;2023-10-02
;7;92978-2023;3;1;2023-10-02
;7;92975-2023;20;5;2023-10-03
;8;10050-2023;3;3;2023-01-05
;8;10036-2023;3;8;2023-01-05
;8;90018-2023;4;14;2023-01-05
;8;90001-2023;4;8;2023-01-05
;8;90012-2023;20;5;2023-01-06
;8;90014-2023;20;1;2023-01-06
;8;90022-2023;4;6;2023-01-06
;8;10082-2023;20;3;2023-01-06
;8;10112-2023;20;3;2023-01-06
;8;10156-2023;12;2;2023-01-06
;8;90006-2023;17;18;2023-01-06
;8;10128-2023;17;1;2023-01-06
;8;10064-2023;17;1;2023-01-06
;8;10061-2023;12;4;2023-01-06
;8;10137-2023;17;1;2023-01-06
;8;10143-2023;25;5;2023-01-06
;8;10103-2023;25;5;2023-01-06
;8;90020-2023;5;1;2023-01-06
;8;90083-2023;23;7;2023-01-13
;8;90087-2023;23;1;2023-01-13
;8;90055-2023;14;4;2023-01-13
;8;10390-2023;10;1;2023-01-13
;8;10418-2023;10;3;2023-01-13
;8;10359-2023;16;3;2023-01-13
;8;10256-2023;15;6;2023-01-13
;8;10451-2023;10;1;2023-01-13
;8;10135-2023;9;8;2023-01-13
;8;10480-2023;9;1;2023-01-13
;8;10252-2023;13;2;2023-01-13
;8;10422-2023;13;2;2023-01-13
;8;10421-2023;13;2;2023-01-13
;8;10326-2023;9;3;2023-01-13
;8;10416-2023;16;3;2023-01-13
;8;10380-2023;10;1;2023-01-13
;8;90113-2023;3;8;2023-01-17
;8;10446-2023;5;3;2023-01-17
;8;10056-2023;5;3;2023-01-17
;8;90071-2023;19;3;2023-01-17
;8;90112-2023;12;5;2023-01-17
;8;90073-2023;19;10;2023-01-17
;8;10474-2023;12;12;2023-01-18
;8;1055-2023;3;3;2023-01-18
;8;10467-2023;25;1;2023-01-18
;8;10431-2023;20;5;2023-01-18
;8;10591-2023;17;6;2023-01-18
;8;10491-2023;17;1;2023-01-18
;8;10151-2023;20;2;2023-01-18
;8;10582-2023;12;3;2023-01-18
;8;10600-2023;17;2;2023-01-18
;8;10632-2023;3;1;2023-01-18
;8;90148-2023;6;17;2023-01-23
;8;90129-2023;15;9;2023-01-23
;8;10731-2023;10;1;2023-01-23
;8;10755-2023;16;3;2023-01-23
;8;10662-2023;14;12;2023-01-23
;8;10697-2023;14;5;2023-01-23
;8;10778-2023;14;4;2023-01-23
;8;10775-2023;9;3;2023-01-23
;8;10767-2023;15;7;2023-01-23
;8;90095-2023;23;11;2023-01-23
;8;10746-2023;16;4;2023-01-23
;8;10695-2023;22;3;2023-01-23
;8;10751-2023;10;2;2023-01-23
;8;10776-2023;10;1;2023-01-23
;8;10804-2023;5;4;2023-01-31
;8;11098-2023;20;3;2023-01-31
;8;10815-2023;4;4;2023-01-31
;8;90286-2023;17;15;2023-01-31
;8;90287-2023;17;1;2023-01-31
;8;90270-2023;17;4;2023-01-31
;8;90200-2023;19;5;2023-01-31
;8;11092-2023;3;2;2023-01-31
;8;90206-2023;19;5;2023-01-31
;8;90248-2023;17;6;2023-01-31
;8;90259-2023;17;1;2023-01-31
;8;11032-2023;3;6;2023-02-01
;8;10868-2023;5;1;2023-02-01
;8;11072-2023;25;3;2023-02-01
;8;11107-2023;17;2;2023-02-01
;8;10863-2023;17;8;2023-02-01
;8;11055-2023;17;2;2023-02-01
;8;11106-2023;25;4;2023-02-01
;8;10930-2023;3;4;2023-02-01
;8;10969-2023;19;6;2023-02-01
;8;11108-2023;19;1;2023-02-01
;8;11023-2023;25;7;2023-02-01
;8;90196-2023;20;20;2023-02-01
;8;11004-2023;;;2;2023-02-01
;8;11100-2023;17;5;2023-02-01
;8;90159-2023;20;2;2023-02-01
;8;90229-2023;20;6;2023-02-01
;8;90297-2023;20;1;2023-02-01
;8;90329-2023;22;12;2023-02-06
;8;90332-2023;22;3;2023-02-06
;8;90372-2023;9;3;2023-02-06
;8;90327-2023;14;8;2023-02-06
;8;90331-2023;15;14;2023-02-06
;8;11300-2023;23;1;2023-02-06
;8;11230-2023;22;6;2023-02-06
;8;11165-2023;9;2;2023-02-06
;8;11078-2023;6;6;2023-02-06
;8;11127-2023;16;4;2023-02-06
;8;10043-2023;4;5;2023-02-14
;8;11479-2023;3;7;2023-02-14
;8;90450-2023;20;13;2023-02-14
;8;10958-2023;17;4;2023-02-14
;8;11556-2023;3;11;2023-02-14
;8;11544-2023;25;5;2023-02-14
;8;11529-2023;5;1;2023-02-14
;8;90449-2023;25;8;2023-02-14
;8;90443-2023;19;15;2023-02-15
;8;90290-2023;19;1;2023-02-15
;8;11348-2023;17;2;2023-02-15
;8;11525-2023;17;3;2023-02-15
;8;11248-2023;20;3;2023-02-15
;8;11207-2023;20;3;2023-02-15
;8;10865-2023;17;3;2023-02-15
;8;11524-2023;3;3;2023-02-15
;8;10007-2023;3;7;2023-02-15
;8;11263-2023;3;3;2023-02-15
;8;10006-2023;25;7;2023-02-15
;8;11620-2023;25;1;2023-02-15
;8;11527-2023;20;4;2023-02-15
;8;11292-2023;12;7;2023-02-15
;8;11454-2023;20;3;2023-02-15
;8;90441-2023;4;21;2023-02-15
;8;11569-2023;4;1;2023-02-15
;8;11636-2023;12;2;2023-02-15
;8;11414-2023;3;4;2023-02-15
;8;11445-2023;5;1;2023-02-15
;8;11613-2023;19;2;2023-02-15
;8;90538-2023;16;6;2023-02-21
;8;11747-2023;13;3;2023-02-21
;8;11623-2023;13;11;2023-02-21
;8;11304-2023;23;4;2023-02-21
;8;11822-2023;16;1;2023-02-21
;8;11192-2023;16;3;2023-02-21
;8;11875-2023;23;1;2023-02-21
;8;11574-2023;23;4;2023-02-21
;8;90522-2023;22;6;2023-02-21
;8;11833-2023;14;2;2023-02-21
;8;90524-2023;15;5;2023-02-21
;8;90536-2023;9;14;2023-02-21
;8;90453-2023;22;1;2023-02-21
;8;90436-2023;9;1;2023-02-21
;8;90537-2023;16;14;2023-02-22
;8;90545-2023;9;3;2023-02-22
;8;11811-2023;23;8;2023-02-22
;8;11836-2023;15;2;2023-02-22
;8;11835-2023;16;1;2023-02-22
;8;11678-2023;13;4;2023-02-22
;8;11863-2023;15;4;2023-02-22
;8;11777-2023;9;7;2023-02-22
;8;11808-2023;23;5;2023-02-22
;8;90445-2023;14;9;2023-02-22
;8;90521-2023;14;1;2023-02-22
;8;11850-2023;13;1;2023-02-22
;8;10611-2023;10;3;2023-02-22
;8;11754-2023;22;3;2023-02-22
;8;11787-2023;9;4;2023-02-22
;8;11907-2023;9;2;2023-02-22
;8;11904-2023;16;3;2023-02-22
;8;11458-2023;6;1;2023-02-22
;8;11797-2023;16;3;2023-02-22
;8;11762-2023;9;2;2023-02-22
;8;90542-2023;14;16;2023-02-22
;8;90585-2023;4;14;2023-02-27
;8;12088-2023;20;4;2023-02-27
;8;90569-2023;20;4;2023-02-27
;8;90555-2023;20;5;2023-02-27
;8;11861-2023;4;1;2023-02-27
;8;12022-2023;19;3;2023-02-27
;8;11973-2023;12;5;2023-02-27
;8;12082-2023;19;3;2023-02-27
;8;11968-2023;19;2;2023-02-27
;8;11960-2023;19;11;2023-02-27
;8;11944-2023;3;10;2023-02-27
;8;12092-2023;3;1;2023-02-27
;8;11908-2023;25;5;2023-02-27
;8;12053-2023;25;2;2023-02-27
;8;11761-2023;4;2;2023-02-27
;8;12185-2023;19;6;2023-03-01
;8;12183-2023;25;1;2023-03-01
;8;11639-2023;5;1;2023-03-01
;8;12137-2023;5;1;2023-03-01
;8;12114-2023;25;6;2023-03-01
;8;12025-2023;19;3;2023-03-01
;8;12040-2023;5;2;2023-03-01
;8;12131-2023;5;1;2023-03-01
;8;12150-2023;3;5;2023-03-01
;8;90577-2023;4;19;2023-03-01
;8;90467-2023;4;5;2023-03-01
;8;12139-2023;12;3;2023-03-01
;8;12069-2023;25;5;2023-03-01
;8;11910-2023;5;2;2023-03-01
;8;11831-2023;20;3;2023-03-01
;8;11881-2023;20;4;2023-03-01
;8;90629-2023;23;26;2023-03-06
;8;90634-2023;23;8;2023-03-06
;8;11186-2023;16;6;2023-03-06
;8;12228-2023;16;11;2023-03-06
;8;12332-2023;10;2;2023-03-06
;8;12309-2023;13;5;2023-03-06
;8;12265-2023;10;1;2023-03-06
;8;12261-2023;9;3;2023-03-06
;8;12200-2023;9;9;2023-03-06
;8;12229-2023;13;2;2023-03-06
;8;12308-2023;15;2;2023-03-06
;8;90626-2023;15;10;2023-03-06
;8;90640-2023;15;1;2023-03-06
;8;90628-2023;14;7;2023-03-06
;8;90633-2023;14;11;2023-03-08
;8;12339-2023;10;2;2023-03-08
;8;12368-2023;6;3;2023-03-08
;8;12231-2023;6;7;2023-03-08
;8;12409-2023;13;2;2023-03-08
;8;12456-2023;16;3;2023-03-08
;8;12141-2023;9;2;2023-03-08
;8;90630-2023;16;15;2023-03-08
;8;12115-2023;9;3;2023-03-08
;8;12373-2023;15;1;2023-03-08
;8;12354-2023;15;5;2023-03-08
;8;12328-2023;22;2;2023-03-08
;8;90682-2023;25;15;2023-03-13
;8;90690-2023;25;11;2023-03-13
;8;12246-2023;20;3;2023-03-13
;8;90691-2023;4;4;2023-03-13
;8;90689-2023;4;17;2023-03-13
;8;90664-2023;3;13;2023-03-13
;8;12513-2023;20;5;2023-03-13
;8;12232-2023;12;3;2023-03-14
;8;12134-2023;3;7;2023-03-14
;8;12547-2023;4;11;2023-03-14
;8;12312-2023;12;2;2023-03-14
;8;90659-2023;3;5;2023-03-14
;8;12488-2023;12;1;2023-03-14
;8;12557-2023;12;8;2023-03-14
;8;90662-2023;19;6;2023-03-14
;8;90694-2023;19;1;2023-03-14
;8;12580-2023;12;2;2023-03-15
;8;12653-2023;4;5;2023-03-15
;8;12625-2023;12;1;2023-03-15
;8;12543-2023;20;11;2023-03-15
;8;12536-2023;25;2;2023-03-15
;8;12528-2023;19;5;2023-03-15
;8;12559-2023;4;5;2023-03-15
;8;12437-2023;19;2;2023-03-15
;8;90667-2023;3;24;2023-03-15
;8;12117-2023;20;1;2023-03-15
;8;12646-2023;25;2;2023-03-15
;8;12508-2023;25;6;2023-03-15
;8;12436-2023;12;5;2023-03-15
;8;12645-2023;25;1;2023-03-15
;8;12457-2023;4;4;2023-03-17
;8;12588-2023;12;7;2023-03-17
;8;12644-2023;25;2;2023-03-17
;8;12556-2023;12;2;2023-03-17
;8;12632-2023;25;4;2023-03-17
;8;12613-2023;20;4;2023-03-17
;8;12689-2023;3;6;2023-03-17
;8;12639-2023;25;4;2023-03-17
;8;12545-2023;3;2;2023-03-17
;8;12621-2023;12;2;2023-03-17
;8;12624-2023;3;1;2023-03-17
;8;12673-2023;12;1;2023-03-17
;8;12720-2023;25;1;2023-03-17
;8;12675-2023;4;2;2023-03-17
;8;12505-2023;25;2;2023-03-17
;8;12715-2023;4;1;2023-03-17
;8;12628-2023;20;2;2023-03-17
;8;12595-2023;12;2;2023-03-17
;8;12486-2023;4;5;2023-03-17
;8;12886-2023;15;1;2023-03-22
;8;12899-2023;9;9;2023-03-22
;8;12587-2023;15;5;2023-03-22
;8;12833-2023;22;6;2023-03-22
;8;12506-2023;23;1;2023-03-22
;8;12680-2023;6;18;2023-03-22
;8;12810-2023;22;2;2023-03-22
;8;12819-2023;9;3;2023-03-22
;8;12854-2023;16;7;2023-03-22
;8;12820-2023;23;7;2023-03-22
;8;12581-2023;22;4;2023-03-22
;8;12870-2023;13;3;2023-03-22
;8;12817-2023;6;2;2023-03-22
;8;12834-2023;22;3;2023-03-22
;8;12859-2023;6;2;2023-03-22
;8;12787-2023;22;5;2023-03-22
;8;12924-2023;6;1;2023-03-22
;8;12970-2023;13;4;2023-03-24
;8;90788-2023;6;20;2023-03-24
;8;90791-2023;6;1;2023-03-24
;8;13020-2023;20;2;2023-03-27
;8;12982-2023;3;2;2023-03-27
;8;12895-2023;17;10;2023-03-27
;8;12889-2023;19;3;2023-03-27
;8;12986-2023;19;5;2023-03-27
;8;12959-2023;20;3;2023-03-27
;8;12766-2023;19;8;2023-03-27
;8;12790-2023;4;5;2023-03-27
;8;12883-2023;20;3;2023-03-27
;8;12965-2023;17;2;2023-03-27
;8;12990-2023;17;6;2023-03-27
;8;12969-2023;4;16;2023-03-27
;8;13096-2023;17;3;2023-03-27
;8;12794-2023;20;3;2023-03-27
;8;12989-2023;20;7;2023-03-27
;8;90835-2023;19;2;2023-03-27
;8;90847-2023;20;5;2023-03-30
;8;90827-2023;20;3;2023-03-30
;8;12352-2023;20;1;2023-03-30
;8;13184-2023;19;3;2023-03-30
;8;13130-2023;12;6;2023-03-30
;8;12529-2023;20;5;2023-03-30
;8;12926-2023;17;8;2023-03-30
;8;90867-2023;3;14;2023-03-30
;8;90886-2023;3;2;2023-03-30
;8;90822-2023;3;3;2023-03-30
;8;90846-2023;4;14;2023-03-30
;8;90825-2023;4;3;2023-03-30
;8;13105-2023;17;5;2023-03-30
;8;90844-2023;12;9;2023-03-30
;8;90821-2023;12;3;2023-03-30
;8;90871-2023;5;2;2023-03-31
;8;13049-2023;12;4;2023-03-31
;8;13225-2023;3;6;2023-03-31
;8;13258-2023;20;4;2023-03-31
;8;13256-2023;4;1;2023-03-31
;8;13168-2023;19;4;2023-03-31
;8;13167-2023;4;6;2023-03-31
;8;12550-2023;20;1;2023-03-31
;8;13029-2023;17;7;2023-03-31
;8;13007-2023;19;2;2023-03-31
;8;11847-2023;17;2;2023-03-31
;8;13221-2023;22;3;2023-04-05
;8;13237-2023;9;2;2023-04-05
;8;90912-2023;6;17;2023-04-05
;8;90933-2023;6;2;2023-04-05
;8;90902-2023;6;1;2023-04-05
;8;90878-2023;9;8;2023-04-05
;8;90905-2023;9;1;2023-04-05
;8;13379-2023;16;1;2023-04-05
;8;13316-2023;16;4;2023-04-05
;8;90877-2023;23;12;2023-04-05
;8;90901-2023;23;1;2023-04-05
;8;13327-2023;13;5;2023-04-05
;8;13303-2023;14;2;2023-04-06
;8;13332-2023;10;1;2023-04-06
;8;13364-2023;22;3;2023-04-06
;8;13021-2023;6;5;2023-04-06
;8;13386-2023;9;5;2023-04-06
;8;13119-2023;22;4;2023-04-06
;8;13003-2023;6;6;2023-04-06
;8;13315-2023;10;1;2023-04-06
;8;13324-2023;13;5;2023-04-06
;8;90909-2023;15;21;2023-04-06
;8;90906-2023;15;1;2023-04-06
;8;13326-2023;10;1;2023-04-06
;8;13279-2023;14;4;2023-04-06
;8;13320-2023;13;4;2023-04-06
;8;13296-2023;19;3;2023-04-13
;8;90955-2023;17;18;2023-04-13
;8;13307-2023;4;3;2023-04-13
;8;13462-2023;19;6;2023-04-13
;8;13586-2023;19;3;2023-04-13
;8;13582-2023;17;1;2023-04-13
;8;90957-2023;20;13;2023-04-13
;8;13504-2023;20;2;2023-04-13
;8;13449-2023;19;6;2023-04-13
;8;12344-2023;4;1;2023-04-13
;8;12430-2023;4;6;2023-04-13
;8;13588-2023;4;1;2023-04-13
;8;13630-2023;22;3;2023-04-17
;8;13644-2023;13;1;2023-04-17
;8;91026-2023;15;4;2023-04-17
;8;91029-2023;13;5;2023-04-17
;8;91034-2023;13;8;2023-04-17
;8;13001-2023;15;2;2023-04-17
;8;91010-2023;6;18;2023-04-17
;8;91064-2023;13;2;2023-04-20
;8;13436-2023;16;3;2023-04-20
;8;90976-2023;14;16;2023-04-20
;8;90895-2023;14;6;2023-04-20
;8;91003-2023;14;2;2023-04-20
;8;91076-2023;16;1;2023-04-20
;8;91075-2023;16;4;2023-04-20
;8;90892-2023;16;4;2023-04-20
;8;13839-2023;15;1;2023-04-20
;8;13764-2023;6;1;2023-04-20
;8;90975-2023;9;12;2023-04-20
;8;13763-2023;9;1;2023-04-20
;8;13816-2023;22;1;2023-04-20
;8;13678-2023;13;10;2023-04-20
;8;91048-2023;6;1;2023-04-21
;8;91101-2023;6;5;2023-04-21
;8;91063-2023;13;5;2023-04-21
;8;91066-2023;22;10;2023-04-21
;8;13817-2023;22;3;2023-04-21
;8;13312-2023;22;9;2023-04-21
;8;13695-2023;22;1;2023-04-21
;8;13806-2023;6;2;2023-04-21
;8;13501-2023;15;10;2023-04-21
;8;91111-2023;17;5;2023-04-24
;8;91110-2023;17;7;2023-04-24
;8;13680-2023;19;5;2023-04-24
;8;13018-2023;20;2;2023-04-24
;8;13851-2023;12;5;2023-04-24
;8;91065-2023;19;9;2023-04-24
;8;13931-2023;19;2;2023-04-24
;8;13868-2023;20;2;2023-04-24
;8;13920-2023;19;2;2023-04-24
;8;13881-2023;12;1;2023-04-24
;8;13865-2023;19;2;2023-04-24
;8;13799-2023;20;3;2023-04-24
;8;13613-2023;20;12;2023-04-24
;8;13829-2023;20;1;2023-04-24
;8;13989-2023;4;1;2023-04-26
;8;91090-2023;20;7;2023-04-26
;8;13850-2023;3;8;2023-04-26
;8;13959-2023;25;1;2023-04-26
;8;14030-2023;25;1;2023-04-26
;8;13757-2023;12;3;2023-04-26
;8;13939-2023;12;1;2023-04-26
;8;13991-2023;12;5;2023-04-26
;8;13909-2023;25;15;2023-04-26
;8;13092-2023;19;7;2023-04-26
;8;13877-2023;5;1;2023-04-26
;8;13976-2023;3;2;2023-04-26
;8;13584-2023;17;4;2023-04-26
;8;13992-2023;4;4;2023-04-26
;8;13957-2023;5;1;2023-04-26
;8;91164-2023;12;4;2023-04-28
;8;91177-2023;12;1;2023-04-28
;8;14108-2023;5;2;2023-04-28
;8;14084-2023;5;1;2023-04-28
;8;91148-2023;25;6;2023-04-28
;8;14121-2023;19;4;2023-04-28
;8;91084-2023;25;4;2023-05-09
;8;91243-2023;25;5;2023-05-09
;8;91242-2023;25;22;2023-05-09
;8;14234-2023;17;7;2023-05-09
;8;14481-2023;17;4;2023-05-09
;8;14235-2023;17;4;2023-05-09
;8;14488-2023;3;1;2023-05-09
;8;14086-2023;3;6;2023-05-09
;8;14212-2023;3;2;2023-05-09
;8;91240-2023;4;12;2023-05-09
;8;91227-2023;19;8;2023-05-09
;8;91225-2023;25;13;2023-05-09
;8;91229-2023;25;2;2023-05-09
;8;14320-2023;5;2;2023-05-09
;8;14127-2023;12;6;2023-05-09
;8;14427-2023;5;2;2023-05-09
;8;14484-2023;3;8;2023-05-10
;8;91228-2023;20;18;2023-05-10
;8;91158-2023;20;1;2023-05-10
;8;14526-2023;3;1;2023-05-10
;8;14309-2023;17;1;2023-05-10
;8;14210-2023;4;11;2023-05-10
;8;14384-2023;3;13;2023-05-10
;8;14319-2023;19;5;2023-05-10
;8;14380-2023;25;3;2023-05-10
;8;14283-2023;12;6;2023-05-10
;8;14381-2023;12;5;2023-05-10
;8;14465-2023;4;2;2023-05-10
;8;14172-2023;3;2;2023-05-10
;8;13534-2023;3;5;2023-05-10
;8;14387-2023;4;7;2023-05-10
;8;14360-2023;20;6;2023-05-10
;8;14579-2023;4;1;2023-05-12
;8;14550-2023;20;2;2023-05-12
;8;14453-2023;12;4;2023-05-12
;8;14232-2023;12;1;2023-05-12
;8;14464-2023;25;1;2023-05-12
;8;14573-2023;5;1;2023-05-12
;8;14468-2023;5;1;2023-05-12
;8;14431-2023;25;4;2023-05-12
;8;14197-2023;19;3;2023-05-12
;8;14540-2023;5;2;2023-05-12
;8;14375-2023;25;2;2023-05-12
;8;91311-2023;13;9;2023-05-16
;8;14591-2023;23;5;2023-05-16
;8;14688-2023;13;1;2023-05-16
;8;91307-2023;14;8;2023-05-16
;8;91313-2023;6;8;2023-05-16
;8;14647-2023;15;1;2023-05-16
;8;14691-2023;10;3;2023-05-17
;8;14581-2023;10;1;2023-05-17
;8;14718-2023;22;7;2023-05-17
;8;14681-2023;22;3;2023-05-17
;8;14589-2023;23;11;2023-05-17
;8;14685-2023;10;2;2023-05-17
;8;14670-2023;14;5;2023-05-17
;8;14705-2023;22;3;2023-05-17
;8;14003-2023;9;10;2023-05-17
;8;14525-2023;14;7;2023-05-17
;8;91288-2023;14;14;2023-05-17
;8;14221-2023;14;4;2023-05-17
;8;14610-2023;13;4;2023-05-17
;8;14757-2023;25;6;2023-05-23
;8;14809-2023;3;5;2023-05-23
;8;14857-2023;17;6;2023-05-23
;8;91330-2023;3;11;2023-05-23
;8;91340-2023;3;1;2023-05-23
;8;14385-2023;17;2;2023-05-23
;8;91279-2023;25;12;2023-05-23
;8;91402-2023;20;11;2023-05-23
;8;14920-2023;4;1;2023-05-23
;8;14812-2023;20;2;2023-05-23
;8;91349-2023;25;3;2023-05-23
;8;14667-2023;4;8;2023-05-23
;8;14963-2023;25;1;2023-05-23
;8;14945-2023;12;1;2023-05-24
;8;14843-2023;19;6;2023-05-24
;8;91378-2023;20;16;2023-05-24
;8;91358-2023;20;5;2023-05-24
;8;91385-2023;20;1;2023-05-24
;8;91390-2023;20;5;2023-05-24
;8;14911-2023;12;1;2023-05-24
;8;14842-2023;12;1;2023-05-24
;8;14834-2023;3;11;2023-05-24
;8;14971-2023;25;5;2023-05-24
;8;14841-2023;20;2;2023-05-24
;8;14943-2023;3;3;2023-05-24
;8;14408-2023;17;2;2023-05-24
;8;14439-2023;4;3;2023-05-24
;8;14912-2023;12;9;2023-05-24
;8;14745-2023;25;6;2023-05-24
;8;14913-2023;12;1;2023-05-24
;8;91326-2023;4;14;2023-05-24
;8;91356-2023;4;5;2023-05-24
;8;14910-2023;3;3;2023-05-24
;8;14970-2023;19;4;2023-05-24
;8;14889-2023;20;2;2023-05-24
;8;14731-2023;25;4;2023-05-24
;8;13684-2023;14;1;2023-05-30
;8;13404-2023;14;1;2023-05-30
;8;15008-2023;6;4;2023-05-30
;8;15074-2023;15;14;2023-05-30
;8;14869-2023;15;4;2023-05-30
;8;14868-2023;14;5;2023-05-30
;8;91437-2023;9;9;2023-05-30
;8;91438-2023;13;5;2023-05-30
;8;91461-2023;23;12;2023-05-30
;8;14973-2023;6;4;2023-05-30
;8;91479-2023;23;1;2023-05-30
;8;15173-2023;14;1;2023-05-30
;8;91439-2023;15;12;2023-05-31
;8;15185-2023;10;1;2023-05-31
;8;15163-2023;10;1;2023-05-31
;8;91466-2023;22;11;2023-05-31
;8;15193-2023;23;1;2023-05-31
;8;15164-2023;13;1;2023-05-31
;8;91467-2023;9;6;2023-05-31
;8;91462-2023;9;8;2023-05-31
;8;14546-2023;16;1;2023-05-31
;8;91460-2023;23;12;2023-05-31
;8;15166-2023;6;7;2023-06-02
;8;15236-2023;16;2;2023-06-02
;8;15006-2023;15;3;2023-06-02
;8;15177-2023;22;10;2023-06-02
;8;15141-2023;15;1;2023-06-02
;8;14179-2023;16;1;2023-06-02
;8;15188-2023;14;1;2023-06-02
;8;15068-2023;9;2;2023-06-02
;8;15150-2023;23;3;2023-06-02
;8;15159-2023;6;2;2023-06-02
;8;15086-2023;22;1;2023-06-02
;8;15268-2023;23;1;2023-06-02
;8;15005-2023;16;1;2023-06-02
;8;15161-2023;14;2;2023-06-02
;8;14975-2023;15;8;2023-06-02
;8;15290-2023;22;1;2023-06-02
;8;15057-2023;6;2;2023-06-02
;8;15110-2023;6;2;2023-06-02
;8;15198-2023;6;3;2023-06-02
;8;15124-2023;23;11;2023-06-02
;8;15174-2023;9;1;2023-06-02
;8;15129-2023;15;1;2023-06-02
;8;15360-2023;25;2;2023-06-07
;8;15369-2023;3;3;2023-06-07
;8;15100-2023;12;6;2023-06-07
;8;15190-2023;25;2;2023-06-07
;8;15352-2023;20;4;2023-06-07
;8;15338-2023;17;1;2023-06-07
;8;15345-2023;3;1;2023-06-07
;8;15303-2023;3;1;2023-06-07
;8;15292-2023;3;8;2023-06-07
;8;15207-2023;17;11;2023-06-07
;8;15339-2023;19;1;2023-06-07
;8;15000-2023;3;4;2023-06-07
;8;14972-2023;4;5;2023-06-07
;8;15356-2023;3;2;2023-06-07
;8;15329-2023;19;11;2023-06-07
;8;13550-2023;12;1;2023-06-07
;8;15183-2023;12;4;2023-06-07
;8;15377-2023;3;1;2023-06-07
;8;15320-2023;25;10;2023-06-09
;8;15395-2023;3;1;2023-06-09
;8;15402-2023;19;1;2023-06-09
;8;15449-2023;25;4;2023-06-09
;8;15305-2023;3;4;2023-06-09
;8;15393-2023;17;2;2023-06-09
;8;15467-2023;19;2;2023-06-09
;8;15343-2023;12;1;2023-06-09
;8;15337-2023;4;1;2023-06-09
;8;15490-2023;19;2;2023-06-09
;8;15784-2023;12;6;2023-06-20
;8;15053-2023;19;2;2023-06-20
;8;15707-2023;19;8;2023-06-20
;8;15575-2023;19;4;2023-06-20
;8;15685-2023;19;5;2023-06-20
;8;91666-2023;17;10;2023-06-20
;8;91673-2023;17;1;2023-06-20
;8;15821-2023;12;1;2023-06-20
;8;15766-2023;12;1;2023-06-20
;8;15677-2023;20;1;2023-06-20
;8;15774-2023;17;6;2023-06-20
;8;15745-2023;20;1;2023-06-20
;8;15604-2023;20;8;2023-06-20
;8;14853-2023;20;4;2023-06-20
;8;91678-2023;12;6;2023-06-20
;8;91583-2023;12;2;2023-06-20
;8;91484-2023;12;4;2023-06-20
;8;91527-2023;12;4;2023-06-20
;8;15318-2023;20;3;2023-06-21
;8;15780-2023;20;4;2023-06-21
;8;15582-2023;12;3;2023-06-21
;8;15875-2023;12;1;2023-06-21
;8;15569-2023;17;4;2023-06-21
;8;15805-2023;19;2;2023-06-21
;8;15830-2023;20;1;2023-06-21
;8;15340-2023;3;2;2023-06-21
;8;15645-2023;20;1;2023-06-21
;8;15781-2023;12;5;2023-06-21
;8;15775-2023;12;1;2023-06-21
;8;15782-2023;20;5;2023-06-21
;8;91668-2023;17;27;2023-06-21
;8;15750-2023;17;2;2023-06-21
;8;15810-2023;19;1;2023-06-21
;8;15472-2023;12;8;2023-06-21
;8;91747-2023;16;2;2023-06-26
;8;91734-2023;16;12;2023-06-26
;8;91749-2023;16;1;2023-06-26
;8;15885-2023;16;7;2023-06-26
;8;16004-2023;10;1;2023-06-26
;8;15905-2023;10;2;2023-06-26
;8;15415-2023;14;7;2023-06-26
;8;91735-2023;15;15;2023-06-26
;8;91731-2023;23;16;2023-06-26
;8;91714-2023;23;6;2023-06-26
;8;91757-2023;6;14;2023-06-28
;8;91780-2023;6;1;2023-06-28
;8;15996-2023;15;2;2023-06-28
;8;16011-2023;15;3;2023-06-28
;8;16002-2023;10;1;2023-06-28
;8;15992-2023;14;1;2023-06-28
;8;16039-2023;16;5;2023-06-28
;8;16075-2023;16;5;2023-06-28
;8;15976-2023;16;11;2023-06-28
;8;16067-2023;16;1;2023-06-28
;8;15492-2023;9;3;2023-06-28
;8;15964-2023;14;4;2023-06-28
;8;16038-2023;9;4;2023-06-28
;8;15951-2023;10;1;2023-06-28
;8;16061-2023;10;2;2023-06-28
;8;16060-2023;10;2;2023-06-28
;8;15755-2023;10;1;2023-06-28
;8;16136-2023;14;2;2023-06-30
;8;16053-2023;14;1;2023-06-30
;8;15763-2023;9;3;2023-06-30
;8;16122-2023;15;2;2023-06-30
;8;16048-2023;6;2;2023-06-30
;8;15815-2023;6;2;2023-06-30
;8;15980-2023;13;5;2023-06-30
;8;15822-2023;13;3;2023-06-30
;8;15606-2023;14;3;2023-06-30
;8;16134-2023;14;1;2023-06-30
;8;16094-2023;13;2;2023-06-30
;8;16121-2023;13;4;2023-06-30
;8;16097-2023;14;1;2023-06-30
;8;15908-2023;16;2;2023-06-30
;8;91851-2023;19;4;2023-07-04
;8;91870-2023;19;8;2023-07-04
;8;16190-2023;19;12;2023-07-07
;8;16251-2023;20;8;2023-07-07
;8;15994-2023;20;1;2023-07-07
;8;16312-2023;20;1;2023-07-07
;8;16095-2023;17;5;2023-07-07
;8;16300-2023;25;1;2023-07-07
;8;16279-2023;17;4;2023-07-07
;8;16277-2023;19;6;2023-07-07
;8;16120-2023;25;4;2023-07-07
;8;16236-2023;25;5;2023-07-07
;8;15944-2023;3;1;2023-07-07
;8;16303-2023;19;3;2023-07-07
;8;15995-2023;3;6;2023-07-07
;8;16195-2023;4;3;2023-07-07
;8;16154-2023;4;6;2023-07-07
;8;15930-2023;4;2;2023-07-07
;8;16263-2023;17;2;2023-07-07
;8;16288-2023;3;1;2023-07-07
;8;16259-2023;3;3;2023-07-07
;8;16239-2023;20;3;2023-07-07
;8;16289-2023;4;1;2023-07-07
;8;91984-2023;22;3;2023-07-12
;8;91983-2023;22;1;2023-07-12
;8;91989-2023;22;1;2023-07-12
;8;16374-2023;15;12;2023-07-12
;8;16392-2023;6;5;2023-07-12
;8;16375-2023;15;5;2023-07-12
;8;16313-2023;22;6;2023-07-12
;8;15289-2023;15;2;2023-07-12
;8;16318-2023;15;6;2023-07-12
;8;16433-2023;9;2;2023-07-12
;8;15997-2023;13;2;2023-07-12
;8;16275-2023;13;2;2023-07-12
;8;16377-2023;9;10;2023-07-12
;8;16556-2023;25;3;2023-07-21
;8;16436-2023;4;6;2023-07-21
;8;16434-2023;19;1;2023-07-21
;8;92072-2023;19;5;2023-07-21
;8;16586-2023;12;4;2023-07-21
;8;16117-2023;12;4;2023-07-21
;8;16114-2023;12;9;2023-07-21
;8;16711-2023;3;4;2023-07-21
;8;16588-2023;19;1;2023-07-21
;8;92116-2023;20;3;2023-07-21
;8;91839-2023;20;1;2023-07-21
;8;16566-2023;20;1;2023-07-21
;8;16223-2023;4;3;2023-07-21
;8;16502-2023;19;2;2023-07-21
;8;16621-2023;19;5;2023-07-21
;8;16503-2023;25;5;2023-07-21
;8;16592-2023;20;6;2023-07-21
;8;16686-2023;25;6;2023-07-21
;8;16657-2023;25;2;2023-07-21
;8;16495-2023;3;6;2023-07-21
;8;16591-2023;4;7;2023-07-21
;8;16670-2023;3;7;2023-07-21
;8;92102-2023;20;4;2023-07-21
;8;92101-2023;20;5;2023-07-21
;8;16378-2023;16;3;2023-07-26
;8;16660-2023;16;3;2023-07-26
;8;16766-2023;15;4;2023-07-26
;8;16680-2023;9;6;2023-07-26
;8;16794-2023;16;16;2023-07-26
;8;16733-2023;16;3;2023-07-26
;8;91966-2023;22;19;2023-07-26
;8;92125-2023;22;1;2023-07-26
;8;92089-2023;22;4;2023-07-26
;8;16603-2023;13;3;2023-07-26
;8;16835-2023;13;2;2023-07-26
;8;16791-2023;16;1;2023-07-26
;8;16815-2023;13;8;2023-07-26
;8;16922-2023;12;1;2023-07-31
;8;16767-2023;20;4;2023-07-31
;8;16933-2023;3;7;2023-07-31
;8;92162-2023;25;17;2023-07-31
;8;92163-2023;17;3;2023-07-31
;8;91945-2023;17;5;2023-07-31
;8;92190-2023;17;3;2023-07-31
;8;16273-2023;4;4;2023-07-31
;8;16581-2023;4;7;2023-07-31
;8;16992-2023;25;1;2023-07-31
;8;16948-2023;17;4;2023-07-31
;8;16688-2023;25;2;2023-07-31
;8;16334-2023;17;5;2023-07-31
;8;16934-2023;3;2;2023-07-31
;8;16713-2023;17;4;2023-07-31
;8;92183-2023;17;5;2023-07-31
;8;92205-2023;17;1;2023-07-31
;8;92192-2023;17;3;2023-07-31
;8;16769-2023;12;6;2023-07-31
;8;16343-2023;17;10;2023-08-03
;8;17078-2023;12;2;2023-08-03
;8;17080-2023;20;2;2023-08-03
;8;92285-2023;3;5;2023-08-03
;8;17049-2023;3;8;2023-08-03
;8;17041-2023;17;2;2023-08-03
;8;17067-2023;17;9;2023-08-03
;8;16935-2023;20;1;2023-08-03
;8;92180-2023;3;4;2023-08-03
;8;92175-2023;3;8;2023-08-03
;8;92160-2023;3;3;2023-08-03
;8;17062-2023;17;4;2023-08-03
;8;92421-2023;6;8;2023-08-11
;8;92422-2023;6;1;2023-08-11
;8;91835-2023;6;4;2023-08-11
;8;91837-2023;6;4;2023-08-11
;8;91836-2023;6;3;2023-08-11
;8;17302-2023;15;1;2023-08-11
;8;17359-2023;14;1;2023-08-11
;8;92419-2023;6;5;2023-08-11
;8;17312-2023;15;1;2023-08-11
;8;17374-2023;14;2;2023-08-11
;8;92420-2023;15;11;2023-08-11
;8;17357-2023;14;3;2023-08-11
;8;17245-2023;22;2;2023-08-11
;8;16980-2023;14;16;2023-08-11
;8;17222-2023;14;6;2023-08-11
;8;16472-2023;15;4;2023-08-11
;8;17199-2023;4;11;2023-08-14
;8;17057-2023;3;3;2023-08-14
;8;17324-2023;12;1;2023-08-14
;8;17211-2023;12;1;2023-08-14
;8;16936-2023;4;9;2023-08-14
;8;17134-2023;3;4;2023-08-14
;8;17284-2023;3;9;2023-08-14
;8;17172-2023;12;4;2023-08-14
;8;92349-2023;12;12;2023-08-14
;8;92442-2023;12;1;2023-08-14
;8;92194-2023;12;4;2023-08-14
;8;17328-2023;19;4;2023-08-14
;8;17379-2023;3;1;2023-08-14
;8;17094-2023;3;8;2023-08-14
;8;17322-2023;12;2;2023-08-14
;8;92459-2023;19;9;2023-08-16
;8;92460-2023;19;2;2023-08-16
;8;17348-2023;19;2;2023-08-16
;8;17388-2023;19;6;2023-08-16
;8;92466-2023;12;1;2023-08-16
;8;92457-2023;12;1;2023-08-16
;8;17495-2023;19;1;2023-08-16
;8;92464-2023;4;4;2023-08-16
;8;92450-2023;4;1;2023-08-16
;8;16430-2023;3;3;2023-08-16
;8;17494-2023;4;13;2023-08-17
;8;17287-2023;4;4;2023-08-17
;8;92454-2023;3;15;2023-08-17
;8;17425-2023;3;1;2023-08-17
;8;92445-2023;12;10;2023-08-17
;8;16610-2023;19;9;2023-08-17
;8;92473-2023;19;3;2023-08-18
;8;92489-2023;19;2;2023-08-18
;8;17331-2023;19;5;2023-08-18
;8;17485-2023;19;2;2023-08-18
;8;17453-2023;3;1;2023-08-18
;8;17427-2023;12;7;2023-08-18
;8;16875-2023;3;5;2023-08-18
;8;17477-2023;12;4;2023-08-18
;8;17313-2023;3;6;2023-08-18
;8;17384-2023;19;3;2023-08-18
;8;17478-2023;3;2;2023-08-18
;8;17386-2023;3;2;2023-08-18
;8;17382-2023;12;1;2023-08-18
;8;17378-2023;12;1;2023-08-18
;8;92536-2023;22;13;2023-08-24
;8;92558-2023;22;2;2023-08-24
;8;92524-2023;16;6;2023-08-24
;8;17507-2023;15;2;2023-08-24
;8;17644-2023;15;2;2023-08-24
;8;92553-2023;14;10;2023-08-24
;8;92566-2023;14;4;2023-08-24
;8;17660-2023;15;4;2023-08-24
;8;92538-2023;15;7;2023-08-24
;8;92559-2023;15;1;2023-08-24
;8;17509-2023;17;3;2023-08-28
;8;17787-2023;12;1;2023-08-28
;8;17730-2023;12;2;2023-08-28
;8;17631-2023;12;3;2023-08-28
;8;17682-2023;19;2;2023-08-28
;8;17634-2023;19;8;2023-08-30
;8;17635-2023;19;5;2023-08-30
;8;17547-2023;22;2;2023-08-30
;8;17816-2023;22;1;2023-08-30
;8;17793-2023;12;1;2023-08-30
;8;17641-2023;17;5;2023-08-30
;8;17137-2023;4;5;2023-08-30
;8;17756-2023;22;2;2023-08-30
;8;16806-2023;22;6;2023-08-30
;8;17421-2023;22;2;2023-08-30
;8;17764-2023;17;16;2023-08-30
;8;17784-2023;17;3;2023-08-30
;8;17460-2023;17;4;2023-08-30
;8;17779-2023;22;2;2023-08-30
;8;92709-2023;22;1;2023-09-05
;8;92708-2023;22;2;2023-09-05
;8;92690-2023;14;2;2023-09-05
;8;17713-2023;22;4;2023-09-05
;8;17951-2023;3;11;2023-09-05
;8;17185-2023;3;1;2023-09-05
;8;92696-2023;14;5;2023-09-05
;8;18002-2023;22;3;2023-09-05
;8;17845-2023;3;1;2023-09-06
;8;18036-2023;22;1;2023-09-06
;8;17812-2023;3;3;2023-09-06
;8;17782-2023;3;1;2023-09-06
;8;17890-2023;22;4;2023-09-06
;8;17967-2023;3;2;2023-09-06
;8;17970-2023;14;3;2023-09-06
;8;17966-2023;3;4;2023-09-06
;8;17935-2023;22;5;2023-09-06
;8;17463-2023;14;2;2023-09-06
;8;17706-2023;22;2;2023-09-06
;8;17959-2023;14;1;2023-09-06
;8;18055-2023;3;2;2023-09-11
;8;17922-2023;3;3;2023-09-11
;8;18115-2023;4;4;2023-09-11
;8;17763-2023;3;1;2023-09-11
;8;17589-2023;3;4;2023-09-11
;8;18050-2023;19;4;2023-09-11
;8;18056-2023;4;2;2023-09-11
;8;17983-2023;3;2;2023-09-11
;8;17851-2023;19;6;2023-09-11
;8;18073-2023;19;2;2023-09-11
;8;18117-2023;4;4;2023-09-11
;8;18153-2023;4;20;2023-09-15
;8;18078-2023;4;3;2023-09-15
;8;18152-2023;19;4;2023-09-15
;8;18227-2023;19;1;2023-09-15
;8;17992-2023;19;1;2023-09-15
;8;18183-2023;19;1;2023-09-15
;8;17798-2023;3;1;2023-09-15
;8;18132-2023;3;1;2023-09-15
;8;92796-2023;3;8;2023-09-15
;8;18146-2023;4;1;2023-09-15
;8;18184-2023;19;1;2023-09-15
;8;17997-2023;3;1;2023-09-15
;8;18064-2023;19;2;2023-09-15
;8;18051-2023;15;6;2023-09-20
;8;18095-2023;12;2;2023-09-20
;8;18278-2023;14;2;2023-09-20
;8;18349-2023;15;1;2023-09-20
;8;18250-2023;12;2;2023-09-20
;8;18244-2023;14;4;2023-09-20
;8;17620-2023;14;2;2023-09-20
;8;18314-2023;14;1;2023-09-20
;8;18012-2023;12;5;2023-09-20
;8;18104-2023;15;1;2023-09-20
;8;18277-2023;15;3;2023-09-20
;8;17980-2023;12;9;2023-09-20
;8;18189-2023;14;1;2023-09-20
;8;18323-2023;12;1;2023-09-20
;8;18098-2023;14;2;2023-09-20
;8;18161-2023;14;3;2023-09-20
;8;18304-2023;14;1;2023-09-20
;8;18136-2023;15;2;2023-09-20
;8;18324-2023;15;1;2023-09-20
;8;18259-2023;14;7;2023-09-22
;8;92850-2023;12;6;2023-09-22
;8;17895-2023;14;1;2023-09-22
;8;18352-2023;15;3;2023-09-22
;8;18357-2023;15;1;2023-09-22
;8;18370-2023;15;2;2023-09-22
;8;92871-2023;12;2;2023-09-27
;8;18403-2023;3;4;2023-09-27
;8;18467-2023;3;1;2023-10-02
;8;18022-2023;15;1;2023-10-02
;8;18461-2023;14;1;2023-10-02
;8;18394-2023;3;9;2023-10-02
;8;18463-2023;14;1;2023-10-02
;8;18449-2023;4;1;2023-10-02
;8;18325-2023;15;4;2023-10-02
;9;11321-2023;10;1;2023-02-08
;9;90502-2023;4;9;2023-02-14
;9;90624-2023;5;3;2023-03-03
;9;11943-2023;5;6;2023-03-03
;9;12280-2023;5;3;2023-03-03
;9;12049-2023;5;4;2023-03-03
;9;12277-2023;5;1;2023-03-03
;9;12003-2023;14;4;2023-03-10
;9;90712-2023;19;12;2023-03-16
;9;90744-2023;19;1;2023-03-16
;9;12636-2023;3;5;2023-03-16
;9;12663-2023;12;4;2023-03-16
;9;12306-2023;25;3;2023-03-16
;9;12662-2023;25;7;2023-03-16
;9;12751-2023;25;2;2023-03-16
;9;12578-2023;12;4;2023-03-16
;9;12439-2023;20;5;2023-03-16
;9;90714-2023;4;5;2023-03-16
;9;90743-2023;4;1;2023-03-16
;9;12723-2023;13;3;2023-03-21
;9;90738-2023;14;3;2023-03-21
;9;90761-2023;14;1;2023-03-21
;9;12789-2023;23;4;2023-03-21
;9;12954-2023;23;7;2023-03-23
;9;12991-2023;23;3;2023-03-23
;9;12901-2023;16;1;2023-03-23
;9;90784-2023;14;7;2023-03-23
;9;90472-2023;14;5;2023-03-23
;9;90802-2023;13;8;2023-03-23
;9;90815-2023;13;1;2023-03-23
;9;90470-2023;13;6;2023-03-23
;9;90786-2023;13;1;2023-03-23
;9;12875-2023;16;6;2023-03-24
;9;12143-2023;14;4;2023-03-24
;9;90869-2023;17;9;2023-03-29
;9;90870-2023;17;3;2023-03-29
;9;90914-2023;12;2;2023-03-31
;9;90913-2023;12;1;2023-03-31
;9;13063-2023;15;8;2023-04-03
;9;13257-2023;6;1;2023-04-03
;9;90873-2023;6;4;2023-04-03
;9;13358-2023;17;3;2023-04-11
;9;90986-2023;17;2;2023-04-11
;9;13422-2023;12;6;2023-04-12
;9;90940-2023;12;5;2023-04-12
;9;13489-2023;12;1;2023-04-12
;9;91004-2023;12;3;2023-04-12
;9;13527-2023;4;4;2023-04-13
;9;13562-2023;4;2;2023-04-13
;9;91019-2023;4;2;2023-04-13
;9;91014-2023;17;12;2023-04-14
;9;13575-2023;25;3;2023-04-14
;9;13676-2023;13;2;2023-04-17
;9;91027-2023;15;14;2023-04-18
;9;13081-2023;16;3;2023-04-18
;9;13541-2023;6;2;2023-04-18
;9;91078-2023;6;14;2023-04-20
;9;13698-2023;20;2;2023-04-24
;9;13809-2023;5;5;2023-04-26
;9;30623-2023;12;3;2023-04-26
;9;91165-2023;5;3;2023-04-26
;9;91142-2023;19;12;2023-04-26
;9;13981-2023;25;8;2023-04-27
;9;91095-2023;12;7;2023-04-27
;9;14004-2023;17;3;2023-04-27
;9;91181-2023;25;2;2023-04-27
;9;91163-2023;3;12;2023-04-27
;9;14053-2023;14;1;2023-05-02
;9;91178-2023;22;4;2023-05-02
;9;91094-2023;22;1;2023-05-02
;9;91213-2023;22;3;2023-05-02
;9;91211-2023;15;8;2023-05-03
;9;91215-2023;15;1;2023-05-03
;9;91212-2023;14;3;2023-05-03
;9;13304-2023;12;10;2023-05-09
;9;91259-2023;12;2;2023-05-09
;9;91257-2023;17;12;2023-05-10
;9;91154-2023;17;1;2023-05-10
;9;91245-2023;17;14;2023-05-11
;9;91151-2023;17;1;2023-05-11
;9;14509-2023;17;1;2023-05-11
;9;91301-2023;17;1;2023-05-11
;9;14475-2023;14;1;2023-05-15
;9;14559-2023;10;2;2023-05-15
;9;91310-2023;23;1;2023-05-16
;9;91312-2023;16;10;2023-05-17
;9;90556-2023;16;2;2023-05-17
;9;14724-2023;9;3;2023-05-19
;9;14788-2023;6;1;2023-05-19
;9;14671-2023;22;3;2023-05-19
;9;14034-2023;9;1;2023-05-19
;9;14772-2023;9;1;2023-05-19
;9;14771-2023;9;1;2023-05-19
;9;14037-2023;9;1;2023-05-19
;9;14250-2023;9;17;2023-05-19
;9;14774-2023;9;1;2023-05-19
;9;14773-2023;9;1;2023-05-19
;9;91367-2023;16;2;2023-05-19
;9;91366-2023;16;3;2023-05-19
;9;91347-2023;16;1;2023-05-19
;9;13340-2023;4;2;2023-05-23
;9;13334-2023;4;4;2023-05-23
;9;14783-2023;20;2;2023-05-23
;9;14710-2023;19;1;2023-05-23
;9;12804-2023;17;7;2023-05-23
;9;12803-2023;19;4;2023-05-23
;9;12801-2023;17;13;2023-05-23
;9;14860-2023;12;8;2023-05-23
;9;91001-2023;12;3;2023-05-23
;9;91350-2023;19;3;2023-05-23
;9;91410-2023;4;3;2023-05-23
;9;91433-2023;20;4;2023-05-26
;9;15024-2023;19;3;2023-05-26
;9;91453-2023;19;3;2023-05-26
;9;15072-2023;10;2;2023-05-29
;9;91465-2023;10;2;2023-05-29
;9;15123-2023;13;1;2023-05-30
;9;91424-2023;16;11;2023-05-30
;9;91491-2023;13;1;2023-05-30
;9;91509-2023;16;4;2023-06-02
;9;91457-2023;16;3;2023-06-02
;9;91456-2023;16;1;2023-06-02
;9;91474-2023;16;1;2023-06-02
;9;91514-2023;16;1;2023-06-02
;9;15119-2023;14;5;2023-06-02
;9;15088-2023;14;5;2023-06-02
;9;91500-2023;9;2;2023-06-02
;9;91504-2023;9;4;2023-06-02
;9;91477-2023;9;1;2023-06-02
;9;91524-2023;25;1;2023-06-05
;9;91458-2023;12;7;2023-06-05
;9;91459-2023;12;5;2023-06-05
;9;91518-2023;3;12;2023-06-05
;9;91523-2023;3;1;2023-06-05
;9;91553-2023;25;2;2023-06-05
;9;91557-2023;25;11;2023-06-07
;9;91563-2023;3;6;2023-06-08
;9;15411-2023;12;2;2023-06-08
;9;15241-2023;17;5;2023-06-08
;9;15353-2023;12;3;2023-06-08
;9;15259-2023;25;5;2023-06-08
;9;91587-2023;25;2;2023-06-08
;9;91560-2023;4;8;2023-06-08
;9;91569-2023;4;4;2023-06-08
;9;15304-2023;12;4;2023-06-08
;9;91566-2023;12;8;2023-06-08
;9;91586-2023;12;1;2023-06-08
;9;91579-2023;12;6;2023-06-09
;9;91444-2023;12;2;2023-06-09
;9;15216-2023;10;1;2023-06-12
;9;91599-2023;6;7;2023-06-12
;9;15250-2023;10;2;2023-06-12
;9;15519-2023;10;1;2023-06-12
;9;91614-2023;10;2;2023-06-12
;9;15526-2023;16;2;2023-06-13
;9;14344-2023;16;8;2023-06-13
;9;15499-2023;9;33;2023-06-13
;9;15624-2023;22;7;2023-06-14
;9;15451-2023;16;3;2023-06-14
;9;91619-2023;23;2;2023-06-14
;9;91649-2023;;;2023-06-14
;9;91606-2023;9;15;2023-06-14
;9;91629-2023;9;1;2023-06-14
;9;91648-2023;9;1;2023-06-14
;9;91607-2023;23;7;2023-06-15
;9;15531-2023;16;2;2023-06-15
;9;13443-2023;22;5;2023-06-16
;9;15644-2023;22;2;2023-06-16
;9;15523-2023;23;9;2023-06-16
;9;15541-2023;9;2;2023-06-16
;9;15577-2023;22;1;2023-06-16
;9;91669-2023;;;2023-06-16
;9;91675-2023;3;9;2023-06-20
;9;91485-2023;20;7;2023-06-20
;9;15709-2023;3;1;2023-06-20
;9;15727-2023;3;3;2023-06-20
;9;91695-2023;3;8;2023-06-21
;9;15946-2023;17;1;2023-06-23
;9;15816-2023;19;4;2023-06-23
;9;15991-2023;23;1;2023-06-27
;9;91737-2023;14;8;2023-06-27
;9;15548-2023;15;3;2023-06-27
;9;15961-2023;15;11;2023-06-27
;9;15223-2023;6;5;2023-06-27
;9;15836-2023;16;3;2023-06-27
;9;91785-2023;;;2023-06-27
;9;91794-2023;15;3;2023-06-29
;9;91817-2023;14;7;2023-06-30
;9;91847-2023;14;1;2023-06-30
;9;15477-2023;20;2;2023-07-03
;9;16269-2023;19;2;2023-07-04
;9;15990-2023;19;10;2023-07-04
;9;15725-2023;17;15;2023-07-04
;9;16072-2023;19;3;2023-07-04
;9;16254-2023;17;3;2023-07-07
;9;16128-2023;19;2;2023-07-07
;9;15753-2023;25;4;2023-07-07
;9;16142-2023;25;1;2023-07-07
;9;91930-2023;15;1;2023-07-10
;9;91928-2023;15;5;2023-07-10
;9;91544-2023;15;2;2023-07-10
;9;16183-2023;16;3;2023-07-12
;9;16385-2023;16;2;2023-07-12
;9;16407-2023;16;1;2023-07-12
;9;16299-2023;15;5;2023-07-12
;9;92004-2023;;;2023-07-12
;9;16363-2023;14;1;2023-07-14
;9;16409-2023;16;3;2023-07-26
;9;16819-2023;22;1;2023-07-26
;9;92142-2023;15;3;2023-07-26
;9;92164-2023;15;1;2023-07-26
;9;16863-2023;22;7;2023-07-28
;9;16903-2023;22;4;2023-07-28
;9;92173-2023;16;3;2023-07-28
;9;92189-2023;16;3;2023-07-28
;9;16676-2023;16;4;2023-07-28
;9;16900-2023;13;2;2023-07-28
;9;16813-2023;13;4;2023-07-28
;9;92174-2023;25;2;2023-07-31
;9;92214-2023;3;1;2023-07-31
;9;92207-2023;17;11;2023-08-01
;9;91831-2023;17;6;2023-08-01
;9;92269-2023;17;1;2023-08-01
;9;92204-2023;17;1;2023-08-01
;9;92279-2023;12;9;2023-08-03
;9;92280-2023;12;1;2023-08-03
;9;17033-2023;17;4;2023-08-04
;9;17052-2023;3;2;2023-08-04
;9;16899-2023;12;5;2023-08-04
;9;16939-2023;4;7;2023-08-04
;9;92344-2023;9;19;2023-08-08
;9;92287-2023;9;2;2023-08-08
;9;92361-2023;9;1;2023-08-08
;9;17248-2023;6;17;2023-08-10
;9;92342-2023;15;17;2023-08-10
;9;92426-2023;6;4;2023-08-10
;9;92368-2023;15;1;2023-08-10
;9;92367-2023;15;7;2023-08-10
;9;92427-2023;15;2;2023-08-10
;9;16352-2023;4;8;2023-08-14
;9;92444-2023;12;4;2023-08-14
;9;17506-2023;4;5;2023-08-17
;9;92471-2023;19;13;2023-08-17
;9;92492-2023;;;2023-08-17
;9;17370-2023;12;5;2023-08-18
;9;92506-2023;;;2023-08-18
;9;92547-2023;;;2023-08-22
;9;17317-2023;15;3;2023-08-23
;9;92557-2023;;;2023-08-23
;9;17473-2023;16;4;2023-08-24
;9;92551-2023;16;7;2023-08-24
;9;92567-2023;16;2;2023-08-24
;9;17601-2023;15;6;2023-08-24
;9;92578-2023;;;2023-08-24
;9;17698-2023;16;5;2023-08-25
;9;17343-2023;22;7;2023-08-25
;9;17745-2023;22;1;2023-08-25
;9;17621-2023;15;5;2023-08-25
;9;17651-2023;22;6;2023-08-25
;9;92592-2023;;;2023-08-25
;9;92577-2023;15;8;2023-08-25
;9;92576-2023;15;3;2023-08-25
;9;92593-2023;;;2023-08-25
;9;92647-2023;4;4;2023-08-31
;9;17619-2023;19;7;2023-08-31
;9;92675-2023;;;2023-08-31
;9;92679-2023;4;3;2023-09-01
;9;92700-2023;;;2023-09-01
;9;92719-2023;;;2023-09-04
;9;17823-2023;14;2;2023-09-05
;9;18004-2023;14;3;2023-09-05
;9;92686-2023;3;2;2023-09-05
;9;92687-2023;3;1;2023-09-05
;9;92705-2023;3;1;2023-09-05
;9;92727-2023;;;2023-09-05
;9;17239-2023;3;7;2023-09-08
;9;17314-2023;3;4;2023-09-08
;9;17946-2023;3;3;2023-09-08
;9;17009-2023;3;2;2023-09-08
;9;92761-2023;;;2023-09-08
;9;17943-2023;22;5;2023-09-08
;9;17650-2023;22;2;2023-09-08
;9;18026-2023;22;1;2023-09-08
;9;18070-2023;22;1;2023-09-08
;9;92762-2023;;;2023-09-08
;9;92780-2023;;;2023-09-11
;9;18015-2023;19;2;2023-09-11
;9;18137-2023;3;2;2023-09-13
;9;92779-2023;3;5;2023-09-13
;9;92793-2023;;;2023-09-13
;9;18133-2023;14;3;2023-09-19
;9;18134-2023;14;1;2023-09-19
;9;18225-2023;15;2;2023-09-19
;9;18169-2023;12;2;2023-09-19
;9;18246-2023;15;1;2023-09-19
;9;92856-2023;;;2023-09-19
;9;92804-2023;15;3;2023-09-19
;9;92839-2023;15;1;2023-09-19
;9;18010-2023;15;4;2023-09-19
;9;18164-2023;15;1;2023-09-21
;9;92885-2023;;;2023-09-21
;9;92913-2023;;;2023-09-22
;9;92869-2023;4;11;2023-09-25
;9;92921-2023;;;2023-09-25
;9;18420-2023;20;2;2023-09-26
;9;92910-2023;20;2;2023-09-26
;9;92931-2023;;;2023-09-26
;9;92905-2023;12;2;2023-09-26
;9;18337-2023;12;3;2023-09-26
;9;92930-2023;;;2023-09-26
;9;18140-2023;4;9;2023-09-29
;9;18436-2023;12;2;2023-09-29
;9;93014-2023;3;3;2023-10-06
;9;18490-2023;15;2;2023-10-06
;9;18547-2023;14;1;2023-10-09
;9;18485-2023;4;1;2023-10-09
;9;18513-2023;4;2;2023-10-09
;9;93058-2023;20;1;2023-10-11
;9;18595-2023;15;3;2023-10-11
;9;93018-2023;20;2;2023-10-11
;9;18548-2023;4;1;2023-10-11
;9;18591-2023;4;1;2023-10-11
;9;93072-2023;15;1;2023-10-12
;9;18343-2023;15;2;2023-10-12
;9;18594-2023;20;1;2023-10-12
;9;18598-2023;20;1;2023-10-16
;9;18614-2023;20;1;2023-10-16
;9;18623-2023;15;7;2023-10-16
;9;18549-2023;20;2;2023-10-16
;9;93122-2023;15;1;2023-10-18
;9;93123-2023;15;1;2023-10-18
;9;18650-2023;20;1;2023-10-18
;9;18615-2023;15;1;2023-10-20
;9;18636-2023;20;1;2023-10-20
;9;93126-2023;20;1;2023-10-20
;9;18652-2023;15;1;2023-10-20
;9;93125-2023;20;3;2023-10-20
;9;18589-2023;20;1;2023-10-20
;9;18596-2023;15;1;2023-10-23
;9;18637-2023;15;3;2023-10-23
;9;18638-2023;20;1;2023-10-24
;9;93114-2023;15;1;2023-10-24
;9;18290-2023;20;2;2023-10-24
;9;18617-2023;15;1;2023-10-24
;9;93068-2023;20;5;2023-10-25
;9;93035-2023;20;1;2023-10-25
;9;18674-2023;20;3;2023-10-26
;9;18673-2023;20;2;2023-10-26
;9;18639-2023;20;2;2023-10-27
;9;14615-2023;20;1;2023-10-30
;9;92855-2023;20;2;2023-10-30
;9;93116-2023;20;1;2023-11-01
;9;18643-2023;;;2023-11-01
;9;92224-2023;20;4;2023-11-03
;10;10203-2023;4;1;2023-01-05
;10;10213-2023;4;1;2023-01-05
;10;10214-2023;4;2;2023-01-05
;10;10241-2023;4;1;2023-01-06
;10;10243-2023;20;3;2023-01-06
;10;33033-2023;9;4;2023-01-09
;10;10289-2023;13;3;2023-01-09
;10;10290-2023;16;2;2023-01-09
;10;90049-2023;9;5;2023-01-09
;10;10160-2023;15;2;2023-01-09
;10;10382-2023;9;1;2023-01-11
;10;90017-2023;16;1;2023-01-12
;10;10453-2023;15;1;2023-01-12
;10;10454-2023;15;3;2023-01-12
;10;10494-2023;16;2;2023-01-13
;10;10495-2023;13;1;2023-01-13
;10;10496-2023;15;1;2023-01-13
;10;10423-2023;4;4;2023-01-16
;10;10377-2023;20;1;2023-01-18
;10;10185-2023;20;2;2023-01-18
;10;10643-2023;20;2;2023-01-18
;10;10690-2023;3;1;2023-01-19
;10;10707-2023;12;6;2023-01-20
;10;10682-2023;5;1;2023-01-20
;10;10759-2023;15;3;2023-01-23
;10;10816-2023;15;2;2023-01-23
;10;10878-2023;9;2;2023-01-24
;10;10877-2023;23;1;2023-01-25
;10;10977-2023;15;4;2023-01-26
;10;10979-2023;15;1;2023-01-26
;10;10920-2023;9;3;2023-01-26
;10;10981-2023;10;2;2023-01-26
;10;11024-2023;6;3;2023-01-27
;10;11025-2023;6;2;2023-01-27
;10;11081-2023;17;2;2023-01-30
;10;90199-2023;4;1;2023-02-01
;10;11000-2023;20;2;2023-02-01
;10;10840-2023;20;1;2023-02-01
;10;11179-2023;19;1;2023-02-01
;10;11195-2023;19;7;2023-02-01
;10;11237-2023;19;1;2023-02-02
;10;11235-2023;4;3;2023-02-02
;10;11238-2023;17;1;2023-02-02
;10;11239-2023;19;2;2023-02-02
;10;11275-2023;25;1;2023-02-03
;10;11287-2023;3;1;2023-02-03
;10;11273-2023;17;2;2023-02-03
;10;11317-2023;22;1;2023-02-06
;10;90333-2023;22;1;2023-02-06
;10;11334-2023;22;2;2023-02-06
;10;11336-2023;15;1;2023-02-07
;10;11378-2023;15;1;2023-02-07
;10;11281-2023;15;1;2023-02-08
;10;11535-2023;15;2;2023-02-10
;10;11537-2023;15;1;2023-02-10
;10;11539-2023;22;2;2023-02-10
;10;11589-2023;25;1;2023-02-13
;10;11097-2023;25;1;2023-02-13
;10;11602-2023;19;1;2023-02-13
;10;11683-2023;3;1;2023-02-15
;10;10379-2023;5;1;2023-02-15
;10;11682-2023;4;1;2023-02-15
;10;11614-2023;20;4;2023-02-15
;10;90510-2023;25;3;2023-02-15
;10;11681-2023;4;1;2023-02-15
;10;11680-2023;20;1;2023-02-15
;10;11726-2023;25;1;2023-02-16
;10;11770-2023;4;1;2023-02-17
;10;11778-2023;20;1;2023-02-17
;10;11851-2023;15;1;2023-02-20
;10;11845-2023;14;1;2023-02-20
;10;11635-2023;14;4;2023-02-20
;10;11906-2023;15;1;2023-02-22
;10;12002-2023;15;1;2023-02-23
;10;12012-2023;15;2;2023-02-24
;10;11178-2023;20;1;2023-02-27
;10;11711-2023;20;2;2023-02-27
;10;12119-2023;20;1;2023-02-27
;10;12122-2023;20;1;2023-02-27
;10;12179-2023;20;1;2023-02-28
;10;12181-2023;20;1;2023-02-28
;10;90613-2023;4;1;2023-02-28
;10;12178-2023;12;11;2023-02-28
;10;12184-2023;5;2;2023-02-28
;10;12046-2023;20;2;2023-02-28
;10;11820-2023;20;1;2023-02-28
;10;12238-2023;20;2;2023-03-01
;10;12239-2023;4;1;2023-03-01
;10;12215-2023;20;1;2023-03-01
;10;11929-2023;19;3;2023-03-02
;10;12278-2023;25;1;2023-03-02
;10;12224-2023;4;1;2023-03-02
;10;12289-2023;4;2;2023-03-02
;10;11758-2023;15;1;2023-03-06
;10;12388-2023;9;1;2023-03-06
;10;12407-2023;9;1;2023-03-07
;10;12356-2023;9;1;2023-03-08
;10;12410-2023;9;1;2023-03-09
;10;12630-2023;25;1;2023-03-13
;10;12670-2023;20;3;2023-03-14
;10;12426-2023;19;1;2023-03-14
;10;12669-2023;25;1;2023-03-14
;10;12389-2023;4;4;2023-03-14
;10;12599-2023;25;3;2023-03-15
;10;12701-2023;20;1;2023-03-15
;10;12602-2023;3;3;2023-03-16
;10;12784-2023;4;1;2023-03-17
;10;12783-2023;4;1;2023-03-17
;10;12846-2023;13;2;2023-03-20
;10;12207-2023;15;2;2023-03-20
;10;12847-2023;15;3;2023-03-20
;10;12894-2023;9;1;2023-03-21
;10;12902-2023;14;1;2023-03-21
;10;12932-2023;15;1;2023-03-22
;10;12933-2023;15;1;2023-03-22
;10;12944-2023;15;2;2023-03-22
;10;13008-2023;15;1;2023-03-23
;10;13009-2023;15;1;2023-03-23
;10;13060-2023;23;1;2023-03-24
;10;13062-2023;15;1;2023-03-24
;10;13061-2023;16;3;2023-03-24
;10;13067-2023;15;1;2023-03-24
;10;12961-2023;3;9;2023-03-27
;10;12849-2023;19;2;2023-03-27
;10;13114-2023;20;1;2023-03-27
;10;13154-2023;20;1;2023-03-28
;10;13155-2023;17;3;2023-03-28
;10;12910-2023;4;3;2023-03-28
;10;13157-2023;20;1;2023-03-28
;10;13143-2023;20;2;2023-03-29
;10;13202-2023;4;1;2023-03-29
;10;13035-2023;4;1;2023-03-30
;10;13242-2023;20;2;2023-03-30
;10;13243-2023;20;1;2023-03-30
;10;13283-2023;12;1;2023-03-31
;10;13277-2023;19;1;2023-03-31
;10;90947-2023;16;2;2023-04-04
;10;12365-2023;15;2;2023-04-04
;10;13390-2023;9;3;2023-04-04
;10;13391-2023;23;4;2023-04-04
;10;13429-2023;13;2;2023-04-05
;10;13430-2023;13;2;2023-04-05
;10;13431-2023;9;1;2023-04-05
;10;13471-2023;15;2;2023-04-06
;10;13472-2023;14;2;2023-04-06
;10;13473-2023;15;1;2023-04-06
;10;13506-2023;20;2;2023-04-11
;10;13492-2023;12;1;2023-04-12
;10;13600-2023;4;2;2023-04-13
;10;13595-2023;20;1;2023-04-13
;10;13554-2023;20;1;2023-04-13
;10;13606-2023;20;1;2023-04-13
;10;13607-2023;20;2;2023-04-13
;10;13650-2023;25;2;2023-04-14
;10;13546-2023;4;4;2023-04-14
;10;13651-2023;19;1;2023-04-14
;10;13653-2023;19;1;2023-04-14
;10;13701-2023;9;1;2023-04-17
;10;13704-2023;13;2;2023-04-17
;10;91051-2023;15;3;2023-04-18
;10;13735-2023;9;1;2023-04-18
;10;13736-2023;9;2;2023-04-18
;10;13360-2023;9;3;2023-04-18
;10;13739-2023;22;1;2023-04-18
;10;13790-2023;9;1;2023-04-19
;10;13838-2023;16;3;2023-04-20
;10;13840-2023;15;5;2023-04-20
;10;13348-2023;6;4;2023-04-20
;10;13968-2023;4;1;2023-04-25
;10;14060-2023;17;1;2023-04-26
;10;14008-2023;4;4;2023-04-26
;10;14038-2023;25;2;2023-04-26
;10;14087-2023;19;1;2023-04-27
;10;14092-2023;25;2;2023-04-27
;10;14091-2023;20;6;2023-04-27
;10;14101-2023;20;1;2023-04-27
;10;14153-2023;4;2;2023-04-28
;10;14152-2023;20;1;2023-04-28
;10;14214-2023;15;1;2023-05-02
;10;14116-2023;15;3;2023-05-02
;10;14204-2023;14;4;2023-05-02
;10;14246-2023;15;1;2023-05-02
;10;14249-2023;22;1;2023-05-02
;10;14252-2023;15;1;2023-05-02
;10;14302-2023;15;2;2023-05-03
;10;14303-2023;15;1;2023-05-03
;10;14305-2023;15;3;2023-05-03
;10;14361-2023;15;3;2023-05-04
;10;14412-2023;15;1;2023-05-05
;10;14489-2023;25;3;2023-05-09
;10;12706-2023;25;1;2023-05-09
;10;14500-2023;4;1;2023-05-09
;10;14502-2023;20;1;2023-05-09
;10;14414-2023;20;2;2023-05-09
;10;14503-2023;20;1;2023-05-09
;10;14504-2023;19;1;2023-05-09
;10;14505-2023;20;20;2023-05-09
;10;14544-2023;20;1;2023-05-10
;10;14545-2023;12;1;2023-05-10
;10;14551-2023;4;1;2023-05-10
;10;14113-2023;25;3;2023-05-11
;10;14595-2023;19;5;2023-05-11
;10;14598-2023;4;1;2023-05-11
;10;11937-2023;12;1;2023-05-11
;10;14036-2023;12;1;2023-05-11
;10;14640-2023;5;1;2023-05-12
;10;14713-2023;6;2;2023-05-15
;10;14413-2023;22;1;2023-05-15
;10;14712-2023;14;1;2023-05-15
;10;14663-2023;15;1;2023-05-16
;10;91320-2023;15;1;2023-05-16
;10;14665-2023;15;1;2023-05-16
;10;14664-2023;15;1;2023-05-16
;10;14726-2023;15;1;2023-05-16
;10;14802-2023;23;1;2023-05-17
;10;14801-2023;15;2;2023-05-17
;10;14803-2023;15;1;2023-05-17
;10;14720-2023;15;2;2023-05-17
;10;14862-2023;15;1;2023-05-18
;10;91368-2023;14;1;2023-05-18
;10;14895-2023;15;1;2023-05-19
;10;91260-2023;14;4;2023-05-19
;10;14939-2023;3;1;2023-05-22
;10;14942-2023;19;1;2023-05-22
;10;14948-2023;20;1;2023-05-22
;10;14947-2023;20;1;2023-05-22
;10;15016-2023;20;1;2023-05-24
;10;14994-2023;20;1;2023-05-24
;10;15047-2023;4;2;2023-05-26
;10;15138-2023;15;3;2023-05-29
;10;15137-2023;15;1;2023-05-29
;10;15136-2023;22;2;2023-05-29
;10;15135-2023;15;1;2023-05-29
;10;15176-2023;15;1;2023-05-30
;10;15225-2023;15;1;2023-05-31
;10;15102-2023;9;1;2023-05-31
;10;91505-2023;15;2;2023-06-01
;10;15249-2023;9;1;2023-06-01
;10;15270-2023;9;1;2023-06-01
;10;15271-2023;14;1;2023-06-01
;10;15269-2023;14;2;2023-06-01
;10;15208-2023;14;1;2023-06-01
;10;15311-2023;6;2;2023-06-02
;10;15309-2023;15;1;2023-06-02
;10;15308-2023;15;4;2023-06-02
;10;15307-2023;15;1;2023-06-02
;10;15312-2023;16;1;2023-06-02
;10;15226-2023;16;1;2023-06-02
;10;91552-2023;5;3;2023-06-05
;10;15389-2023;25;1;2023-06-06
;10;15421-2023;19;1;2023-06-07
;10;15457-2023;4;1;2023-06-08
;10;15458-2023;25;2;2023-06-08
;10;15371-2023;17;6;2023-06-09
;10;15507-2023;19;1;2023-06-09
;10;15423-2023;6;2;2023-06-12
;10;15664-2023;22;1;2023-06-14
;10;15663-2023;22;1;2023-06-14
;10;15800-2023;20;2;2023-06-19
;10;15884-2023;20;2;2023-06-21
;10;15897-2023;20;1;2023-06-21
;10;15896-2023;20;3;2023-06-21
;10;15933-2023;20;3;2023-06-23
;10;15959-2023;20;1;2023-06-23
;10;16008-2023;15;1;2023-06-26
;10;16006-2023;15;1;2023-06-26
;10;14906-2023;6;1;2023-06-26
;10;16062-2023;15;1;2023-06-27
;10;16063-2023;23;1;2023-06-27
;10;15910-2023;16;3;2023-06-27
;10;16096-2023;15;2;2023-06-28
;10;15833-2023;13;1;2023-06-28
;10;91798-2023;15;1;2023-06-28
;10;16141-2023;9;4;2023-06-29
;10;16168-2023;14;1;2023-06-30
;10;16021-2023;6;2;2023-06-30
;10;16175-2023;14;1;2023-06-30
;10;16285-2023;20;1;2023-07-04
;10;16292-2023;19;1;2023-07-04
;10;16293-2023;20;5;2023-07-04
;10;16294-2023;20;1;2023-07-04
;10;16304-2023;3;4;2023-07-04
;10;14434-2023;20;7;2023-07-04
;10;16330-2023;3;1;2023-07-07
;10;16355-2023;17;2;2023-07-07
;10;16397-2023;22;1;2023-07-10
;10;16370-2023;15;1;2023-07-10
;10;16399-2023;13;5;2023-07-10
;10;16440-2023;16;1;2023-07-11
;10;16346-2023;15;6;2023-07-11
;10;16418-2023;13;1;2023-07-11
;10;16513-2023;15;1;2023-07-13
;10;16548-2023;9;1;2023-07-13
;10;16562-2023;15;1;2023-07-14
;10;16563-2023;15;1;2023-07-14
;10;16570-2023;9;1;2023-07-14
;10;16620-2023;4;1;2023-07-17
;10;16622-2023;20;5;2023-07-17
;10;16623-2023;12;1;2023-07-17
;10;16323-2023;4;1;2023-07-17
;10;16666-2023;19;4;2023-07-18
;10;16703-2023;20;1;2023-07-19
;10;16724-2023;4;1;2023-07-20
;10;16637-2023;3;4;2023-07-21
;10;16820-2023;15;6;2023-07-24
;10;16859-2023;15;2;2023-07-25
;10;92152-2023;22;2;2023-07-25
;10;16907-2023;13;1;2023-07-26
;10;16931-2023;15;1;2023-07-27
;10;16938-2023;13;3;2023-07-27
;10;17012-2023;25;1;2023-07-31
;10;16673-2023;20;2;2023-07-31
;10;17014-2023;3;2;2023-07-31
;10;92220-2023;17;23;2023-07-31
;10;92219-2023;20;19;2023-07-31
;10;92241-2023;12;12;2023-07-31
;10;92239-2023;25;3;2023-07-31
;10;92233-2023;3;13;2023-07-31
;10;92234-2023;4;9;2023-07-31
;10;17152-2023;3;1;2023-08-03
;10;17006-2023;3;1;2023-08-03
;10;17163-2023;3;1;2023-08-03
;10;17150-2023;20;1;2023-08-03
;10;15657-2023;4;3;2023-08-04
;10;17187-2023;20;1;2023-08-04
;10;92322-2023;12;1;2023-08-04
;10;17184-2023;20;3;2023-08-04
;10;17228-2023;15;1;2023-08-07
;10;17229-2023;15;2;2023-08-07
;10;17230-2023;14;1;2023-08-07
;10;17283-2023;6;3;2023-08-08
;10;17276-2023;15;1;2023-08-08
;10;17244-2023;15;1;2023-08-08
;10;17290-2023;22;3;2023-08-08
;10;17291-2023;14;1;2023-08-08
;10;17268-2023;9;1;2023-08-09
;10;92381-2023;9;2;2023-08-09
;10;17309-2023;14;1;2023-08-09
;10;17308-2023;22;2;2023-08-09
;10;17365-2023;14;2;2023-08-10
;10;17393-2023;22;5;2023-08-11
;10;17394-2023;15;2;2023-08-11
;10;17395-2023;14;4;2023-08-11
;10;17396-2023;6;3;2023-08-11
;10;17364-2023;14;1;2023-08-11
;10;17505-2023;19;1;2023-08-16
;10;17510-2023;12;1;2023-08-16
;10;17512-2023;4;2;2023-08-16
;10;17537-2023;19;1;2023-08-17
;10;17539-2023;19;1;2023-08-17
;10;92490-2023;19;1;2023-08-18
;10;17336-2023;15;1;2023-08-21
;10;17624-2023;15;3;2023-08-22
;10;17752-2023;15;1;2023-08-25
;10;17804-2023;12;1;2023-08-28
;10;17801-2023;12;1;2023-08-28
;10;17806-2023;12;1;2023-08-29
;10;17808-2023;12;1;2023-08-29
;10;17829-2023;19;1;2023-08-29
;10;17877-2023;19;4;2023-08-30
;10;17878-2023;4;1;2023-08-30
;10;17834-2023;12;1;2023-08-30
;10;17871-2023;12;1;2023-08-31
;10;17963-2023;12;1;2023-09-01
;10;18045-2023;3;2;2023-09-06
;10;18089-2023;22;1;2023-09-07
;10;18110-2023;3;2;2023-09-08
;10;18007-2023;22;1;2023-09-08
;10;18199-2023;4;1;2023-09-13
;10;18207-2023;3;1;2023-09-13
;10;18196-2023;19;1;2023-09-13
;10;18224-2023;19;2;2023-09-14
;10;17541-2023;14;1;2023-09-18
;10;17874-2023;14;2;2023-09-18
;10;18316-2023;15;1;2023-09-19
;10;18317-2023;15;1;2023-09-19
;10;18318-2023;15;1;2023-09-19
;10;92851-2023;15;3;2023-09-19
;10;92840-2023;14;27;2023-09-19
;10;92853-2023;15;22;2023-09-19
;10;92847-2023;12;19;2023-09-19
;10;18437-2023;19;1;2023-09-25
;10;18205-2023;3;6;2023-09-26
;10;18454-2023;3;1;2023-09-26
;10;18452-2023;19;1;2023-09-26
;10;18380-2023;12;8;2023-09-27
;10;18167-2023;20;1;2023-09-27
;11;10058-2023;12;9;2023-01-05
;11;10116-2023;19;5;2023-01-05
;11;10136-2023;19;1;2023-01-05
;11;10117-2023;19;2;2023-01-05
;11;10021-2023;3;6;2023-01-05
;11;10101-2023;12;5;2023-01-05
;11;10022-2023;25;4;2023-01-05
;11;10087-2023;25;1;2023-01-05
;11;10110-2023;4;5;2023-01-05
;11;10060-2023;17;4;2023-01-05
;11;10080-2023;25;4;2023-01-05
;11;10071-2023;5;4;2023-01-05
;11;10057-2023;19;4;2023-01-05
;11;10102-2023;17;3;2023-01-05
;11;10065-2023;3;3;2023-01-05
;11;10069-2023;25;1;2023-01-05
;11;10237-2023;23;7;2023-01-10
;11;10285-2023;13;7;2023-01-10
;11;10225-2023;23;6;2023-01-10
;11;10248-2023;14;7;2023-01-10
;11;10026-2023;23;3;2023-01-10
;11;10170-2023;16;3;2023-01-10
;11;10268-2023;16;2;2023-01-10
;11;10269-2023;9;3;2023-01-10
;11;10199-2023;15;2;2023-01-11
;11;10452-2023;9;3;2023-01-12
;11;10250-2023;23;8;2023-01-12
;11;10264-2023;13;4;2023-01-12
;11;10363-2023;16;3;2023-01-12
;11;10368-2023;14;4;2023-01-12
;11;10294-2023;9;2;2023-01-12
;11;10396-2023;9;7;2023-01-12
;11;10397-2023;16;4;2023-01-12
;11;10398-2023;16;5;2023-01-12
;11;10427-2023;14;4;2023-01-12
;11;10298-2023;23;10;2023-01-12
;11;10419-2023;15;2;2023-01-12
;11;10133-2023;13;6;2023-01-12
;11;10417-2023;19;6;2023-01-16
;11;10458-2023;3;6;2023-01-16
;11;10511-2023;4;6;2023-01-16
;11;10376-2023;25;6;2023-01-16
;11;10004-2023;5;2;2023-01-16
;11;10442-2023;17;5;2023-01-16
;11;10473-2023;20;4;2023-01-16
;11;10530-2023;25;3;2023-01-16
;11;10531-2023;3;16;2023-01-17
;11;10472-2023;19;9;2023-01-17
;11;10497-2023;12;10;2023-01-17
;11;10077-2023;17;9;2023-01-17
;11;10521-2023;20;7;2023-01-17
;11;10402-2023;5;2;2023-01-17
;11;10559-2023;25;6;2023-01-17
;11;10546-2023;5;6;2023-01-17
;11;10401-2023;19;6;2023-01-17
;11;10547-2023;25;6;2023-01-17
;11;10343-2023;17;5;2023-01-17
;11;10119-2023;20;5;2023-01-17
;11;10564-2023;5;1;2023-01-17
;11;10545-2023;3;5;2023-01-17
;11;10490-2023;12;4;2023-01-17
;11;10505-2023;5;3;2023-01-17
;11;10295-2023;25;3;2023-01-17
;11;10308-2023;5;2;2023-01-18
;11;10118-2023;19;3;2023-01-19
;11;10176-2023;19;3;2023-01-19
;11;10637-2023;3;5;2023-01-19
;11;10661-2023;20;3;2023-01-19
;11;10408-2023;10;1;2023-01-24
;11;90170-2023;10;1;2023-01-24
;11;10383-2023;23;6;2023-01-24
;11;10409-2023;14;8;2023-01-24
;11;10651-2023;10;8;2023-01-24
;11;10745-2023;14;5;2023-01-24
;11;10716-2023;23;9;2023-01-24
;11;10719-2023;14;13;2023-01-24
;11;10720-2023;9;17;2023-01-24
;11;10723-2023;22;12;2023-01-24
;11;10764-2023;22;4;2023-01-24
;11;10604-2023;6;10;2023-01-26
;11;10704-2023;6;3;2023-01-26
;11;10939-2023;6;2;2023-01-26
;11;10848-2023;16;6;2023-01-26
;11;10890-2023;22;6;2023-01-26
;11;10492-2023;14;15;2023-01-27
;11;10978-2023;15;1;2023-01-27
;11;10525-2023;15;13;2023-01-27
;11;10340-2023;15;6;2023-01-27
;11;10011-2023;5;3;2023-01-30
;11;11010-2023;25;4;2023-01-30
;11;10539-2023;19;3;2023-01-30
;11;11122-2023;25;1;2023-01-31
;11;11057-2023;17;14;2023-01-31
;11;11044-2023;19;13;2023-01-31
;11;10995-2023;25;12;2023-01-31
;11;10970-2023;20;5;2023-01-31
;11;10972-2023;20;3;2023-01-31
;11;11087-2023;5;2;2023-01-31
;11;10153-2023;5;3;2023-01-31
;11;11118-2023;4;3;2023-01-31
;11;10420-2023;3;3;2023-01-31
;11;11101-2023;3;2;2023-01-31
;11;10825-2023;3;5;2023-01-31
;11;11039-2023;3;3;2023-01-31
;11;10967-2023;4;3;2023-01-31
;11;11043-2023;4;1;2023-01-31
;11;11058-2023;17;4;2023-01-31
;11;10516-2023;25;4;2023-01-31
;11;10983-2023;20;3;2023-01-31
;11;11114-2023;19;2;2023-01-31
;11;11049-2023;19;2;2023-01-31
;11;11164-2023;25;1;2023-02-01
;11;11141-2023;17;7;2023-02-02
;11;11184-2023;25;6;2023-02-02
;11;11152-2023;3;6;2023-02-02
;11;11112-2023;19;5;2023-02-02
;11;11145-2023;4;4;2023-02-02
;11;11074-2023;20;3;2023-02-02
;11;10917-2023;3;3;2023-02-02
;11;11163-2023;20;2;2023-02-02
;11;10956-2023;25;2;2023-02-02
;11;11008-2023;3;2;2023-02-02
;11;11193-2023;19;1;2023-02-02
;11;10904-2023;6;12;2023-02-06
;11;11286-2023;16;3;2023-02-06
;11;10835-2023;14;4;2023-02-07
;11;10836-2023;14;1;2023-02-07
;11;10937-2023;14;2;2023-02-07
;11;11367-2023;14;5;2023-02-07
;11;10803-2023;16;7;2023-02-07
;11;10870-2023;16;4;2023-02-07
;11;10947-2023;23;5;2023-02-07
;11;11289-2023;23;6;2023-02-07
;11;11326-2023;22;5;2023-02-07
;11;11324-2023;23;4;2023-02-07
;11;11015-2023;15;12;2023-02-07
;11;11138-2023;6;18;2023-02-07
;11;11254-2023;6;5;2023-02-07
;11;11295-2023;16;5;2023-02-07
;11;11291-2023;23;13;2023-02-09
;11;11384-2023;16;11;2023-02-09
;11;11542-2023;16;4;2023-02-10
;11;11522-2023;3;11;2023-02-13
;11;10809-2023;19;3;2023-02-13
;11;10810-2023;19;4;2023-02-13
;11;11559-2023;19;3;2023-02-13
;11;11447-2023;17;6;2023-02-13
;11;11557-2023;12;4;2023-02-13
;11;10900-2023;4;2;2023-02-13
;11;11471-2023;25;1;2023-02-14
;11;11548-2023;5;1;2023-02-14
;11;10638-2023;5;4;2023-02-14
;11;11390-2023;3;11;2023-02-14
;11;11519-2023;20;10;2023-02-14
;11;11507-2023;25;8;2023-02-14
;11;11610-2023;4;5;2023-02-14
;11;10570-2023;17;5;2023-02-14
;11;11674-2023;20;4;2023-02-16
;11;10903-2023;10;5;2023-02-20
;11;11895-2023;16;3;2023-02-21
;11;90547-2023;9;1;2023-02-21
;11;11069-2023;6;7;2023-02-21
;11;11782-2023;23;2;2023-02-21
;11;11879-2023;6;1;2023-02-21
;11;11739-2023;22;2;2023-02-21
;11;11740-2023;22;1;2023-02-21
;11;11741-2023;22;1;2023-02-21
;11;10127-2023;14;5;2023-02-21
;11;10714-2023;15;7;2023-02-21
;11;11745-2023;13;8;2023-02-21
;11;11795-2023;23;5;2023-02-21
;11;11799-2023;16;11;2023-02-21
;11;11812-2023;15;6;2023-02-23
;11;11948-2023;9;2;2023-02-23
;11;11521-2023;22;8;2023-02-23
;11;11931-2023;22;4;2023-02-23
;11;11549-2023;14;4;2023-02-23
;11;11932-2023;13;4;2023-02-23
;11;11940-2023;23;6;2023-02-23
;11;90484-2023;22;7;2023-02-24
;11;90483-2023;15;7;2023-02-24
;11;90482-2023;14;7;2023-02-24
;11;90481-2023;9;7;2023-02-24
;11;90480-2023;16;6;2023-02-24
;11;90479-2023;14;6;2023-02-24
;11;90478-2023;23;6;2023-02-24
;11;11961-2023;13;8;2023-02-24
;11;12051-2023;19;8;2023-02-27
;11;11764-2023;20;4;2023-02-27
;11;11765-2023;12;2;2023-02-27
;11;11500-2023;25;2;2023-02-27
;11;90614-2023;5;4;2023-02-28
;11;12036-2023;3;10;2023-02-28
;11;11972-2023;4;10;2023-02-28
;11;11947-2023;20;10;2023-02-28
;11;12041-2023;19;8;2023-02-28
;11;11455-2023;25;8;2023-02-28
;11;12109-2023;5;2;2023-02-28
;11;11270-2023;12;8;2023-02-28
;11;12042-2023;5;3;2023-02-28
;11;12125-2023;3;7;2023-02-28
;11;11946-2023;4;4;2023-02-28
;11;12054-2023;25;4;2023-02-28
;11;12118-2023;20;3;2023-02-28
;11;11929-2023;19;3;2023-03-01
;11;11991-2023;20;12;2023-03-02
;11;12275-2023;19;5;2023-03-02
;11;11971-2023;25;7;2023-03-02
;11;10844-2023;3;4;2023-03-02
;11;11837-2023;3;4;2023-03-02
;11;11953-2023;4;3;2023-03-02
;11;12220-2023;20;1;2023-03-02
;11;12218-2023;20;1;2023-03-02
;11;12387-2023;16;4;2023-03-06
;11;10028-2023;15;7;2023-03-07
;11;11790-2023;16;3;2023-03-07
;11;12043-2023;10;5;2023-03-07
;11;12234-2023;10;3;2023-03-07
;11;12286-2023;15;12;2023-03-07
;11;12287-2023;23;5;2023-03-07
;11;12347-2023;6;7;2023-03-07
;11;12182-2023;13;9;2023-03-07
;11;12146-2023;23;10;2023-03-07
;11;12259-2023;22;18;2023-03-07
;11;12283-2023;10;4;2023-03-07
;11;11882-2023;14;19;2023-03-07
;11;12301-2023;9;7;2023-03-07
;11;12334-2023;13;7;2023-03-07
;11;11452-2023;9;2;2023-03-08
;11;12120-2023;16;7;2023-03-09
;11;12250-2023;14;10;2023-03-09
;11;12384-2023;14;7;2023-03-09
;11;11839-2023;13;4;2023-03-09
;11;11840-2023;13;5;2023-03-09
;11;12282-2023;15;3;2023-03-09
;11;12396-2023;15;3;2023-03-09
;11;12446-2023;9;3;2023-03-09
;11;12514-2023;14;2;2023-03-09
;11;12515-2023;14;7;2023-03-09
;11;12516-2023;14;2;2023-03-09
;11;12517-2023;14;4;2023-03-09
;11;12518-2023;14;4;2023-03-09
;11;11999-2023;14;2;2023-03-09
;11;12487-2023;13;2;2023-03-09
;11;90693-2023;3;5;2023-03-13
;11;12345-2023;25;15;2023-03-13
;11;12148-2023;20;10;2023-03-13
;11;11625-2023;12;7;2023-03-13
;11;12096-2023;19;6;2023-03-13
;11;12573-2023;12;1;2023-03-13
;11;12389-2023;4;4;2023-03-13
;11;12495-2023;19;14;2023-03-14
;11;12585-2023;4;8;2023-03-14
;11;12429-2023;3;5;2023-03-14
;11;12478-2023;12;5;2023-03-14
;11;12546-2023;25;4;2023-03-14
;11;12523-2023;12;4;2023-03-14
;11;12157-2023;3;3;2023-03-14
;11;12564-2023;20;3;2023-03-14
;11;12589-2023;25;2;2023-03-14
;11;12592-2023;3;6;2023-03-14
;11;90695-2023;20;10;2023-03-14
;11;90709-2023;20;6;2023-03-14
;11;90692-2023;25;3;2023-03-14
;11;90669-2023;25;15;2023-03-14
;11;12626-2023;19;2;2023-03-14
;11;12577-2023;3;4;2023-03-14
;11;12622-2023;4;1;2023-03-14
;11;12262-2023;3;1;2023-03-14
;11;12544-2023;4;5;2023-03-14
;11;90713-2023;12;1;2023-03-15
;11;12342-2023;25;10;2023-03-15
;11;12672-2023;20;3;2023-03-15
;11;12597-2023;12;1;2023-03-15
;11;12602-2023;3;3;2023-03-16
;11;12643-2023;4;14;2023-03-16
;11;12629-2023;3;8;2023-03-16
;11;12676-2023;12;8;2023-03-16
;11;12729-2023;19;7;2023-03-16
;11;12614-2023;19;2;2023-03-16
;11;12690-2023;20;7;2023-03-16
;11;12674-2023;25;5;2023-03-16
;11;12292-2023;19;4;2023-03-16
;11;12584-2023;3;4;2023-03-16
;11;12684-2023;3;4;2023-03-16
;11;12759-2023;20;1;2023-03-17
;11;12144-2023;25;3;2023-03-17
;11;90734-2023;4;4;2023-03-17
;11;12579-2023;13;1;2023-03-20
;11;12856-2023;22;1;2023-03-21
;11;11767-2023;6;2;2023-03-21
;11;12832-2023;23;8;2023-03-21
;11;12438-2023;14;7;2023-03-21
;11;12716-2023;15;10;2023-03-21
;11;12719-2023;13;7;2023-03-21
;11;12733-2023;22;5;2023-03-21
;11;12815-2023;15;6;2023-03-21
;11;12851-2023;23;9;2023-03-21
;11;11942-2023;23;6;2023-03-21
;11;12463-2023;6;5;2023-03-21
;11;12464-2023;6;7;2023-03-21
;11;12754-2023;13;5;2023-03-21
;11;12826-2023;14;16;2023-03-21
;11;90787-2023;15;5;2023-03-23
;11;90477-2023;22;9;2023-03-23
;11;12979-2023;16;4;2023-03-23
;11;12797-2023;13;3;2023-03-23
;11;12607-2023;15;4;2023-03-23
;11;12601-2023;23;5;2023-03-23
;11;12208-2023;6;10;2023-03-23
;11;12867-2023;22;13;2023-03-23
;11;12872-2023;14;5;2023-03-23
;11;12928-2023;22;3;2023-03-23
;11;12565-2023;16;7;2023-03-23
;11;13059-2023;15;7;2023-03-24
;11;12938-2023;19;13;2023-03-28
;11;12966-2023;5;2;2023-03-28
;11;13078-2023;5;3;2023-03-28
;11;90475-2023;4;9;2023-03-28
;11;12773-2023;5;3;2023-03-28
;11;13103-2023;19;7;2023-03-28
;11;12366-2023;17;6;2023-03-28
;11;13080-2023;5;4;2023-03-28
;11;13142-2023;12;6;2023-03-28
;11;12964-2023;3;5;2023-03-28
;11;12873-2023;4;4;2023-03-28
;11;12765-2023;12;4;2023-03-28
;11;13069-2023;17;4;2023-03-28
;11;13179-2023;20;2;2023-03-29
;11;13126-2023;19;3;2023-03-29
;11;13123-2023;17;3;2023-03-29
;11;13039-2023;4;3;2023-03-29
;11;12757-2023;19;7;2023-03-30
;11;13238-2023;17;7;2023-03-30
;11;12532-2023;4;6;2023-03-30
;11;13036-2023;20;5;2023-03-30
;11;13037-2023;12;4;2023-03-30
;11;11499-2023;20;4;2023-03-30
;11;13183-2023;3;4;2023-03-30
;11;13113-2023;4;3;2023-03-30
;11;13112-2023;4;2;2023-03-30
;11;13070-2023;19;1;2023-03-30
;11;13073-2023;19;1;2023-03-30
;11;13276-2023;4;1;2023-03-31
;11;13005-2023;12;1;2023-03-31
;11;13016-2023;13;8;2023-04-04
;11;13127-2023;14;20;2023-04-04
;11;12635-2023;6;10;2023-04-04
;11;13288-2023;9;4;2023-04-04
;11;12485-2023;14;6;2023-04-05
;11;13205-2023;15;5;2023-04-05
;11;13040-2023;16;12;2023-04-05
;11;13095-2023;14;5;2023-04-05
;11;13165-2023;22;6;2023-04-05
;11;13216-2023;15;6;2023-04-05
;11;13218-2023;9;3;2023-04-05
;11;12994-2023;16;2;2023-04-05
;11;12995-2023;16;1;2023-04-05
;11;13335-2023;12;4;2023-04-11
;11;13438-2023;3;3;2023-04-11
;11;13543-2023;17;3;2023-04-11
;11;13454-2023;25;10;2023-04-12
;11;90984-2023;12;6;2023-04-12
;11;12930-2023;19;4;2023-04-12
;11;13172-2023;4;4;2023-04-12
;11;13538-2023;20;2;2023-04-12
;11;13467-2023;12;5;2023-04-13
;11;13503-2023;19;3;2023-04-13
;11;13476-2023;20;2;2023-04-13
;11;13128-2023;25;5;2023-04-13
;11;13519-2023;25;5;2023-04-13
;11;13403-2023;17;9;2023-04-13
;11;13405-2023;4;8;2023-04-14
;11;13471-2023;17;5;2023-04-14
;11;13384-2023;20;4;2023-04-14
;11;13415-2023;12;3;2023-04-14
;11;13494-2023;19;3;2023-04-14
;11;13516-2023;25;2;2023-04-14
;11;13540-2023;25;7;2023-04-14
;11;13581-2023;25;4;2023-04-14
;11;13426-2023;16;1;2023-04-18
;11;13671-2023;16;3;2023-04-18
;11;13702-2023;22;2;2023-04-18
;11;13365-2023;22;9;2023-04-18
;11;13631-2023;14;12;2023-04-18
;11;13637-2023;6;10;2023-04-18
;11;13583-2023;22;4;2023-04-18
;11;13502-2023;13;9;2023-04-20
;11;13533-2023;6;4;2023-04-20
;11;13778-2023;13;3;2023-04-20
;11;13811-2023;9;6;2023-04-20
;11;13308-2023;15;10;2023-04-20
;11;13656-2023;22;9;2023-04-20
;11;13490-2023;6;8;2023-04-20
;11;13707-2023;16;5;2023-04-20
;11;13448-2023;9;5;2023-04-20
;11;13526-2023;22;5;2023-04-20
;11;13568-2023;13;4;2023-04-20
;11;13580-2023;13;6;2023-04-20
;11;13682-2023;22;3;2023-04-20
;11;13766-2023;14;3;2023-04-20
;11;13767-2023;6;3;2023-04-20
;11;13768-2023;16;9;2023-04-20
;11;13788-2023;13;8;2023-04-20
;11;13789-2023;9;4;2023-04-20
;11;13457-2023;19;1;2023-04-24
;11;13295-2023;19;6;2023-04-24
;11;13464-2023;25;5;2023-04-25
;11;13759-2023;19;4;2023-04-25
;11;13696-2023;4;5;2023-04-25
;11;13772-2023;17;4;2023-04-25
;11;13833-2023;3;3;2023-04-25
;11;13834-2023;12;6;2023-04-25
;11;13874-2023;25;4;2023-04-25
;11;13875-2023;12;3;2023-04-25
;11;13884-2023;19;6;2023-04-25
;11;13905-2023;3;6;2023-04-25
;11;13188-2023;17;2;2023-04-25
;11;13189-2023;20;2;2023-04-25
;11;13325-2023;20;4;2023-04-25
;11;13855-2023;12;6;2023-04-25
;11;13858-2023;4;3;2023-04-25
;11;13862-2023;20;6;2023-04-25
;11;13907-2023;3;4;2023-04-25
;11;13843-2023;19;2;2023-04-27
;11;14017-2023;19;9;2023-04-27
;11;13936-2023;25;14;2023-04-27
;11;13938-2023;12;5;2023-04-27
;11;14078-2023;3;4;2023-04-27
;11;12770-2023;13;9;2023-05-02
;11;12767-2023;13;5;2023-05-02
;11;13266-2023;13;2;2023-05-02
;11;14196-2023;16;1;2023-05-02
;11;12802-2023;16;7;2023-05-04
;11;12823-2023;16;8;2023-05-04
;11;12825-2023;16;11;2023-05-04
;11;13974-2023;16;3;2023-05-04
;11;14020-2023;16;6;2023-05-04
;11;14194-2023;13;5;2023-05-04
;11;91138-2023;6;6;2023-05-04
;11;13622-2023;23;5;2023-05-04
;11;13935-2023;9;3;2023-05-04
;11;14173-2023;14;3;2023-05-04
;11;14348-2023;15;2;2023-05-04
;11;14489-2023;25;3;2023-05-09
;11;14490-2023;5;2;2023-05-09
;11;14005-2023;17;19;2023-05-09
;11;14174-2023;5;4;2023-05-09
;11;14272-2023;3;18;2023-05-09
;11;14144-2023;12;10;2023-05-09
;11;14145-2023;12;8;2023-05-09
;11;14248-2023;20;16;2023-05-09
;11;14256-2023;4;13;2023-05-09
;11;13313-2023;19;11;2023-05-09
;11;14371-2023;5;7;2023-05-09
;11;14418-2023;19;9;2023-05-09
;11;13835-2023;17;3;2023-05-09
;11;13836-2023;17;3;2023-05-09
;11;14058-2023;17;1;2023-05-09
;11;14369-2023;20;1;2023-05-09
;11;14410-2023;20;4;2023-05-09
;11;14411-2023;20;2;2023-05-09
;11;13932-2023;17;15;2023-05-11
;11;13658-2023;17;11;2023-05-11
;11;14520-2023;25;7;2023-05-11
;11;14386-2023;12;5;2023-05-11
;11;14383-2023;4;5;2023-05-11
;11;14032-2023;4;5;2023-05-11
;11;14397-2023;12;4;2023-05-11
;11;14560-2023;4;4;2023-05-11
;11;14241-2023;20;4;2023-05-11
;11;14436-2023;25;3;2023-05-11
;11;14524-2023;20;3;2023-05-11
;11;91230-2023;25;3;2023-05-12
;11;14638-2023;12;1;2023-05-12
;11;14611-2023;20;1;2023-05-12
;11;14018-2023;16;4;2023-05-16
;11;14482-2023;6;4;2023-05-16
;11;14538-2023;9;22;2023-05-16
;11;14629-2023;22;7;2023-05-16
;11;14641-2023;16;7;2023-05-16
;11;14770-2023;13;4;2023-05-17
;11;91359-2023;15;2;2023-05-17
;11;91368-2023;14;1;2023-05-18
;11;14594-2023;15;8;2023-05-18
;11;14628-2023;16;10;2023-05-18
;11;14730-2023;22;7;2023-05-18
;11;14797-2023;14;3;2023-05-18
;11;14805-2023;15;2;2023-05-18
;11;14593-2023;16;11;2023-05-18
;11;14755-2023;22;4;2023-05-18
;11;14626-2023;4;4;2023-05-22
;11;13955-2023;19;2;2023-05-22
;11;14905-2023;25;1;2023-05-22
;11;14835-2023;19;9;2023-05-23
;11;14890-2023;3;5;2023-05-23
;11;14961-2023;17;2;2023-05-23
;11;14871-2023;4;9;2023-05-25
;11;15007-2023;25;8;2023-05-25
;11;14924-2023;17;7;2023-05-25
;11;14698-2023;12;5;2023-05-25
;11;14141-2023;19;4;2023-05-25
;11;14892-2023;17;3;2023-05-25
;11;14936-2023;20;10;2023-05-25
;11;14666-2023;25;3;2023-05-25
;11;14957-2023;20;2;2023-05-25
;11;15127-2023;13;21;2023-05-30
;11;15015-2023;6;5;2023-05-30
;11;15175-2023;13;1;2023-05-30
;11;15062-2023;14;8;2023-05-30
;11;15020-2023;16;8;2023-05-30
;11;15157-2023;6;7;2023-05-30
;11;15160-2023;9;5;2023-05-30
;11;15064-2023;23;5;2023-05-30
;11;15061-2023;16;3;2023-05-30
;11;15079-2023;16;4;2023-05-31
;11;14974-2023;16;3;2023-06-01
;11;15126-2023;9;8;2023-06-01
;11;15209-2023;5;6;2023-06-05
;11;15181-2023;25;11;2023-06-05
;11;15133-2023;19;10;2023-06-05
;11;15108-2023;12;4;2023-06-05
;11;15282-2023;17;6;2023-06-05
;11;13444-2023;20;4;2023-06-05
;11;15321-2023;3;3;2023-06-05
;11;15275-2023;3;1;2023-06-06
;11;15219-2023;17;10;2023-06-06
;11;15199-2023;12;5;2023-06-06
;11;15551-2023;10;2;2023-06-12
;11;15452-2023;17;1;2023-06-09
;11;15489-2023;17;1;2023-06-09
;11;15504-2023;22;9;2023-06-13
;11;15545-2023;6;4;2023-06-13
;11;15580-2023;22;6;2023-06-13
;11;91584-2023;14;22;2023-06-13
;11;91590-2023;6;14;2023-06-13
;11;15570-2023;6;1;2023-06-13
;11;15011-2023;16;3;2023-06-13
;11;15012-2023;16;3;2023-06-13
;11;15358-2023;23;7;2023-06-13
;11;15500-2023;16;7;2023-06-13
;11;15465-2023;22;8;2023-06-13
;11;15666-2023;23;1;2023-06-14
;11;15713-2023;13;2;2023-06-15
;11;15462-2023;16;4;2023-06-15
;11;15539-2023;9;8;2023-06-15
;11;15556-2023;16;5;2023-06-15
;11;15840-2023;12;1;2023-06-20
;11;15838-2023;3;4;2023-06-20
;11;15139-2023;12;16;2023-06-20
;11;15243-2023;3;15;2023-06-20
;11;15787-2023;19;14;2023-06-20
;11;15733-2023;20;12;2023-06-20
;11;15647-2023;17;11;2023-06-20
;11;15695-2023;19;8;2023-06-20
;11;15646-2023;3;7;2023-06-20
;11;15651-2023;12;7;2023-06-20
;11;15327-2023;17;7;2023-06-20
;11;15790-2023;19;6;2023-06-20
;11;15364-2023;20;6;2023-06-20
;11;15555-2023;3;4;2023-06-20
;11;15228-2023;12;5;2023-06-20
;11;15398-2023;17;4;2023-06-20
;11;15748-2023;19;6;2023-06-20
;11;15670-2023;3;4;2023-06-20
;11;15819-2023;17;4;2023-06-20
;11;15598-2023;20;2;2023-06-20
;11;15535-2023;19;2;2023-06-20
;11;15813-2023;12;1;2023-06-20
;11;15786-2023;3;9;2023-06-22
;11;15566-2023;19;7;2023-06-22
;11;15888-2023;12;6;2023-06-22
;11;15861-2023;17;6;2023-06-22
;11;15273-2023;20;1;2023-06-22
;11;15609-2023;23;10;2023-06-27
;11;15915-2023;14;2;2023-06-27
;11;15754-2023;16;17;2023-06-27
;11;15912-2023;6;6;2023-06-27
;11;15643-2023;15;4;2023-06-29
;11;15783-2023;16;6;2023-06-29
;11;15979-2023;9;3;2023-06-29
;11;16082-2023;13;4;2023-06-29
;11;16086-2023;14;5;2023-06-29
;11;14422-2023;13;2;2023-06-29
;11;15922-2023;13;4;2023-06-29
;11;15960-2023;6;5;2023-06-29
;11;16010-2023;6;3;2023-06-29
;11;16108-2023;13;8;2023-06-29
;11;16111-2023;13;6;2023-06-29
;11;16176-2023;14;1;2023-06-30
;11;16181-2023;14;4;2023-06-30
;11;16110-2023;3;4;2023-07-03
;11;16178-2023;25;1;2023-07-04
;11;15988-2023;25;5;2023-07-04
;11;16219-2023;19;1;2023-07-04
;11;16013-2023;19;4;2023-07-04
;11;16123-2023;17;3;2023-07-04
;11;16153-2023;19;4;2023-07-04
;11;16113-2023;19;1;2023-07-04
;11;16235-2023;19;2;2023-07-04
;11;16266-2023;17;1;2023-07-04
;11;15901-2023;25;13;2023-07-04
;11;15975-2023;3;6;2023-07-04
;11;16027-2023;17;9;2023-07-04
;11;16030-2023;17;14;2023-07-04
;11;16088-2023;25;8;2023-07-04
;11;16018-2023;25;6;2023-07-04
;11;16103-2023;25;7;2023-07-04
;11;16140-2023;17;9;2023-07-04
;11;16204-2023;3;13;2023-07-04
;11;16211-2023;22;4;2023-07-10
;11;13965-2023;22;1;2023-07-10
;11;16286-2023;22;1;2023-07-10
;11;14606-2023;22;1;2023-07-11
;11;15392-2023;16;7;2023-07-11
;11;16119-2023;6;6;2023-07-11
;11;16156-2023;9;6;2023-07-11
;11;16414-2023;6;2;2023-07-11
;11;16222-2023;22;9;2023-07-11
;11;16339-2023;13;4;2023-07-11
;11;16139-2023;22;5;2023-07-11
;11;16206-2023;15;12;2023-07-11
;11;16232-2023;16;10;2023-07-11
;11;16522-2023;9;1;2023-07-13
;11;15942-2023;15;7;2023-07-13
;11;16350-2023;16;4;2023-07-13
;11;16351-2023;16;10;2023-07-13
;11;16408-2023;13;9;2023-07-13
;11;16486-2023;16;6;2023-07-13
;11;16492-2023;9;4;2023-07-13
;11;16135-2023;15;10;2023-07-13
;11;16191-2023;13;14;2023-07-13
;11;16278-2023;13;5;2023-07-13
;11;16376-2023;16;11;2023-07-13
;11;16546-2023;16;2;2023-07-13
;11;16549-2023;9;2;2023-07-13
;11;16356-2023;13;3;2023-07-13
;11;16520-2023;13;1;2023-07-14
;11;16150-2023;16;1;2023-07-14
;11;16614-2023;3;4;2023-07-17
;11;16599-2023;19;5;2023-07-17
;11;15260-2023;19;1;2023-07-17
;11;16593-2023;19;1;2023-07-17
;11;16274-2023;19;1;2023-07-17
;11;16574-2023;19;1;2023-07-17
;11;16582-2023;25;1;2023-07-17
;11;92030-2023;20;14;2023-07-18
;11;16565-2023;25;14;2023-07-18
;11;91829-2023;19;4;2023-07-18
;11;91876-2023;19;7;2023-07-18
;11;16564-2023;12;11;2023-07-18
;11;91830-2023;4;5;2023-07-18
;11;91939-2023;4;5;2023-07-18
;11;91879-2023;3;5;2023-07-18
;11;91828-2023;3;4;2023-07-18
;11;91824-2023;19;5;2023-07-18
;11;91823-2023;19;3;2023-07-18
;11;16234-2023;4;9;2023-07-18
;11;16544-2023;25;8;2023-07-18
;11;16240-2023;12;5;2023-07-18
;11;16451-2023;3;21;2023-07-18
;11;16573-2023;19;10;2023-07-18
;11;16500-2023;25;8;2023-07-18
;11;16575-2023;20;6;2023-07-18
;11;16494-2023;4;5;2023-07-18
;11;16547-2023;19;5;2023-07-18
;11;15557-2023;4;4;2023-07-18
;11;91949-2023;12;3;2023-07-18
;11;16701-2023;20;2;2023-07-19
;11;16220-2023;19;3;2023-07-19
;11;16726-2023;12;2;2023-07-21
;11;15222-2023;9;4;2023-07-24
;11;16827-2023;13;4;2023-07-24
;11;92074-2023;22;13;2023-07-24
;11;16708-2023;15;11;2023-07-24
;11;16793-2023;13;6;2023-07-24
;11;16730-2023;16;5;2023-07-24
;11;16785-2023;13;3;2023-07-24
;11;16784-2023;16;3;2023-07-24
;11;16541-2023;13;3;2023-07-24
;11;16653-2023;16;2;2023-07-24
;11;16645-2023;16;11;2023-07-25
;11;16476-2023;22;3;2023-07-25
;11;16125-2023;22;8;2023-07-25
;11;16526-2023;9;5;2023-07-25
;11;16753-2023;13;5;2023-07-25
;11;16679-2023;15;3;2023-07-25
;11;16865-2023;15;2;2023-07-25
;11;16853-2023;13;1;2023-07-25
;11;16894-2023;22;1;2023-07-26
;11;92157-2023;15;16;2023-07-27
;11;16639-2023;13;9;2023-07-27
;11;15221-2023;16;4;2023-07-27
;11;15264-2023;9;4;2023-07-27
;11;16736-2023;9;4;2023-07-27
;11;16735-2023;9;2;2023-07-27
;11;16932-2023;16;2;2023-07-27
;11;16596-2023;9;2;2023-07-27
;11;16728-2023;16;6;2023-07-28
;11;16226-2023;13;10;2023-07-28
;11;16627-2023;9;13;2023-07-28
;11;16837-2023;15;7;2023-07-28
;11;16841-2023;22;5;2023-07-28
;11;16850-2023;16;4;2023-07-28
;11;16871-2023;9;3;2023-07-28
;11;16704-2023;25;6;2023-07-31
;11;17007-2023;25;1;2023-07-31
;11;92245-2023;4;23;2023-08-01
;11;92246-2023;17;25;2023-08-01
;11;92247-2023;3;19;2023-08-01
;11;92248-2023;20;26;2023-08-01
;11;92249-2023;12;28;2023-08-01
;11;16755-2023;17;10;2023-08-01
;11;92259-2023;3;6;2023-08-02
;11;17059-2023;4;1;2023-08-02
;11;92258-2023;17;10;2023-08-02
;11;17117-2023;17;8;2023-08-03
;11;17150-2023;3;1;2023-08-03
;11;17108-2023;4;1;2023-08-03
;11;17100-2023;12;5;2023-08-03
;11;92307-2023;20;4;2023-08-04
;11;17162-2023;12;1;2023-08-04
;11;15939-2023;20;3;2023-08-04
;11;17142-2023;20;2;2023-08-04
;11;91866-2023;3;2;2023-08-04
;11;91868-2023;17;2;2023-08-04
;11;91869-2023;20;2;2023-08-04
;11;91935-2023;20;2;2023-08-04
;11;91936-2023;3;2;2023-08-04
;11;91937-2023;20;2;2023-08-04
;11;91820-2023;20;3;2023-08-04
;11;92044-2023;17;3;2023-08-04
;11;17184-2023;20;3;2023-08-04
;11;17112-2023;3;3;2023-08-04
;11;92310-2023;17;26;2023-08-04
;11;92312-2023;3;32;2023-08-04
;11;92313-2023;12;23;2023-08-04
;11;92315-2023;4;25;2023-08-04
;11;92369-2023;15;1;2023-08-08
;11;92330-2023;6;29;2023-08-08
;11;92325-2023;9;14;2023-08-08
;11;92324-2023;14;11;2023-08-08
;11;17297-2023;15;1;2023-08-09
;11;92354-2023;9;4;2023-08-09
;11;92300-2023;22;1;2023-08-09
;11;17141-2023;15;7;2023-08-09
;11;92374-2023;6;14;2023-08-10
;11;92376-2023;14;13;2023-08-10
;11;92402-2023;15;2;2023-08-10
;11;92404-2023;15;2;2023-08-11
;11;17236-2023;15;3;2023-08-11
;11;17397-2023;6;2;2023-08-11
;11;92408-2023;15;2;2023-08-11
;11;92407-2023;15;2;2023-08-11
;11;92409-2023;15;2;2023-08-11
;11;92401-2023;22;4;2023-08-11
;11;92403-2023;14;2;2023-08-11
;11;17436-2023;12;11;2023-08-14
;11;17304-2023;19;6;2023-08-14
;11;17231-2023;12;8;2023-08-16
;11;17001-2023;4;9;2023-08-16
;11;17173-2023;19;6;2023-08-16
;11;16604-2023;3;24;2023-08-16
;11;17278-2023;4;3;2023-08-17
;11;17358-2023;4;3;2023-08-17
;11;17432-2023;4;3;2023-08-17
;11;92484-2023;12;34;2023-08-17
;11;92488-2023;19;35;2023-08-17
;11;92486-2023;4;5;2023-08-17
;11;92479-2023;3;29;2023-08-17
;11;17612-2023;22;2;2023-08-21
;11;92513-2023;15;4;2023-08-21
;11;17549-2023;16;8;2023-08-22
;11;17084-2023;22;3;2023-08-22
;11;17135-2023;14;10;2023-08-22
;11;17345-2023;14;5;2023-08-22
;11;17418-2023;14;1;2023-08-22
;11;17568-2023;15;15;2023-08-22
;11;17592-2023;22;8;2023-08-22
;11;17653-2023;16;5;2023-08-22
;11;92546-2023;16;3;2023-08-22
;11;92542-2023;15;2;2023-08-22
;11;92543-2023;15;3;2023-08-22
;11;92544-2023;22;2;2023-08-22
;11;17683-2023;17;3;2023-08-28
;11;17707-2023;17;3;2023-08-28
;11;17709-2023;19;2;2023-08-28
;11;17743-2023;22;5;2023-08-28
;11;17741-2023;17;2;2023-08-28
;11;17604-2023;12;2;2023-08-28
;11;17747-2023;19;1;2023-08-28
;11;17595-2023;12;1;2023-08-29
;11;17715-2023;12;1;2023-08-29
;11;17688-2023;12;5;2023-08-29
;11;92621-2023;19;35;2023-08-29
;11;92612-2023;12;21;2023-08-29
;11;92619-2023;17;25;2023-08-29
;11;17286-2023;19;4;2023-08-29
;11;17723-2023;12;4;2023-08-29
;11;92588-2023;4;10;2023-08-29
;11;17551-2023;12;2;2023-08-29
;11;17347-2023;4;1;2023-08-29
;11;92620-2023;4;21;2023-08-29
;11;16788-2023;17;9;2023-08-29
;11;16332-2023;19;2;2023-08-31
;11;17380-2023;4;3;2023-08-31
;11;17627-2023;12;1;2023-08-31
;11;17758-2023;4;2;2023-08-31
;11;17805-2023;12;4;2023-08-31
;11;17813-2023;17;2;2023-08-31
;11;17847-2023;17;9;2023-08-31
;11;17819-2023;17;3;2023-08-31
;11;17799-2023;12;2;2023-08-31
;11;17759-2023;19;5;2023-08-31
;11;17708-2023;12;2;2023-08-31
;11;17676-2023;19;3;2023-08-31
;11;17605-2023;4;2;2023-08-31
;11;17375-2023;12;1;2023-08-31
;11;17786-2023;12;3;2023-08-31
;11;92632-2023;12;2;2023-08-31
;11;92644-2023;17;3;2023-08-31
;11;92646-2023;4;1;2023-08-31
;11;92650-2023;17;5;2023-08-31
;11;91877-2023;4;4;2023-08-31
;11;91878-2023;4;3;2023-08-31
;11;91940-2023;4;3;2023-08-31
;11;92050-2023;12;3;2023-08-31
;11;92086-2023;12;4;2023-08-31
;11;17861-2023;19;3;2023-08-31
;11;17859-2023;17;6;2023-08-31
;11;17858-2023;4;1;2023-08-31
;11;17699-2023;19;3;2023-08-31
;11;17590-2023;4;1;2023-08-31
;11;17462-2023;12;2;2023-08-31
;11;17083-2023;4;1;2023-08-31
;11;17044-2023;12;6;2023-08-31
;11;16510-2023;19;1;2023-08-31
;11;92674-2023;4;4;2023-08-31
;11;17916-2023;12;1;2023-08-31
;11;17853-2023;17;1;2023-08-31
;11;17850-2023;12;2;2023-08-31
;11;17840-2023;12;3;2023-08-31
;11;17742-2023;17;3;2023-08-31
;11;92659-2023;17;21;2023-08-31
;11;92660-2023;19;29;2023-08-31
;11;92661-2023;12;21;2023-08-31
;11;92662-2023;4;22;2023-08-31
;11;92670-2023;12;25;2023-08-31
;11;92666-2023;17;21;2023-09-01
;11;92667-2023;3;22;2023-09-01
;11;92672-2023;4;8;2023-09-01
;11;92669-2023;12;21;2023-09-01
;11;92671-2023;17;25;2023-09-04
;11;92711-2023;22;24;2023-09-04
;11;92712-2023;3;26;2023-09-04
;11;92713-2023;14;24;2023-09-04
;11;18032-2023;22;3;2023-09-05
;11;92716-2023;22;27;2023-09-05
;11;92676-2023;14;9;2023-09-05
;11;17842-2023;3;4;2023-09-05
;11;17673-2023;3;3;2023-09-05
;11;17643-2023;3;2;2023-09-07
;11;18001-2023;4;3;2023-09-11
;11;18113-2023;4;1;2023-09-13
;11;12735-2023;4;7;2023-09-13
;11;18231-2023;19;3;2023-09-14
;11;17778-2023;3;3;2023-09-14
;11;18180-2023;15;4;2023-09-19
;11;92840-2023;14;26;2023-09-19
;11;92847-2023;12;20;2023-09-19
;11;92853-2023;15;21;2023-09-19
;11;92851-2023;15;3;2023-09-19
;11;17700-2023;15;1;2023-09-19
;11;18293-2023;14;2;2023-09-19
;11;92860-2023;15;29;2023-09-21
;11;92861-2023;12;27;2023-09-21
;11;92858-2023;14;23;2023-09-21
;11;92873-2023;12;8;2023-09-21
;11;92875-2023;15;23;2023-09-21
;11;92872-2023;14;8;2023-09-21
;11;17415-2023;15;8;2023-09-22
;11;17947-2023;12;3;2023-09-22
;11;17776-2023;12;1;2023-09-22
;11;18142-2023;14;1;2023-09-22
;11;18165-2023;15;1;2023-09-22
;11;18275-2023;14;2;2023-09-22
;11;18299-2023;14;1;2023-09-22
;11;18301-2023;14;2;2023-09-22
;11;18329-2023;12;1;2023-09-22
;11;18417-2023;15;2;2023-09-22
;11;92892-2023;15;22;2023-09-25
;11;92889-2023;19;29;2023-09-25
;11;92890-2023;4;26;2023-09-25
;11;92891-2023;12;25;2023-09-25
;11;92897-2023;20;25;2023-09-25
;11;18430-2023;12;5;2023-09-26
;11;92915-2023;4;31;2023-09-26
;11;92917-2023;20;26;2023-09-26
;11;92916-2023;19;25;2023-09-26
;11;18469-2023;4;3;2023-09-27
;11;92945-2023;12;31;2023-09-27
;11;92942-2023;3;27;2023-09-27
;11;92943-2023;20;26;2023-09-27
;11;92944-2023;19;25;2023-09-27
;11;92948-2023;4;23;2023-09-27
;11;18432-2023;12;1;2023-09-29
;11;91933-2023;4;3;2023-09-29
;11;18061-2023;4;4;2023-09-29
;11;18492-2023;4;2;2023-09-29
